iso_code,country,year,pledge_year,scenario,emissions_mt,fs_epc_year_gt,debt_gt,intensity,re_last_pct
ARE,United Arab Emirates,2024,2050,baseline,224.07592579717385,0.02205957399571494,0.20201635180145894,0.000437235973062574,2.514
ARE,United Arab Emirates,2024,2050,ndc,224.07592579717385,0.02205957399571494,0.20201635180145894,0.000437235973062574,2.514
ARE,United Arab Emirates,2024,2050,ambitious,224.07592579717385,0.02205957399571494,0.20201635180145894,0.000437235973062574,2.514
ARE,United Arab Emirates,2025,2050,baseline,224.85807371429996,0.02205957399571494,0.40481485152004393,0.0004284912536013225,2.514
ARE,United Arab Emirates,2025,2050,ndc,215.45762095882102,0.02205957399571494,0.39541439876456497,0.0004284912536013225,2.514
ARE,United Arab Emirates,2025,2050,ambitious,217.60458746824372,0.02205957399571494,0.39756136527398767,0.0004284912536013225,2.514
ARE,United Arab Emirates,2026,2050,baseline,225.63808461525903,0.02205957399571494,0.6083933621395881,0.00041992142852929605,2.514
ARE,United Arab Emirates,2026,2050,ndc,206.83931612046817,0.02205957399571494,0.5801941408893183,0.00041992142852929605,2.514
ARE,United Arab Emirates,2026,2050,ambitious,211.53570433206426,0.02205957399571494,0.587037495610337,0.00041992142852929605,2.514
ARE,United Arab Emirates,2027,2050,baseline,226.41809551621816,0.02205957399571494,0.8127518836600913,0.0004115229999587101,2.514
ARE,United Arab Emirates,2027,2050,ndc,198.2210112821153,0.02205957399571494,0.7563555781757187,0.0004115229999587101,2.514
ARE,United Arab Emirates,2027,2050,ambitious,205.83463229491426,0.02205957399571494,0.7708125539095363,0.0004115229999587101,2.514
ARE,United Arab Emirates,2028,2050,baseline,227.19810641717726,0.02205957399571494,1.0178904160815536,0.00040329253995953593,2.514
ARE,United Arab Emirates,2028,2050,ndc,189.6027064437625,0.02205957399571494,0.9238987106237663,0.00040329253995953593,2.514
ARE,United Arab Emirates,2028,2050,ambitious,200.46891743630238,0.02205957399571494,0.9492218973501237,0.00040329253995953593,2.514
ARE,United Arab Emirates,2029,2050,baseline,227.9802543343034,0.02205957399571494,1.223811096420142,0.0003952266891603452,2.514
ARE,United Arab Emirates,2029,2050,ndc,180.98440160540966,0.02205957399571494,1.082823538233461,0.0003952266891603452,2.514
ARE,United Arab Emirates,2029,2050,ambitious,195.41164658336425,0.02205957399571494,1.122573969937773,0.0003952266891603452,2.514
ARE,United Arab Emirates,2030,2050,baseline,228.7602652352625,0.02205957399571494,1.4305117876596896,0.0003873221553771383,2.514
ARE,United Arab Emirates,2030,2050,ndc,172.3660967670568,0.02205957399571494,1.2331300610048028,0.0003873221553771383,2.514
ARE,United Arab Emirates,2030,2050,ambitious,190.63355437535685,0.02205957399571494,1.2911479503174148,0.0003873221553771383,2.514
ARE,United Arab Emirates,2031,2050,baseline,229.5402761362216,0.02205957399571494,1.637992489800196,0.0003795757122695955,2.514
ARE,United Arab Emirates,2031,2050,ndc,163.74779192870398,0.02205957399571494,1.3748182789377918,0.0003795757122695955,2.514
ARE,United Arab Emirates,2031,2050,ambitious,191.28356345953253,0.02205957399571494,1.4603719397812323,0.0003795757122695955,2.514
ARE,United Arab Emirates,2032,2050,baseline,230.32028703718072,0.02205957399571494,1.8462532028416618,0.0003719841980242036,2.514
ARE,United Arab Emirates,2032,2050,ndc,155.12948709035112,0.02205957399571494,1.5078881920324283,0.0003719841980242036,2.514
ARE,United Arab Emirates,2032,2050,ambitious,191.9335725437082,0.02205957399571494,1.6302459383292256,0.0003719841980242036,2.514
ARE,United Arab Emirates,2033,2050,baseline,231.1024349543068,0.02205957399571494,2.0552960638002533,0.0003645445140637195,2.514
ARE,United Arab Emirates,2033,2050,ndc,146.5111822519983,0.02205957399571494,1.6323398002887115,0.0003645445140637195,2.514
ARE,United Arab Emirates,2033,2050,ambitious,192.58536247468984,0.02205957399571494,1.8007717268082006,0.0003645445140637195,2.514
ARE,United Arab Emirates,2034,2050,baseline,231.88244585526593,0.02205957399571494,2.2651189356598045,0.00035725362378244516,2.514
ARE,United Arab Emirates,2034,2050,ndc,137.89287741364546,0.02205957399571494,1.748173103706642,0.00035725362378244516,2.514
ARE,United Arab Emirates,2034,2050,ambitious,193.23537155886552,0.02205957399571494,1.9719475243713511,0.00035725362378244516,2.514
ARE,United Arab Emirates,2035,2050,baseline,232.66245675622503,0.02205957399571494,2.4757218184203147,0.0003501085513067962,2.514
ARE,United Arab Emirates,2035,2050,ndc,129.2745725752926,0.02205957399571494,1.85538810228622,0.0003501085513067962,2.514
ARE,United Arab Emirates,2035,2050,ambitious,193.8853806430412,0.02205957399571494,2.1437733310186777,0.0003501085513067962,2.514
ARE,United Arab Emirates,2036,2050,baseline,233.4424676571841,0.02205957399571494,2.687104712081784,0.00034310638028066024,2.514
ARE,United Arab Emirates,2036,2050,ndc,120.65626773693977,0.02205957399571494,1.9539847960274446,0.00034310638028066024,2.514
ARE,United Arab Emirates,2036,2050,ambitious,194.53538972721685,0.02205957399571494,2.3162491467501796,0.00034310638028066024,2.514
ARE,United Arab Emirates,2037,2050,baseline,234.22461557431023,0.02205957399571494,2.8992697536603793,0.00033624425267504704,2.514
ARE,United Arab Emirates,2037,2050,ndc,112.03796289858693,0.02205957399571494,2.0439631849303166,0.00033624425267504704,2.514
ARE,United Arab Emirates,2037,2050,ambitious,195.18717965819852,0.02205957399571494,2.489376752412663,0.00033624425267504704,2.514
ARE,United Arab Emirates,2038,2050,baseline,235.00462647526933,0.02205957399571494,3.1122148061399337,0.0003295193676215461,2.514
ARE,United Arab Emirates,2038,2050,ndc,103.41965806023408,0.02205957399571494,2.1253232689948356,0.0003295193676215461,2.514
ARE,United Arab Emirates,2038,2050,ambitious,195.8371887423742,0.02205957399571494,2.663154367159322,0.0003295193676215461,2.514
ARE,United Arab Emirates,2039,2050,baseline,235.78463737622846,0.02205957399571494,3.325939869520447,0.00032292898026911517,2.514
ARE,United Arab Emirates,2039,2050,ndc,94.80135322188126,0.02205957399571494,2.198065048221002,0.00032292898026911517,2.514
ARE,United Arab Emirates,2039,2050,ambitious,196.4871978265499,0.02205957399571494,2.837581990990157,0.00032292898026911517,2.514
ARE,United Arab Emirates,2040,2050,baseline,236.56464827718756,0.02205957399571494,3.5404449438019197,0.0003164704006637329,2.514
ARE,United Arab Emirates,2040,2050,ndc,86.1830483835284,0.02205957399571494,2.2621885226088154,0.0003164704006637329,2.514
ARE,United Arab Emirates,2040,2050,ambitious,197.13720691072555,0.02205957399571494,3.0126596239051677,0.0003164704006637329,2.514
ARE,United Arab Emirates,2041,2050,baseline,237.34679619431367,0.02205957399571494,3.7557321660005183,0.0003101409926504582,2.514
ARE,United Arab Emirates,2041,2050,ndc,77.56474354517556,0.02205957399571494,2.317693692158276,0.0003101409926504582,2.514
ARE,United Arab Emirates,2041,2050,ambitious,197.7889968417072,0.02205957399571494,3.18838904675116,0.0003101409926504582,2.514
ARE,United Arab Emirates,2042,2050,baseline,238.12680709527277,0.02205957399571494,3.9717993991000764,0.00030393817279744905,2.514
ARE,United Arab Emirates,2042,2050,ndc,68.94643870682273,0.02205957399571494,2.364580556869384,0.00030393817279744905,2.514
ARE,United Arab Emirates,2042,2050,ambitious,198.43900592588287,0.02205957399571494,3.364768478681328,0.00030393817279744905,2.514
ARE,United Arab Emirates,2043,2050,baseline,238.90681799623187,0.02205957399571494,4.188646643100593,0.0002978594093415001,2.514
ARE,United Arab Emirates,2043,2050,ndc,60.32813386846989,0.02205957399571494,2.402849116742139,0.0002978594093415001,2.514
ARE,United Arab Emirates,2043,2050,ambitious,199.08901501005855,0.02205957399571494,3.5417979196956715,0.0002978594093415001,2.514
ARE,United Arab Emirates,2044,2050,baseline,239.68682889719094,0.02205957399571494,4.406273898002069,0.00029190222115467,2.514
ARE,United Arab Emirates,2044,2050,ndc,51.709829030117035,0.02205957399571494,2.432499371776541,0.00029190222115467,2.514
ARE,United Arab Emirates,2044,2050,ambitious,199.7390240942342,0.02205957399571494,3.7194773697941903,0.00029190222115467,2.514
ARE,United Arab Emirates,2045,2050,baseline,240.46897681431707,0.02205957399571494,4.624683300820671,0.00028606417673157663,2.514
ARE,United Arab Emirates,2045,2050,ndc,43.0915241917642,0.02205957399571494,2.4535313219725903,0.00028606417673157663,2.514
ARE,United Arab Emirates,2045,2050,ambitious,200.39081402521586,0.02205957399571494,3.897808609823691,0.00028606417673157663,2.514
ARE,United Arab Emirates,2046,2050,baseline,241.2489877152762,0.02205957399571494,4.8438727145402325,0.0002803428931969451,2.514
ARE,United Arab Emirates,2046,2050,ndc,34.473219353411366,0.02205957399571494,2.4659449673302865,0.0002803428931969451,2.514
ARE,United Arab Emirates,2046,2050,ambitious,201.04082310939157,0.02205957399571494,4.076789858937367,0.0002803428931969451,2.514
ARE,United Arab Emirates,2047,2050,baseline,242.0289986162353,0.02205957399571494,5.063842139160753,0.00027473603533300625,2.514
ARE,United Arab Emirates,2047,2050,ndc,25.85491451505853,0.02205957399571494,2.46974030784963,0.00027473603533300625,2.514
ARE,United Arab Emirates,2047,2050,ambitious,201.69083219356725,0.02205957399571494,4.25642111713522,0.00027473603533300625,2.514
ARE,United Arab Emirates,2048,2050,baseline,242.80900951719443,0.02205957399571494,5.284591574682232,0.00026924131462634606,2.514
ARE,United Arab Emirates,2048,2050,ndc,17.23660967670567,0.02205957399571494,2.464917343530621,0.00026924131462634606,2.514
ARE,United Arab Emirates,2048,2050,ambitious,202.34084127774292,0.02205957399571494,4.436702384417248,0.00026924131462634606,2.514
ARE,United Arab Emirates,2049,2050,baseline,243.5911574343205,0.022059573995714937,5.506123158120838,0.00026385648833381916,2.514
ARE,United Arab Emirates,2049,2050,ndc,8.618304838352834,0.022059573995714937,2.451476074373259,0.00026385648833381916,2.514
ARE,United Arab Emirates,2049,2050,ambitious,202.99263120872453,0.022059573995714937,4.617635441630258,0.00026385648833381916,2.514
ARE,United Arab Emirates,2050,2050,baseline,244.3711683352796,0.02205957399571494,5.728434752460403,0.00025857935856714277,2.514
ARE,United Arab Emirates,2050,2050,ndc,0.0,0.02205957399571494,2.429416500377544,0.00025857935856714277,2.514
ARE,United Arab Emirates,2050,2050,ambitious,203.6426402929002,0.02205957399571494,4.799218507927443,0.00025857935856714277,2.514
ARG,Argentina,2024,2050,baseline,189.55575213307463,0.09582044885518926,0.09373530327788537,0.00029700854788164,14.1
ARG,Argentina,2024,2050,ndc,189.55575213307463,0.09582044885518926,0.09373530327788537,0.00029700854788164,14.1
ARG,Argentina,2024,2050,ambitious,189.55575213307463,0.09582044885518926,0.09373530327788537,0.00029700854788164,14.1
ARG,Argentina,2025,2050,baseline,189.8933483368561,0.09582044885518927,0.18780820275955223,0.00029106837692400716,14.1
ARG,Argentina,2025,2050,ndc,182.26514628180254,0.09582044885518927,0.1801800007044987,0.00029106837692400716,14.1
ARG,Argentina,2025,2050,ambitious,180.8674663065614,0.09582044885518927,0.17878232072925748,0.00029106837692400716,14.1
ARG,Argentina,2026,2050,baseline,190.23002214663816,0.09582044885518926,0.2822177760510012,0.000285247009385527,14.1
ARG,Argentina,2026,2050,ndc,174.97454043053045,0.09582044885518926,0.25933409227983995,0.000285247009385527,14.1
ARG,Argentina,2026,2050,ambitious,172.96679691349408,0.09582044885518926,0.2559286687875624,0.000285247009385527,14.1
ARG,Argentina,2027,2050,baseline,190.56669595642023,0.09582044885518926,0.3769640231522322,0.00027954206919781645,14.1
ARG,Argentina,2027,2050,ndc,167.68393457925833,0.09582044885518926,0.33119757800390903,0.00027954206919781645,14.1
ARG,Argentina,2027,2050,ambitious,165.7519864865744,0.09582044885518926,0.32586020641894753,0.00027954206919781645,14.1
ARG,Argentina,2028,2050,baseline,190.90336976620227,0.09582044885518926,0.4720469440632452,0.00027395122781386015,14.1
ARG,Argentina,2028,2050,ndc,160.39332872798622,0.09582044885518926,0.39577045787670606,0.00027395122781386015,14.1
ARG,Argentina,2028,2050,ambitious,159.13744088266543,0.09582044885518926,0.38917719844642373,0.00027395122781386015,14.1
ARG,Argentina,2029,2050,baseline,191.24096596998373,0.09582044885518926,0.5674674611780397,0.0002684722032575829,14.1
ARG,Argentina,2029,2050,ndc,153.10272287671413,0.09582044885518926,0.4530527318982309,0.0002684722032575829,14.1
ARG,Argentina,2029,2050,ambitious,153.0519780233916,0.09582044885518926,0.446408727614626,0.0002684722032575829,14.1
ARG,Argentina,2030,2050,baseline,191.5776397797658,0.09582044885518927,0.6632246521026162,0.0002631027591924313,14.1
ARG,Argentina,2030,2050,ndc,145.812117025442,0.09582044885518927,0.5030444000684837,0.0002631027591924313,14.1
ARG,Argentina,2030,2050,ambitious,147.43322106687796,0.09582044885518927,0.49802149982631483,0.0002631027591924313,14.1
ARG,Argentina,2031,2050,baseline,191.91431358954787,0.09582044885518926,0.7593185168369747,0.0002578407040085826,14.1
ARG,Argentina,2031,2050,ndc,138.52151117416994,0.09582044885518926,0.5457454623874645,0.0002578407040085826,14.1
ARG,Argentina,2031,2050,ambitious,147.69231656613397,0.09582044885518926,0.5498933675372595,0.0002578407040085826,14.1
ARG,Argentina,2032,2050,baseline,192.25098739932994,0.09582044885518927,0.8557490553811153,0.000252683889928411,14.1
ARG,Argentina,2032,2050,ndc,131.23090532289783,0.09582044885518927,0.5811559188551731,0.000252683889928411,14.1
ARG,Argentina,2032,2050,ambitious,147.95141206538997,0.09582044885518927,0.6020243307474602,0.000252683889928411,14.1
ARG,Argentina,2033,2050,baseline,192.58858360311143,0.09582044885518927,0.9525171901290375,0.00024763021212984276,14.1
ARG,Argentina,2033,2050,ndc,123.94029947162572,0.09582044885518927,0.6092757694716096,0.00024763021212984276,14.1
ARG,Argentina,2033,2050,ambitious,148.21121741532892,0.09582044885518927,0.6544150993075999,0.00024763021212984276,14.1
ARG,Argentina,2034,2050,baseline,192.9252574128935,0.09582044885518927,1.0496219986867419,0.00024267760788724592,14.1
ARG,Argentina,2034,2050,ndc,116.64969362035363,0.09582044885518927,0.6301050142367739,0.00024267760788724592,14.1
ARG,Argentina,2034,2050,ambitious,148.47031291458492,0.09582044885518927,0.7070649633669956,0.00024267760788724592,14.1
ARG,Argentina,2035,2050,baseline,193.26193122267554,0.09582044885518927,1.1470634810542282,0.00023782405572950096,14.1
ARG,Argentina,2035,2050,ndc,109.35908776908151,0.09582044885518927,0.6436436531506662,0.00023782405572950096,14.1
ARG,Argentina,2035,2050,ambitious,148.72940841384093,0.09582044885518927,0.7599739229256472,0.00023782405572950096,14.1
ARG,Argentina,2036,2050,baseline,193.5986050324576,0.09582044885518927,1.2448416372314965,0.00023306757461491093,14.1
ARG,Argentina,2036,2050,ndc,102.06848191780941,0.09582044885518927,0.6498916862132864,0.00023306757461491093,14.1
ARG,Argentina,2036,2050,ambitious,148.98850391309693,0.09582044885518927,0.8131419779835549,0.00023306757461491093,14.1
ARG,Argentina,2037,2050,baseline,193.93620123623907,0.09582044885518927,1.3429573896125464,0.0002284062231226127,14.1
ARG,Argentina,2037,2050,ndc,94.77787606653732,0.09582044885518927,0.6488491134246344,0.0002284062231226127,14.1
ARG,Argentina,2037,2050,ambitious,149.24830926303585,0.09582044885518927,0.8665698383914013,0.0002284062231226127,14.1
ARG,Argentina,2038,2050,baseline,194.27287504602114,0.09582044885518926,1.4414098158033783,0.0002238380986601605,14.1
ARG,Argentina,2038,2050,ndc,87.48727021526523,0.09582044885518926,0.6405159347847103,0.0002238380986601605,14.1
ARG,Argentina,2038,2050,ambitious,149.50740476229186,0.09582044885518926,0.920256794298504,0.0002238380986601605,14.1
ARG,Argentina,2039,2050,baseline,194.6095488558032,0.09582044885518926,1.5401989158039924,0.00021936133668695723,14.1
ARG,Argentina,2039,2050,ndc,80.19666436399312,0.09582044885518926,0.6248921502935141,0.00021936133668695723,14.1
ARG,Argentina,2039,2050,ambitious,149.76650026154786,0.09582044885518926,0.9742028457048626,0.00021936133668695723,14.1
ARG,Argentina,2040,2050,baseline,194.94622266558528,0.09582044885518926,1.6393246896143885,0.0002149741099532181,14.1
ARG,Argentina,2040,2050,ndc,72.906058512721,0.09582044885518926,0.6019777599510459,0.0002149741099532181,14.1
ARG,Argentina,2040,2050,ambitious,150.0255957608039,0.09582044885518926,1.0284079926104774,0.0002149741099532181,14.1
ARG,Argentina,2041,2050,baseline,195.28381886936674,0.09582044885518926,1.738788059628566,0.00021067462775415372,14.1
ARG,Argentina,2041,2050,ndc,65.61545266144891,0.09582044885518926,0.5717727637573056,0.00021067462775415372,14.1
ARG,Argentina,2041,2050,ambitious,150.28540111074278,0.09582044885518926,1.0828729448660308,0.00021067462775415372,14.1
ARG,Argentina,2042,2050,baseline,195.6204926791488,0.09582044885518927,1.8385881034525258,0.00020646113519907065,14.1
ARG,Argentina,2042,2050,ndc,58.324846810176815,0.09582044885518927,0.5342771617122932,0.00020646113519907065,14.1
ARG,Argentina,2042,2050,ambitious,150.54449660999882,0.09582044885518927,1.1375969926208405,0.00020646113519907065,14.1
ARG,Argentina,2043,2050,baseline,195.95716648893088,0.09582044885518926,1.9387248210862675,0.00020233191249508924,14.1
ARG,Argentina,2043,2050,ndc,51.03424095890472,0.09582044885518926,0.4894909538160088,0.00020233191249508924,14.1
ARG,Argentina,2043,2050,ambitious,150.80359210925482,0.09582044885518926,1.192580135874906,0.00020233191249508924,14.1
ARG,Argentina,2044,2050,baseline,196.29384029871295,0.09582044885518926,2.039198212529791,0.00019828527424518743,14.1
ARG,Argentina,2044,2050,ndc,43.7436351076326,0.09582044885518926,0.43741414006845236,0.00019828527424518743,14.1
ARG,Argentina,2044,2050,ambitious,151.06268760851086,0.09582044885518926,1.2478223746282278,0.00019828527424518743,14.1
ARG,Argentina,2045,2050,baseline,196.6314365024944,0.09582044885518926,2.1400092001770963,0.0001943195687602837,14.1
ARG,Argentina,2045,2050,ndc,36.4530292563605,0.09582044885518926,0.3780467204696234,0.0001943195687602837,14.1
ARG,Argentina,2045,2050,ambitious,151.32249295844974,0.09582044885518926,1.303324418731488,0.0001943195687602837,14.1
ARG,Argentina,2046,2050,baseline,196.96811031227648,0.09582044885518926,2.2411568616341837,0.00019043317738507803,14.1
ARG,Argentina,2046,2050,ndc,29.162423405088408,0.09582044885518926,0.3113886950195224,0.00019043317738507803,14.1
ARG,Argentina,2046,2050,ambitious,151.58158845770578,0.09582044885518926,1.3590855583340047,0.00019043317738507803,14.1
ARG,Argentina,2047,2050,baseline,197.30478412205855,0.09582044885518927,2.342641196901053,0.00018662451383737646,14.1
ARG,Argentina,2047,2050,ndc,21.87181755381631,0.09582044885518927,0.2374400637181493,0.00018662451383737646,14.1
ARG,Argentina,2047,2050,ambitious,151.84068395696178,0.09582044885518927,1.4151057934357771,0.00018662451383737646,14.1
ARG,Argentina,2048,2050,baseline,197.6414579318406,0.09582044885518926,2.444462205977705,0.00018289202356062894,14.1
ARG,Argentina,2048,2050,ndc,14.581211702544193,0.09582044885518926,0.15620082656550416,0.00018289202356062894,14.1
ARG,Argentina,2048,2050,ambitious,152.0997794562178,0.09582044885518926,1.4713851240368059,0.00018289202356062894,14.1
ARG,Argentina,2049,2050,baseline,197.97905413562205,0.09582044885518926,2.546620811258138,0.00017923418308941636,14.1
ARG,Argentina,2049,2050,ndc,7.290605851272097,0.09582044885518926,0.06767098356158696,0.00017923418308941636,14.1
ARG,Argentina,2049,2050,ambitious,152.35958480615668,0.09582044885518926,1.5279242599877731,0.00017923418308941636,14.1
ARG,Argentina,2050,2050,baseline,198.31572794540412,0.09582044885518926,2.649116090348353,0.000175649499427628,14.1
ARG,Argentina,2050,2050,ndc,0.0,0.09582044885518926,-0.028149465293602294,0.000175649499427628,14.1
ARG,Argentina,2050,2050,ambitious,152.61868030541268,0.09582044885518926,1.5847224914379963,0.000175649499427628,14.1
AUS,Australia,2024,2020,baseline,379.11473338896366,0.05608192205469104,0.32303281133427264,0.00021718756454075798,14.323
AUS,Australia,2024,2020,ndc,379.11473338896366,0.05608192205469104,0.32303281133427264,0.00021718756454075798,14.323
AUS,Australia,2024,2020,ambitious,379.11473338896366,0.05608192205469104,0.32303281133427264,0.00021718756454075798,14.323
AUS,Australia,2025,2020,baseline,374.2502503470835,0.05608192205469104,0.6412011396266651,0.0002128438132499428,14.323
AUS,Australia,2025,2020,ndc,0.0,0.05608192205469104,0.2669508892795816,0.0002128438132499428,14.323
AUS,Australia,2025,2020,ambitious,353.9216224373753,0.05608192205469104,0.6208725117169569,0.0002128438132499428,14.323
AUS,Australia,2026,2020,baseline,369.3990582424763,0.05608192205469104,0.9545182758144503,0.00020858693698494395,14.323
AUS,Australia,2026,2020,ndc,0.0,0.05608192205469104,0.21086896722489054,0.00020858693698494395,14.323
AUS,Australia,2026,2020,ambitious,331.33632139055175,0.05608192205469104,0.8961269110528175,0.00020858693698494395,14.323
AUS,Australia,2027,2020,baseline,364.5478661378691,0.05608192205469104,1.2629842198976284,0.00020441519824524506,14.323
AUS,Australia,2027,2020,ndc,0.0,0.05608192205469104,0.1547870451701995,0.00020441519824524506,14.323
AUS,Australia,2027,2020,ambitious,310.96417953890244,0.05608192205469104,1.151009168537029,0.00020441519824524506,14.323
AUS,Australia,2028,2020,baseline,359.6966740332619,0.05608192205469104,1.5665989718761992,0.00020032689428034018,14.323
AUS,Australia,2028,2020,ndc,0.0,0.05608192205469104,0.09870512311550844,0.00020032689428034018,14.323
AUS,Australia,2028,2020,ambitious,292.4950859821976,0.05608192205469104,1.3874223324645356,0.00020032689428034018,14.323
AUS,Australia,2029,2020,baseline,354.83219099138176,0.05608192205469104,1.86534924081289,0.00019632035639473338,14.323
AUS,Australia,2029,2020,ndc,0.0,0.05608192205469104,0.042623201060817406,0.00019632035639473338,14.323
AUS,Australia,2029,2020,ambitious,275.66395649486344,0.05608192205469104,1.607004366904708,0.00019632035639473338,14.323
AUS,Australia,2030,2020,baseline,349.9809988867746,0.05608192205469104,2.1592483176449737,0.0001923939492668387,14.323
AUS,Australia,2030,2020,ndc,0.0,0.05608192205469104,-0.01345872099387363,0.0001923939492668387,14.323
AUS,Australia,2030,2020,ambitious,260.28065440334746,0.05608192205469104,1.8112030992533645,0.0001923939492668387,14.323
AUS,Australia,2031,2020,baseline,345.1298067821674,0.05608192205469104,2.44829620237245,0.0001885460702815019,14.323
AUS,Australia,2031,2020,ndc,0.0,0.05608192205469104,-0.06954064304856467,0.0001885460702815019,14.323
AUS,Australia,2031,2020,ambitious,256.672825807967,0.05608192205469104,2.0117940030066404,0.0001885460702815019,14.323
AUS,Australia,2032,2020,baseline,340.2786146775602,0.05608192205469104,2.732492894995319,0.0001847751488758719,14.323
AUS,Australia,2032,2020,ndc,0.0,0.05608192205469104,-0.1256225651032557,0.0001847751488758719,14.323
AUS,Australia,2032,2020,ambitious,253.06499721258658,0.05608192205469104,2.2087770781645357,0.0001847751488758719,14.323
AUS,Australia,2033,2020,baseline,335.41413163568006,0.05608192205469104,3.011825104576308,0.00018107964589835442,14.323
AUS,Australia,2033,2020,ndc,0.0,0.05608192205469104,-0.1817044871579468,0.00018107964589835442,14.323
AUS,Australia,2033,2020,ambitious,249.44728415530093,0.05608192205469104,2.4021424402651457,0.00018107964589835442,14.323
AUS,Australia,2034,2020,baseline,330.56293953107286,0.05608192205469104,3.28630612205269,0.00017745805298038735,14.323
AUS,Australia,2034,2020,ndc,0.0,0.05608192205469104,-0.23778640921263788,0.00017745805298038735,14.323
AUS,Australia,2034,2020,ambitious,245.8394555599205,0.05608192205469104,2.591899973770375,0.00017745805298038735,14.323
AUS,Australia,2035,2020,baseline,325.7117474264657,0.05608192205469104,3.5559359474244645,0.0001739088919207796,14.323
AUS,Australia,2035,2020,ndc,0.0,0.05608192205469104,-0.293868331267329,0.0001739088919207796,14.323
AUS,Australia,2035,2020,ambitious,242.2316269645401,0.05608192205469104,2.7780496786802242,0.0001739088919207796,14.323
AUS,Australia,2036,2020,baseline,320.8605553218585,0.05608192205469104,3.820714580691632,0.000170430714082364,14.323
AUS,Australia,2036,2020,ndc,0.0,0.05608192205469104,-0.34995025332202007,0.000170430714082364,14.323
AUS,Australia,2036,2020,ambitious,238.62379836915966,0.05608192205469104,2.960591554994693,0.000170430714082364,14.323
AUS,Australia,2037,2020,baseline,315.99607227997836,0.05608192205469104,4.080628730916919,0.0001670220998007167,14.323
AUS,Australia,2037,2020,ndc,0.0,0.05608192205469104,-0.40603217537671116,0.0001670220998007167,14.323
AUS,Australia,2037,2020,ambitious,235.00608531187405,0.05608192205469104,3.1395157182518756,0.0001670220998007167,14.323
AUS,Australia,2038,2020,baseline,311.14488017537116,0.05608192205469104,4.335691689037599,0.00016368165780470239,14.323
AUS,Australia,2038,2020,ndc,0.0,0.05608192205469104,-0.46211409743140225,0.00016368165780470239,14.323
AUS,Australia,2038,2020,ambitious,231.3982567164936,0.05608192205469104,3.3148320529136783,0.00016368165780470239,14.323
AUS,Australia,2039,2020,baseline,306.293688070764,0.05608192205469104,4.585903455053673,0.0001604080246486083,14.323
AUS,Australia,2039,2020,ndc,0.0,0.05608192205469104,-0.5181960194860933,0.0001604080246486083,14.323
AUS,Australia,2039,2020,ambitious,227.7904281211132,0.05608192205469104,3.4865405589801006,0.0001604080246486083,14.323
AUS,Australia,2040,2020,baseline,301.4424959661568,0.05608192205469104,4.831264028965139,0.00015719986415563617,14.323
AUS,Australia,2040,2020,ndc,0.0,0.05608192205469104,-0.5742779415407844,0.00015719986415563617,14.323
AUS,Australia,2040,2020,ambitious,224.18259952573277,0.05608192205469104,3.6546412364511425,0.00015719986415563617,14.323
AUS,Australia,2041,2020,baseline,296.57801292427666,0.05608192205469104,5.071760119834725,0.00015405586687252342,14.323
AUS,Australia,2041,2020,ndc,0.0,0.05608192205469104,-0.6303598635954755,0.00015405586687252342,14.323
AUS,Australia,2041,2020,ambitious,220.56488646844713,0.05608192205469104,3.819124200864899,0.00015405586687252342,14.323
AUS,Australia,2042,2020,baseline,291.72682081966946,0.05608192205469104,5.307405018599702,0.00015097474953507296,14.323
AUS,Australia,2042,2020,ndc,0.0,0.05608192205469104,-0.6864417856501666,0.00015097474953507296,14.323
AUS,Australia,2042,2020,ambitious,216.9570578730667,0.05608192205469104,3.979999336683275,0.00015097474953507296,14.323
AUS,Australia,2043,2020,baseline,286.8756287150623,0.05608192205469104,5.538198725260074,0.0001479552545443715,14.323
AUS,Australia,2043,2020,ndc,0.0,0.05608192205469104,-0.7425237077048576,0.0001479552545443715,14.323
AUS,Australia,2043,2020,ambitious,213.3492292776863,0.05608192205469104,4.137266643906271,0.0001479552545443715,14.323
AUS,Australia,2044,2020,baseline,282.0244366104551,0.05608192205469104,5.764141239815839,0.00014499614945348406,14.323
AUS,Australia,2044,2020,ndc,0.0,0.05608192205469104,-0.7986056297595487,0.00014499614945348406,14.323
AUS,Australia,2044,2020,ambitious,209.74140068230585,0.05608192205469104,4.290926122533886,0.00014499614945348406,14.323
AUS,Australia,2045,2020,baseline,277.15995356857496,0.05608192205469104,5.985219271329722,0.00014209622646441436,14.323
AUS,Australia,2045,2020,ndc,0.0,0.05608192205469104,-0.8546875518142398,0.00014209622646441436,14.323
AUS,Australia,2045,2020,ambitious,206.12368762502024,0.05608192205469104,4.440967888104215,0.00014209622646441436,14.323
AUS,Australia,2046,2020,baseline,272.30876146396776,0.05608192205469104,6.201446110738999,0.0001392543019351261,14.323
AUS,Australia,2046,2020,ndc,0.0,0.05608192205469104,-0.9107694738689309,0.0001392543019351261,14.323
AUS,Australia,2046,2020,ambitious,202.51585902963978,0.05608192205469104,4.587401825079162,0.0001392543019351261,14.323
AUS,Australia,2047,2020,baseline,267.4575693593606,0.05608192205469104,6.41282175804367,0.00013646921589642358,14.323
AUS,Australia,2047,2020,ndc,0.0,0.05608192205469104,-0.966851395923622,0.00013646921589642358,14.323
AUS,Australia,2047,2020,ambitious,198.9080304342594,0.05608192205469104,4.73022793345873,0.00013646921589642358,14.323
AUS,Australia,2048,2020,baseline,262.60637725475334,0.05608192205469104,6.61934621324373,0.0001337398315784951,14.323
AUS,Australia,2048,2020,ndc,0.0,0.05608192205469104,-1.022933317978313,0.0001337398315784951,14.323
AUS,Australia,2048,2020,ambitious,195.3002018388789,0.05608192205469104,4.869446213242918,0.0001337398315784951,14.323
AUS,Australia,2049,2020,baseline,257.7418942128732,0.05608192205469103,6.821006185401913,0.0001310650349469252,14.323
AUS,Australia,2049,2020,ndc,0.0,0.05608192205469103,-1.0790152400330042,0.0001310650349469252,14.323
AUS,Australia,2049,2020,ambitious,191.6824887815933,0.05608192205469103,5.00504677996982,0.0001310650349469252,14.323
AUS,Australia,2050,2020,baseline,252.89070210826608,0.05608192205469103,7.0178149654554876,0.0001284437342479867,14.323
AUS,Australia,2050,2020,ndc,0.0,0.05608192205469103,-1.1350971620876953,0.0001284437342479867,14.323
AUS,Australia,2050,2020,ambitious,188.07466018621292,0.05608192205469103,5.137039518101341,0.0001284437342479867,14.323
AUT,Austria,2024,2050,baseline,60.03977406431489,0.01921475982123992,0.04082501424307497,0.000112190932175868,40.022
AUT,Austria,2024,2050,ndc,60.03977406431489,0.01921475982123992,0.04082501424307497,0.000112190932175868,40.022
AUT,Austria,2024,2050,ambitious,60.03977406431489,0.01921475982123992,0.04082501424307497,0.000112190932175868,40.022
AUT,Austria,2025,2050,baseline,59.033814626755515,0.019214759821239925,0.08064406904859056,0.00010994711353235063,40.022
AUT,Austria,2025,2050,ndc,57.730551984918165,0.019214759821239925,0.07934080640675321,0.00010994711353235063,40.022
AUT,Austria,2025,2050,ambitious,54.87611051888267,0.019214759821239925,0.07648636494071773,0.00010994711353235063,40.022
AUT,Austria,2026,2050,baseline,58.030603712249565,0.019214759821239925,0.11945991293960022,0.00010774817126170362,40.022
AUT,Austria,2026,2050,ndc,55.42132990552144,0.019214759821239925,0.11554737649103473,0.00010774817126170362,40.022
AUT,Austria,2026,2050,ambitious,50.39432326613503,0.019214759821239925,0.10766592838561283,0.00010774817126170362,40.022
AUT,Austria,2027,2050,baseline,57.027392797743616,0.01921475982123992,0.1572725459161039,0.00010559320783646954,40.022
AUT,Austria,2027,2050,ndc,53.112107826124706,0.01921475982123992,0.14944472449591953,0.00010559320783646954,40.022
AUT,Austria,2027,2050,ambitious,46.46588895451746,0.01921475982123992,0.13491705751889038,0.00010559320783646954,40.022
AUT,Austria,2028,2050,baseline,56.02418188323768,0.01921475982123992,0.19408196797810162,0.00010348134367974015,40.022
AUT,Austria,2028,2050,ndc,50.80288574672798,0.01921475982123992,0.1810328504214076,0.00010348134367974015,40.022
AUT,Austria,2028,2050,ambitious,42.99428499966397,0.01921475982123992,0.1586965826973144,0.00010348134367974015,40.022
AUT,Austria,2029,2050,baseline,55.01822244567829,0.01921475982123992,0.22988543060254,0.00010141171680614535,40.022
AUT,Austria,2029,2050,ndc,48.49366366733126,0.01921475982123992,0.21031175426749896,0.00010141171680614535,40.022
AUT,Austria,2029,2050,ambitious,39.90221075891234,0.01921475982123992,0.17938403363498687,0.00010141171680614535,40.022
AUT,Austria,2030,2050,baseline,54.01501153117234,0.01921475982123992,0.2646856823124724,9.938348247002244e-05,40.022
AUT,Austria,2030,2050,ndc,46.18444158793453,0.01921475982123992,0.23728143603419355,9.938348247002244e-05,40.022
AUT,Austria,2030,2050,ambitious,37.134139665228034,0.01921475982123992,0.197303413478975,9.938348247002244e-05,40.022
AUT,Austria,2031,2050,baseline,53.011800616666406,0.019214759821239925,0.2984827231078989,9.739581282062199e-05,40.022
AUT,Austria,2031,2050,ndc,43.87521950853781,0.019214759821239925,0.2619418957214914,9.739581282062199e-05,40.022
AUT,Austria,2031,2050,ambitious,36.44445409158995,0.019214759821239925,0.214533107749325,9.739581282062199e-05,40.022
AUT,Austria,2032,2050,baseline,52.008589702160464,0.01921475982123992,0.3312765529888195,9.544789656420955e-05,40.022
AUT,Austria,2032,2050,ndc,41.56599742914108,0.01921475982123992,0.28429313332939254,9.544789656420955e-05,40.022
AUT,Austria,2032,2050,ambitious,35.75476851795186,0.01921475982123992,0.2310731164460369,9.544789656420955e-05,40.022
AUT,Austria,2033,2050,baseline,51.00263026460107,0.01921475982123992,0.3630644234321806,9.353893863292534e-05,40.022
AUT,Austria,2033,2050,ndc,39.25677534974435,0.01921475982123992,0.304335148857897,9.353893863292534e-05,40.022
AUT,Austria,2033,2050,ambitious,35.06319339479694,0.01921475982123992,0.24692155001959393,9.353893863292534e-05,40.022
AUT,Austria,2034,2050,baseline,49.99941935009513,0.019214759821239925,0.39384908296103577,9.166815986026685e-05,40.022
AUT,Austria,2034,2050,ndc,36.947553270347626,0.019214759821239925,0.3220679423070047,9.166815986026685e-05,40.022
AUT,Austria,2034,2050,ambitious,34.373507821158846,0.019214759821239925,0.2620802980195128,9.166815986026685e-05,40.022
AUT,Austria,2035,2050,baseline,48.99620843558919,0.019214759821239925,0.423630531575385,8.98347966630615e-05,40.022
AUT,Austria,2035,2050,ndc,34.63833119095089,0.019214759821239925,0.3374915136767157,8.98347966630615e-05,40.022
AUT,Austria,2035,2050,ambitious,33.68382224752076,0.019214759821239925,0.2765493604457937,8.98347966630615e-05,40.022
AUT,Austria,2036,2050,baseline,47.99299752108325,0.019214759821239925,0.4524087692752283,8.803810072980027e-05,40.022
AUT,Austria,2036,2050,ndc,32.32910911155417,0.019214759821239925,0.35060586296702995,8.803810072980027e-05,40.022
AUT,Austria,2036,2050,ambitious,32.994136673882664,0.019214759821239925,0.2903287372984364,8.803810072980027e-05,40.022
AUT,Austria,2037,2050,baseline,46.98703808352386,0.019214759821239925,0.48018104753751223,8.627733871520425e-05,40.022
AUT,Austria,2037,2050,ndc,30.019887032157445,0.019214759821239925,0.3614109901779474,8.627733871520425e-05,40.022
AUT,Austria,2037,2050,ambitious,32.30256155072775,0.019214759821239925,0.3034165390279242,8.627733871520425e-05,40.022
AUT,Austria,2038,2050,baseline,45.98382716901791,0.01921475982123992,0.5069501148852902,8.455179194090018e-05,40.022
AUT,Austria,2038,2050,ndc,27.71066495276072,0.01921475982123992,0.36990689530946824,8.455179194090018e-05,40.022
AUT,Austria,2038,2050,ambitious,31.61287597708965,0.01921475982123992,0.3158146551837739,8.455179194090018e-05,40.022
AUT,Austria,2039,2050,baseline,44.98061625451197,0.019214759821239918,0.5327159713185623,8.286075610208217e-05,40.022
AUT,Austria,2039,2050,ndc,25.401442873363994,0.019214759821239918,0.3760935783615923,8.286075610208217e-05,40.022
AUT,Austria,2039,2050,ambitious,30.923190403451564,0.019214759821239918,0.32752308576598554,8.286075610208217e-05,40.022
AUT,Austria,2040,2050,baseline,43.97740534000603,0.01921475982123992,0.5574786168373285,8.120354098004052e-05,40.022
AUT,Austria,2040,2050,ndc,23.092220793967265,0.01921475982123992,0.3799710393343196,8.120354098004052e-05,40.022
AUT,Austria,2040,2050,ambitious,30.23350482981347,0.01921475982123992,0.33854183077455907,8.120354098004052e-05,40.022
AUT,Austria,2041,2050,baseline,42.97144590244664,0.019214759821239918,0.5812353029185351,7.95794701604397e-05,40.022
AUT,Austria,2041,2050,ndc,20.78299871457054,0.019214759821239918,0.3815392782276502,7.95794701604397e-05,40.022
AUT,Austria,2041,2050,ambitious,29.541929706658554,0.019214759821239918,0.3488690006599777,7.95794701604397e-05,40.022
AUT,Austria,2042,2050,baseline,41.968234987940704,0.01921475982123992,0.6039887780852358,7.798788075723091e-05,40.022
AUT,Austria,2042,2050,ndc,18.473776635173813,0.01921475982123992,0.3807982950415841,7.798788075723091e-05,40.022
AUT,Austria,2042,2050,ambitious,28.852244133020466,0.01921475982123992,0.35850648497175824,7.798788075723091e-05,40.022
AUT,Austria,2043,2050,baseline,40.965024073434755,0.01921475982123992,0.6257390423374306,7.64281231420863e-05,40.022
AUT,Austria,2043,2050,ndc,16.164554555777087,0.01921475982123992,0.3777480897761213,7.64281231420863e-05,40.022
AUT,Austria,2043,2050,ambitious,28.16255855938237,0.01921475982123992,0.36745428370990063,7.64281231420863e-05,40.022
AUT,Austria,2044,2050,baseline,39.96181315892881,0.01921475982123992,0.6464860956751195,7.489956067924457e-05,40.022
AUT,Austria,2044,2050,ndc,13.855332476380356,0.01921475982123992,0.37238866243126173,7.489956067924457e-05,40.022
AUT,Austria,2044,2050,ambitious,27.472872985744274,0.01921475982123992,0.375712396874405,7.489956067924457e-05,40.022
AUT,Austria,2045,2050,baseline,38.95585372136943,0.019214759821239925,0.666227189575249,7.340156946565967e-05,40.022
AUT,Austria,2045,2050,ndc,11.546110396983632,0.019214759821239925,0.3647200130070054,7.340156946565967e-05,40.022
AUT,Austria,2045,2050,ambitious,26.781297862589366,0.019214759821239925,0.3832789349157544,7.340156946565967e-05,40.022
AUT,Austria,2046,2050,baseline,37.95264280686349,0.019214759821239925,0.6849650725608725,7.193353807634649e-05,40.022
AUT,Austria,2046,2050,ndc,9.236888317586907,0.019214759821239925,0.3547421415033524,7.193353807634649e-05,40.022
AUT,Austria,2046,2050,ambitious,26.09161228895127,0.019214759821239925,0.39015578738346574,7.193353807634649e-05,40.022
AUT,Austria,2047,2050,baseline,36.94943189235754,0.019214759821239925,0.7026997446319901,7.049486731481957e-05,40.022
AUT,Austria,2047,2050,ndc,6.927666238190182,0.019214759821239925,0.3424550479203027,7.049486731481957e-05,40.022
AUT,Austria,2047,2050,ambitious,25.401926715313174,0.019214759821239925,0.39634295427753896,7.049486731481957e-05,40.022
AUT,Austria,2048,2050,baseline,35.946220977851596,0.019214759821239925,0.7194312057886019,6.908496996852316e-05,40.022
AUT,Austria,2048,2050,ndc,4.61844415879345,0.019214759821239925,0.32785873225785617,6.908496996852316e-05,40.022
AUT,Austria,2048,2050,ambitious,24.712241141675083,0.019214759821239925,0.40184043559797405,6.908496996852316e-05,40.022
AUT,Austria,2049,2050,baseline,34.940261540292205,0.019214759821239918,0.7351567075076542,6.770327056915271e-05,40.022
AUT,Austria,2049,2050,ndc,2.309222079396725,0.019214759821239918,0.310953194516013,6.770327056915271e-05,40.022
AUT,Austria,2049,2050,ambitious,24.020666018520167,0.019214759821239918,0.4066463417952543,6.770327056915271e-05,40.022
AUT,Austria,2050,2050,baseline,33.93705062578627,0.019214759821239925,0.7498789983122006,6.634920515776964e-05,40.022
AUT,Austria,2050,2050,ndc,0.0,0.019214759821239925,0.2917384346947731,6.634920515776964e-05,40.022
AUT,Austria,2050,2050,ambitious,23.33098044488208,0.019214759821239925,0.4107625624188965,6.634920515776964e-05,40.022
AZE,Azerbaijan,2024,2050,baseline,42.14876093899439,0.021365634098938605,0.02078312684005579,0.000594493569314554,2.294
AZE,Azerbaijan,2024,2050,ndc,42.14876093899439,0.021365634098938605,0.02078312684005579,0.000594493569314554,2.294
AZE,Azerbaijan,2024,2050,ambitious,42.14876093899439,0.021365634098938605,0.02078312684005579,0.000594493569314554,2.294
AZE,Azerbaijan,2025,2050,baseline,43.0949276729918,0.021365634098938605,0.042512420414108985,0.0005826036979282629,2.294
AZE,Azerbaijan,2025,2050,ndc,40.52765474903307,0.021365634098938605,0.03994514749015026,0.0005826036979282629,2.294
AZE,Azerbaijan,2025,2050,ambitious,41.70476871638497,0.021365634098938605,0.04112226145750216,0.0005826036979282629,2.294
AZE,Azerbaijan,2026,2050,baseline,44.0385092519783,0.021365634098938605,0.06518529556714868,0.0005709516239696976,2.294
AZE,Azerbaijan,2026,2050,ndc,38.90654855907175,0.021365634098938605,0.0574860619502834,0.0005709516239696976,2.294
AZE,Azerbaijan,2026,2050,ambitious,41.2861024248545,0.021365634098938605,0.06104272978341806,0.0005709516239696976,2.294
AZE,Azerbaijan,2027,2050,baseline,44.98209083096479,0.021365634098938602,0.08880175229917488,0.0005595325914903036,2.294
AZE,Azerbaijan,2027,2050,ndc,37.28544236911042,0.021365634098938602,0.07340587022045521,0.0005595325914903036,2.294
AZE,Azerbaijan,2027,2050,ambitious,40.89280984795217,0.021365634098938602,0.08056990553243164,0.0005595325914903036,2.294
AZE,Azerbaijan,2028,2050,baseline,45.92567240995128,0.021365634098938602,0.11336179061018757,0.0005483419396604977,2.294
AZE,Azerbaijan,2028,2050,ndc,35.6643361791491,0.021365634098938602,0.08770457230066571,0.0005483419396604977,2.294
AZE,Azerbaijan,2028,2050,ambitious,40.5226521285058,0.021365634098938602,0.09972692356199885,0.0005483419396604977,2.294
AZE,Azerbaijan,2029,2050,baseline,46.87183914394869,0.0213656340989386,0.1388679956551977,0.0005373751008672877,2.294
AZE,Azerbaijan,2029,2050,ndc,34.04322998918778,0.0213656340989386,0.10038216819091489,0.0005373751008672877,2.294
AZE,Azerbaijan,2029,2050,ambitious,40.17586212588652,0.0213656340989386,0.11853715158894679,0.0005373751008672877,2.294
AZE,Azerbaijan,2030,2050,baseline,47.81542072293519,0.021365634098938602,0.1653177822791943,0.000526627598849942,2.294
AZE,Azerbaijan,2030,2050,ndc,32.422123799226455,0.021365634098938602,0.11143865789120272,0.000526627598849942,2.294
AZE,Azerbaijan,2030,2050,ambitious,39.84618393867428,0.021365634098938602,0.13701770142868247,0.000526627598849942,2.294
AZE,Azerbaijan,2031,2050,baseline,48.759002301921676,0.0213656340989386,0.19271115048217735,0.0005160950468729431,2.294
AZE,Azerbaijan,2031,2050,ndc,30.801017609265138,0.0213656340989386,0.12087404140152924,0.0005160950468729431,2.294
AZE,Azerbaijan,2031,2050,ambitious,40.63250192122015,0.0213656340989386,0.156284569250964,0.0005160950468729431,2.294
AZE,Azerbaijan,2032,2050,baseline,49.70258388090817,0.021365634098938605,0.22104810026414695,0.0005057731459354842,2.294
AZE,Azerbaijan,2032,2050,ndc,29.17991141930381,0.021365634098938605,0.12868831872189446,0.0005057731459354842,2.294
AZE,Azerbaijan,2032,2050,ambitious,41.41881990376602,0.021365634098938605,0.1763377550557914,0.0005057731459354842,2.294
AZE,Azerbaijan,2033,2050,baseline,50.64875061490559,0.021365634098938602,0.25033121678011394,0.0004956576830167745,2.294
AZE,Azerbaijan,2033,2050,ndc,27.55880522934249,0.021365634098938602,0.13488148985229836,0.0004956576830167745,2.294
AZE,Azerbaijan,2033,2050,ambitious,42.20729218215449,0.021365634098938602,0.19717941313900733,0.0004956576830167745,2.294
AZE,Azerbaijan,2034,2050,baseline,51.59233219389208,0.021365634098938602,0.28055791487506737,0.00048574452935643903,2.294
AZE,Azerbaijan,2034,2050,ndc,25.937699039381165,0.021365634098938602,0.1394535547927409,0.00048574452935643903,2.294
AZE,Azerbaijan,2034,2050,ambitious,42.99361016470036,0.021365634098938602,0.2188073892047691,0.00048574452935643903,2.294
AZE,Azerbaijan,2035,2050,baseline,52.53591377287857,0.021365634098938602,0.31172819454900735,0.00047602963876931017,2.294
AZE,Azerbaijan,2035,2050,ndc,24.31659284941984,0.021365634098938602,0.14240451354322214,0.00047602963876931017,2.294
AZE,Azerbaijan,2035,2050,ambitious,43.77992814724623,0.021365634098938602,0.24122168325307675,0.00047602963876931017,2.294
AZE,Azerbaijan,2036,2050,baseline,53.47949535186506,0.021365634098938605,0.3438420558019338,0.00046650904599392394,2.294
AZE,Azerbaijan,2036,2050,ndc,22.695486659458517,0.021365634098938605,0.14373436610374207,0.00046650904599392394,2.294
AZE,Azerbaijan,2036,2050,ambitious,44.5662461297921,0.021365634098938605,0.2644222952839303,0.00046650904599392394,2.294
AZE,Azerbaijan,2037,2050,baseline,54.42566208586247,0.021365634098938605,0.3769020837888576,0.00045717886507404547,2.294
AZE,Azerbaijan,2037,2050,ndc,21.074380469497196,0.021365634098938605,0.1434431124743007,0.00045717886507404547,2.294
AZE,Azerbaijan,2037,2050,ambitious,45.35471840818056,0.021365634098938605,0.2884113795931723,0.00045717886507404547,2.294
AZE,Azerbaijan,2038,2050,baseline,55.369243664848966,0.021365634098938602,0.41090569335476795,0.0004480352877725646,2.294
AZE,Azerbaijan,2038,2050,ndc,19.453274279535876,0.021365634098938602,0.14153075265489795,0.0004480352877725646,2.294
AZE,Azerbaijan,2038,2050,ambitious,46.141036390726434,0.021365634098938602,0.31318678188496013,0.0004480352877725646,2.294
AZE,Azerbaijan,2039,2050,baseline,56.31282524383545,0.021365634098938605,0.44585288449966476,0.0004390745820171133,2.294
AZE,Azerbaijan,2039,2050,ndc,17.83216808957455,0.021365634098938605,0.1379972866455339,0.0004390745820171133,2.294
AZE,Azerbaijan,2039,2050,ambitious,46.9273543732723,0.021365634098938605,0.33874850215929386,0.0004390745820171133,2.294
AZE,Azerbaijan,2040,2050,baseline,57.25640682282195,0.021365634098938605,0.4817436572235481,0.000430293090376771,2.294
AZE,Azerbaijan,2040,2050,ndc,16.211061899613227,0.021365634098938605,0.13284271444620854,0.000430293090376771,2.294
AZE,Azerbaijan,2040,2050,ambitious,47.71367235581818,0.021365634098938605,0.3650965404161734,0.000430293090376771,2.294
AZE,Azerbaijan,2041,2050,baseline,58.20257355681936,0.021365634098938602,0.5185805966814289,0.00042168722856923555,2.294
AZE,Azerbaijan,2041,2050,ndc,14.589955709651905,0.021365634098938602,0.12606703605692182,0.00042168722856923555,2.294
AZE,Azerbaijan,2041,2050,ambitious,48.50214463420664,0.021365634098938602,0.39223305095144145,0.00042168722856923555,2.294
AZE,Azerbaijan,2042,2050,baseline,59.146155135805856,0.021365634098938605,0.5563611177182961,0.00041325348399785084,2.294
AZE,Azerbaijan,2042,2050,ndc,12.968849519690583,0.021365634098938605,0.11767025147767379,0.00041325348399785084,2.294
AZE,Azerbaijan,2042,2050,ambitious,49.28846261675251,0.021365634098938605,0.4201558794692553,0.00041325348399785084,2.294
AZE,Azerbaijan,2043,2050,baseline,60.08973671479234,0.021365634098938602,0.5950852203341499,0.00040498841431789386,2.294
AZE,Azerbaijan,2043,2050,ndc,11.347743329729262,0.021365634098938602,0.1076523607084644,0.00040498841431789386,2.294
AZE,Azerbaijan,2043,2050,ambitious,50.07478059929838,0.021365634098938602,0.4488650259696151,0.00040498841431789386,2.294
AZE,Azerbaijan,2044,2050,baseline,61.033318293778834,0.021365634098938602,0.6347529045289901,0.0003968886460315359,2.294
AZE,Azerbaijan,2044,2050,ndc,9.726637139767934,0.021365634098938602,0.09601336374929376,0.0003968886460315359,2.294
AZE,Azerbaijan,2044,2050,ambitious,50.86109858184425,0.021365634098938602,0.47836049045252077,0.0003968886460315359,2.294
AZE,Azerbaijan,2045,2050,baseline,61.97948502777624,0.021365634098938605,0.6753667554578276,0.0003889508731109052,2.294
AZE,Azerbaijan,2045,2050,ndc,8.105530949806614,0.021365634098938605,0.08275326060016175,0.0003889508731109052,2.294
AZE,Azerbaijan,2045,2050,ambitious,51.649570860232714,0.021365634098938605,0.5086444272138149,0.0003889508731109052,2.294
AZE,Azerbaijan,2046,2050,baseline,62.923066606762745,0.021365634098938605,0.7169241879656518,0.00038117185564868713,2.294
AZE,Azerbaijan,2046,2050,ndc,6.484424759845291,0.021365634098938605,0.06787205126106849,0.00038117185564868713,2.294
AZE,Azerbaijan,2046,2050,ambitious,52.435888842778596,0.021365634098938605,0.5397146819576548,0.00038117185564868713,2.294
AZE,Azerbaijan,2047,2050,baseline,63.86664818574922,0.021365634098938605,0.7594252020524626,0.0003735484185357134,2.294
AZE,Azerbaijan,2047,2050,ndc,4.86331856988397,0.021365634098938605,0.051369735732013866,0.0003735484185357134,2.294
AZE,Azerbaijan,2047,2050,ambitious,53.22220682532445,0.021365634098938605,0.5715712546840408,0.0003735484185357134,2.294
AZE,Azerbaijan,2048,2050,baseline,64.81022976473572,0.021365634098938605,0.8028697977182596,0.0003660774501649991,2.294
AZE,Azerbaijan,2048,2050,ndc,3.2422123799226434,0.021365634098938605,0.033246314012997824,0.0003660774501649991,2.294
AZE,Azerbaijan,2048,2050,ambitious,54.00852480787033,0.021365634098938605,0.6042141453929725,0.0003660774501649991,2.294
AZE,Azerbaijan,2049,2050,baseline,65.75639649873314,0.0213656340989386,0.8472605601180542,0.0003587559011616991,2.294
AZE,Azerbaijan,2049,2050,ndc,1.6211061899613217,0.0213656340989386,0.013501786104020641,0.0003587559011616991,2.294
AZE,Azerbaijan,2049,2050,ambitious,54.7969970862588,0.0213656340989386,0.6376455083802927,0.0003587559011616991,2.294
AZE,Azerbaijan,2050,2050,baseline,66.69997807771963,0.021365634098938602,0.8925949040968351,0.0003515807831384651,2.294
AZE,Azerbaijan,2050,2050,ndc,0.0,0.021365634098938602,-0.007863847994918016,0.0003515807831384651,2.294
AZE,Azerbaijan,2050,2050,ambitious,55.58331506880467,0.021365634098938602,0.6718631893501588,0.0003515807831384651,2.294
BEL,Belgium,2024,2050,baseline,85.42969173763998,0.02480271897790134,0.06062697275973865,0.00012673539355719202,12.149
BEL,Belgium,2024,2050,ndc,85.42969173763998,0.02480271897790134,0.06062697275973865,0.00012673539355719202,12.149
BEL,Belgium,2024,2050,ambitious,85.42969173763998,0.02480271897790134,0.06062697275973865,0.00012673539355719202,12.149
BEL,Belgium,2025,2050,baseline,83.44577538191137,0.024802718977901345,0.11927002916374868,0.00012420068568604815,12.149
BEL,Belgium,2025,2050,ndc,82.14393436311538,0.024802718977901345,0.11796818814495269,0.00012420068568604815,12.149
BEL,Belgium,2025,2050,ambitious,80.1590360148663,0.024802718977901345,0.11598328979670361,0.00012420068568604815,12.149
BEL,Belgium,2026,2050,baseline,81.46727956267382,0.024802718977901345,0.1759345897485212,0.0001217166719723272,12.149
BEL,Belgium,2026,2050,ndc,78.85817698859076,0.024802718977901345,0.1720236461556421,0.0001217166719723272,12.149
BEL,Belgium,2026,2050,ambitious,75.2928543049782,0.024802718977901345,0.16647342512378047,0.0001217166719723272,12.149
BEL,Belgium,2027,2050,baseline,79.48878374343626,0.024802718977901345,0.2306206545140561,0.00011928233853288064,12.149
BEL,Belgium,2027,2050,ndc,75.57241961406613,0.024802718977901345,0.2227933467918069,0.00011928233853288064,12.149
BEL,Belgium,2027,2050,ambitious,70.78201593024981,0.024802718977901345,0.21245272207612892,0.00011928233853288064,12.149
BEL,Belgium,2028,2050,baseline,77.51028792419872,0.02480271897790134,0.28332822346035347,0.00011689669176222304,12.149
BEL,Belgium,2028,2050,ndc,72.28666223954153,0.02480271897790134,0.27027729005344714,0.00011689669176222304,12.149
BEL,Belgium,2028,2050,ambitious,66.5889695753297,0.02480271897790134,0.25423897267355733,0.00011689669176222304,12.149
BEL,Belgium,2029,2050,baseline,75.52637156847011,0.024802718977901345,0.3340518760509223,0.00011455875792697858,12.149
BEL,Belgium,2029,2050,ndc,69.0009048650169,0.024802718977901345,0.3144754759405627,0.00011455875792697858,12.149
BEL,Belgium,2029,2050,ambitious,62.676776606216734,0.024802718977901345,0.2921130303018727,0.00011455875792697858,12.149
BEL,Belgium,2030,2050,baseline,73.54787574923255,0.024802718977901345,0.3827970328222535,0.000112267582768439,12.149
BEL,Belgium,2030,2050,ndc,65.71514749049228,0.024802718977901345,0.3553879044531536,0.000112267582768439,12.149
BEL,Belgium,2030,2050,ambitious,59.02641143500277,0.024802718977901345,0.3263367227589741,0.000112267582768439,12.149
BEL,Belgium,2031,2050,baseline,71.56937992999501,0.02480271897790134,0.4295636937743472,0.00011002223111307022,12.149
BEL,Belgium,2031,2050,ndc,62.429390115967685,0.02480271897790134,0.39301457559122,0.00011002223111307022,12.149
BEL,Belgium,2031,2050,ambitious,57.438554449888336,0.02480271897790134,0.3589725582309611,0.00011002223111307022,12.149
BEL,Belgium,2032,2050,baseline,69.59088411075744,0.024802718977901345,0.4743518589072033,0.00010782178649080881,12.149
BEL,Belgium,2032,2050,ndc,59.143632741443064,0.024802718977901345,0.42735548935476175,0.00010782178649080881,12.149
BEL,Belgium,2032,2050,ambitious,55.85069746477387,0.024802718977901345,0.39002053671783365,0.00010782178649080881,12.149
BEL,Belgium,2033,2050,baseline,67.60696775502882,0.02480271897790134,0.5171561076843307,0.00010566535076099262,12.149
BEL,Belgium,2033,2050,ndc,55.85787536691845,0.02480271897790134,0.4584106457437788,0.00010566535076099262,12.149
BEL,Belgium,2033,2050,ambitious,54.258490186549515,0.02480271897790134,0.4194763079264818,0.00010566535076099262,12.149
BEL,Belgium,2034,2050,baseline,65.62847193579127,0.024802718977901345,0.5579818606422207,0.00010355204374577279,12.149
BEL,Belgium,2034,2050,ndc,52.57211799239384,0.024802718977901345,0.48618004475827126,0.00010355204374577279,12.149
BEL,Belgium,2034,2050,ambitious,52.67063320143506,0.024802718977901345,0.44734422215001546,0.00010355204374577279,12.149
BEL,Belgium,2035,2050,baseline,63.649976116553724,0.024802718977901345,0.5968291177808731,0.00010148100287085732,12.149
BEL,Belgium,2035,2050,ndc,49.28636061786922,0.024802718977901345,0.5106636863982391,0.00010148100287085732,12.149
BEL,Belgium,2035,2050,ambitious,51.08277621632062,0.024802718977901345,0.47362427938843477,0.00010148100287085732,12.149
BEL,Belgium,2036,2050,baseline,61.67148029731617,0.024802718977901345,0.633697879100288,9.945138281344016e-05,12.149
BEL,Belgium,2036,2050,ndc,46.00060324334461,0.024802718977901345,0.5318615706636824,9.945138281344016e-05,12.149
BEL,Belgium,2036,2050,ambitious,49.49491923120617,0.024802718977901345,0.49831647964173964,9.945138281344016e-05,12.149
BEL,Belgium,2037,2050,baseline,59.68756394158756,0.024802718977901345,0.6685827240639742,9.746235515717136e-05,12.149
BEL,Belgium,2037,2050,ndc,42.71484586881999,0.024802718977901345,0.5497736975546011,9.746235515717136e-05,12.149
BEL,Belgium,2037,2050,ambitious,47.90271195298182,0.024802718977901345,0.5214164726168201,9.746235515717136e-05,12.149
BEL,Belgium,2038,2050,baseline,57.70906812235001,0.024802718977901345,0.7014890732084229,9.551310805402794e-05,12.149
BEL,Belgium,2038,2050,ndc,39.42908849429538,0.024802718977901345,0.5644000670709952,9.551310805402794e-05,12.149
BEL,Belgium,2038,2050,ambitious,46.31485496786737,0.024802718977901345,0.5429286086067862,9.551310805402794e-05,12.149
BEL,Belgium,2039,2050,baseline,55.73057230311245,0.02480271897790134,0.7324169265336341,9.360284589294738e-05,12.149
BEL,Belgium,2039,2050,ndc,36.143331119770764,0.02480271897790134,0.5757406792128646,9.360284589294738e-05,12.149
BEL,Belgium,2039,2050,ambitious,44.72699798275291,0.02480271897790134,0.5628528876116378,9.360284589294738e-05,12.149
BEL,Belgium,2040,2050,baseline,53.7520764838749,0.024802718977901345,0.7613662840396076,9.173078897508843e-05,12.149
BEL,Belgium,2040,2050,ndc,32.85757374524614,0.024802718977901345,0.5837955339802094,9.173078897508843e-05,12.149
BEL,Belgium,2040,2050,ambitious,43.139140997638464,0.024802718977901345,0.5811893096313749,9.173078897508843e-05,12.149
BEL,Belgium,2041,2050,baseline,51.76816012814629,0.02480271897790134,0.7883317251898526,8.989617319558665e-05,12.149
BEL,Belgium,2041,2050,ndc,29.571816370721532,0.02480271897790134,0.5885646313730296,8.989617319558665e-05,12.149
BEL,Belgium,2041,2050,ambitious,41.54693371941411,0.02480271897790134,0.5979335243728877,8.989617319558665e-05,12.149
BEL,Belgium,2042,2050,baseline,49.78966430890874,0.024802718977901345,0.8133186705208599,8.809824973167492e-05,12.149
BEL,Belgium,2042,2050,ndc,26.28605899619692,0.024802718977901345,0.5900479713913251,8.809824973167492e-05,12.149
BEL,Belgium,2042,2050,ambitious,39.95907673429966,0.024802718977901345,0.6130898821292861,8.809824973167492e-05,12.149
BEL,Belgium,2043,2050,baseline,47.81116848967119,0.024802718977901345,0.8363271200326298,8.633628473704142e-05,12.149
BEL,Belgium,2043,2050,ndc,23.000301621672307,0.024802718977901345,0.588245554035096,8.633628473704142e-05,12.149
BEL,Belgium,2043,2050,ambitious,38.37121974918521,0.024802718977901345,0.62665838290057,8.633628473704142e-05,12.149
BEL,Belgium,2044,2050,baseline,45.83267267043364,0.024802718977901345,0.8573570737251621,8.460955904230059e-05,12.149
BEL,Belgium,2044,2050,ndc,19.714544247147685,0.024802718977901345,0.5831573793043423,8.460955904230059e-05,12.149
BEL,Belgium,2044,2050,ambitious,36.78336276407076,0.024802718977901345,0.6386390266867394,8.460955904230059e-05,12.149
BEL,Belgium,2045,2050,baseline,43.84875631470503,0.024802718977901345,0.8764031110619658,8.291736786145457e-05,12.149
BEL,Belgium,2045,2050,ndc,16.42878687262307,0.024802718977901345,0.5747834471990642,8.291736786145457e-05,12.149
BEL,Belgium,2045,2050,ambitious,35.19115548584641,0.024802718977901345,0.6490274631946845,8.291736786145457e-05,12.149
BEL,Belgium,2046,2050,baseline,41.87026049546746,0.024802718977901345,0.893470652579532,8.125902050422549e-05,12.149
BEL,Belgium,2046,2050,ndc,13.14302949809846,0.024802718977901345,0.5631237577192614,8.125902050422549e-05,12.149
BEL,Belgium,2046,2050,ambitious,33.603298500731945,0.024802718977901345,0.6578280427175152,8.125902050422549e-05,12.149
BEL,Belgium,2047,2050,baseline,39.891764676229926,0.024802718977901345,0.9085596982778607,7.963384009414098e-05,12.149
BEL,Belgium,2047,2050,ndc,9.857272123573848,0.024802718977901345,0.548178310864934,7.963384009414098e-05,12.149
BEL,Belgium,2047,2050,ambitious,32.01544151561751,0.024802718977901345,0.6650407652552314,7.963384009414098e-05,12.149
BEL,Belgium,2048,2050,baseline,37.91326885699236,0.024802718977901345,0.9216702481569516,7.804116329225815e-05,12.149
BEL,Belgium,2048,2050,ndc,6.571514749049225,0.024802718977901345,0.5299471066360819,7.804116329225815e-05,12.149
BEL,Belgium,2048,2050,ambitious,30.427584530503047,0.024802718977901345,0.6706656308078331,7.804116329225815e-05,12.149
BEL,Belgium,2049,2050,baseline,35.92935250126374,0.02480271897790134,0.9327968816803142,7.648034002641299e-05,12.149
BEL,Belgium,2049,2050,ndc,3.2857573745246125,0.02480271897790134,0.5084301450327052,7.648034002641299e-05,12.149
BEL,Belgium,2049,2050,ambitious,28.83537725227869,0.02480271897790134,0.6746982890822105,7.648034002641299e-05,12.149
BEL,Belgium,2050,2050,baseline,33.950856682026206,0.024802718977901345,0.941945019384439,7.495073322588472e-05,12.149
BEL,Belgium,2050,2050,ndc,0.0,0.024802718977901345,0.4836274260548039,7.495073322588472e-05,12.149
BEL,Belgium,2050,2050,ambitious,27.24752026716425,0.024802718977901345,0.6771430903714735,7.495073322588472e-05,12.149
BGD,Bangladesh,2024,2050,baseline,120.21063568269109,0.36079536358003106,-0.24058472789733998,0.000254125659548726,0.79
BGD,Bangladesh,2024,2050,ndc,120.21063568269109,0.36079536358003106,-0.24058472789733998,0.000254125659548726,0.79
BGD,Bangladesh,2024,2050,ambitious,120.21063568269109,0.36079536358003106,-0.24058472789733998,0.000254125659548726,0.79
BGD,Bangladesh,2025,2050,baseline,125.26788786207212,0.36079536358003106,-0.4761122036152989,0.00024904314635775145,0.79
BGD,Bangladesh,2025,2050,ndc,115.58714969489529,0.36079536358003106,-0.48579294178247573,0.00024904314635775145,0.79
BGD,Bangladesh,2025,2050,ambitious,121.22698825856824,0.36079536358003106,-0.4801531032188028,0.00024904314635775145,0.79
BGD,Bangladesh,2026,2050,baseline,130.31132241254775,0.36079536358003106,-0.7065962447827823,0.00024406228343059643,0.79
BGD,Bangladesh,2026,2050,ndc,110.96366370709947,0.36079536358003106,-0.7356246416554074,0.00024406228343059643,0.79
BGD,Bangladesh,2026,2050,ambitious,122.16686477142864,0.36079536358003106,-0.7187816020274054,0.00024406228343059643,0.79
BGD,Bangladesh,2027,2050,baseline,135.35475696302342,0.360795363580031,-0.9320368513997898,0.0002391810377619845,0.79
BGD,Bangladesh,2027,2050,ndc,106.34017771930365,0.360795363580031,-0.9900798275161347,0.0002391810377619845,0.79
BGD,Bangladesh,2027,2050,ambitious,123.04977907145394,0.360795363580031,-0.9565271865359823,0.0002391810377619845,0.79
BGD,Bangladesh,2028,2050,baseline,140.39819151349903,0.36079536358003106,-1.1524340234663217,0.00023439741700674482,0.79
BGD,Bangladesh,2028,2050,ndc,101.71669173150785,0.36079536358003106,-1.2491584993646578,0.00023439741700674482,0.79
BGD,Bangladesh,2028,2050,ambitious,123.88075723624162,0.36079536358003106,-1.1934417928797716,0.00023439741700674482,0.79
BGD,Bangladesh,2029,2050,baseline,145.45544369288007,0.360795363580031,-1.3677739433534726,0.00022970946866660992,0.79
BGD,Bangladesh,2029,2050,ndc,97.09320574371203,0.360795363580031,-1.5128606572009766,0.00022970946866660992,0.79
BGD,Bangladesh,2029,2050,ambitious,124.67609461644261,0.360795363580031,-1.42956106184336,0.00022970946866660992,0.79
BGD,Bangladesh,2030,2050,baseline,150.4988782433557,0.360795363580031,-1.5780704286901477,0.00022511527929327773,0.79
BGD,Bangladesh,2030,2050,ndc,92.46971975591622,0.360795363580031,-1.7811863010250915,0.00022511527929327773,0.79
BGD,Bangladesh,2030,2050,ambitious,125.4157318959221,0.360795363580031,-1.6649406935274689,0.00022511527929327773,0.79
BGD,Bangladesh,2031,2050,baseline,155.54231279383131,0.360795363580031,-1.7833234794763475,0.00022061297370741217,0.79
BGD,Bangladesh,2031,2050,ndc,87.84623376812043,0.360795363580031,-2.054135430837002,0.00022061297370741217,0.79
BGD,Bangladesh,2031,2050,ambitious,129.61859402220512,0.360795363580031,-1.8961174630852948,0.00022061297370741217,0.79
BGD,Bangladesh,2032,2050,baseline,160.58574734430698,0.36079536358003106,-1.9835330957120716,0.00021620071423326392,0.79
BGD,Bangladesh,2032,2050,ndc,83.2227477803246,0.36079536358003106,-2.3317080466367086,0.00021620071423326392,0.79
BGD,Bangladesh,2032,2050,ambitious,133.82145614848818,0.36079536358003106,-2.1230913705168373,0.00021620071423326392,0.79
BGD,Bangladesh,2033,2050,baseline,165.64299952368802,0.36079536358003106,-2.178685459768414,0.00021187669994859862,0.79
BGD,Bangladesh,2033,2050,ndc,78.5992617925288,0.36079536358003106,-2.6139041484242105,0.00021187669994859862,0.79
BGD,Bangladesh,2033,2050,ambitious,138.03583296552816,0.36079536358003106,-2.34585090113134,0.00021187669994859862,0.79
BGD,Bangladesh,2034,2050,baseline,170.68643407416366,0.36079536358003106,-2.3687943892742815,0.00020763916594962665,0.79
BGD,Bangladesh,2034,2050,ndc,73.97577580473299,0.36079536358003106,-2.9007237361995086,0.00020763916594962665,0.79
BGD,Bangladesh,2034,2050,ambitious,142.2386950918112,0.36079536358003106,-2.56440756961956,0.00020763916594962665,0.79
BGD,Bangladesh,2035,2050,baseline,175.72986862463927,0.36079536358003106,-2.5538598842296736,0.0002034863826306341,0.79
BGD,Bangladesh,2035,2050,ndc,69.35228981693716,0.36079536358003106,-3.1921668099626026,0.0002034863826306341,0.79
BGD,Bangladesh,2035,2050,ambitious,146.4415572180942,0.36079536358003106,-2.7787613759814973,0.0002034863826306341,0.79
BGD,Bangladesh,2036,2050,baseline,180.77330317511488,0.360795363580031,-2.7338819446345903,0.00019941665497802142,0.79
BGD,Bangladesh,2036,2050,ndc,64.72880382914136,0.360795363580031,-3.488233369713493,0.00019941665497802142,0.79
BGD,Bangladesh,2036,2050,ambitious,150.64441934437724,0.360795363580031,-2.9889123202171515,0.00019941665497802142,0.79
BGD,Bangladesh,2037,2050,baseline,185.83055535449597,0.360795363580031,-2.908846752860126,0.000195428321878461,0.79
BGD,Bangladesh,2037,2050,ndc,60.105317841345546,0.360795363580031,-3.7889234154521785,0.000195428321878461,0.79
BGD,Bangladesh,2037,2050,ambitious,154.85879616141725,0.360795363580031,-3.1948488876357657,0.000195428321878461,0.79
BGD,Bangladesh,2038,2050,baseline,190.87398990497158,0.36079536358003106,-3.0787681265351856,0.00019151975544089177,0.79
BGD,Bangladesh,2038,2050,ndc,55.481831853549735,0.36079536358003106,-4.09423694717866,0.00019151975544089177,0.79
BGD,Bangladesh,2038,2050,ambitious,159.06165828770028,0.36079536358003106,-3.396582592928097,0.00019151975544089177,0.79
BGD,Bangladesh,2039,2050,baseline,195.9174244554472,0.360795363580031,-3.2436460656597697,0.0001876893603320739,0.79
BGD,Bangladesh,2039,2050,ndc,50.85834586575393,0.360795363580031,-4.404173964892937,0.0001876893603320739,0.79
BGD,Bangladesh,2039,2050,ambitious,163.2645204139833,0.360795363580031,-3.594113436094145,0.0001876893603320739,0.79
BGD,Bangladesh,2040,2050,baseline,200.96085900592286,0.360795363580031,-3.403480570233878,0.00018393557312543245,0.79
BGD,Bangladesh,2040,2050,ndc,46.23485987795811,0.360795363580031,-4.718734468595011,0.00018393557312543245,0.79
BGD,Bangladesh,2040,2050,ambitious,167.46738254026636,0.360795363580031,-3.78744141713391,0.00018393557312543245,0.79
BGD,Bangladesh,2041,2050,baseline,206.0181111853039,0.360795363580031,-3.5582578226286055,0.0001802568616629238,0.79
BGD,Bangladesh,2041,2050,ndc,41.6113738901623,0.360795363580031,-5.03791845828488,0.0001802568616629238,0.79
BGD,Bangladesh,2041,2050,ambitious,171.68175935730633,0.360795363580031,-3.976555021356635,0.0001802568616629238,0.79
BGD,Bangladesh,2042,2050,baseline,211.0615457357795,0.36079536358003106,-3.7079916404728572,0.00017665172442966532,0.79
BGD,Bangladesh,2042,2050,ndc,36.987887902366495,0.36079536358003106,-5.361725933962545,0.00017665172442966532,0.79
BGD,Bangladesh,2042,2050,ambitious,175.88462148358937,0.36079536358003106,-4.1614657634530765,0.00017665172442966532,0.79
BGD,Bangladesh,2043,2050,baseline,216.10498028625517,0.360795363580031,-3.8526820237666333,0.000173118689941072,0.79
BGD,Bangladesh,2043,2050,ndc,32.364401914570685,0.360795363580031,-5.6901568956280055,0.000173118689941072,0.79
BGD,Bangladesh,2043,2050,ambitious,180.08748360987244,0.360795363580031,-4.342173643423235,0.000173118689941072,0.79
BGD,Bangladesh,2044,2050,baseline,221.14841483673078,0.36079536358003106,-3.992328972509934,0.00016965631614225055,0.79
BGD,Bangladesh,2044,2050,ndc,27.74091592677486,0.36079536358003106,-6.023211343281263,0.00016965631614225055,0.79
BGD,Bangladesh,2044,2050,ambitious,184.29034573615544,0.36079536358003106,-4.518678661267112,0.00016965631614225055,0.79
BGD,Bangladesh,2045,2050,baseline,226.20566701611182,0.360795363580031,-4.126918669073854,0.00016626318981940555,0.79
BGD,Bangladesh,2045,2050,ndc,23.117429938979054,0.360795363580031,-6.360889276922315,0.00016626318981940555,0.79
BGD,Bangladesh,2045,2050,ambitious,188.50472255319542,0.360795363580031,-4.690969302293947,0.00016626318981940555,0.79
BGD,Bangladesh,2046,2050,baseline,231.24910156658743,0.360795363580031,-4.256464931087296,0.00016293792602301745,0.79
BGD,Bangladesh,2046,2050,ndc,18.493943951183248,0.360795363580031,-6.703190696551162,0.00016293792602301745,0.79
BGD,Bangladesh,2046,2050,ambitious,192.70758467947843,0.360795363580031,-4.8590570811945,0.00016293792602301745,0.79
BGD,Bangladesh,2047,2050,baseline,236.29253611706307,0.36079536358003106,-4.380967758550264,0.0001596791675025571,0.79
BGD,Bangladesh,2047,2050,ndc,13.870457963387437,0.36079536358003106,-7.050115602167805,0.0001596791675025571,0.79
BGD,Bangladesh,2047,2050,ambitious,196.9104468057615,0.36079536358003106,-5.022941997968769,0.0001596791675025571,0.79
BGD,Bangladesh,2048,2050,baseline,241.3359706675387,0.360795363580031,-4.500427151462757,0.00015648558415250595,0.79
BGD,Bangladesh,2048,2050,ndc,9.246971975591617,0.360795363580031,-7.401663993772246,0.00015648558415250595,0.79
BGD,Bangladesh,2048,2050,ambitious,201.11330893204453,0.360795363580031,-5.182624052616756,0.00015648558415250595,0.79
BGD,Bangladesh,2049,2050,baseline,246.39322284691977,0.36079536358003095,-4.614829292195869,0.00015335587246945582,0.79
BGD,Bangladesh,2049,2050,ndc,4.623485987795808,0.36079536358003095,-7.757835871364481,0.00015335587246945582,0.79
BGD,Bangladesh,2049,2050,ambitious,205.32768574908454,0.36079536358003095,-5.338091730447703,0.00015335587246945582,0.79
BGD,Bangladesh,2050,2050,baseline,251.43665739739538,0.360795363580031,-4.724187998378505,0.0001502887550200667,0.79
BGD,Bangladesh,2050,2050,ndc,0.0,0.360795363580031,-8.118631234944512,0.0001502887550200667,0.79
BGD,Bangladesh,2050,2050,ambitious,209.53054787536755,0.360795363580031,-5.489356546152367,0.0001502887550200667,0.79
BGR,Bulgaria,2024,2050,baseline,39.180827989883234,0.013564721394325368,0.025616106595557867,0.00034544151848523797,14.288
BGR,Bulgaria,2024,2050,ndc,39.180827989883234,0.013564721394325368,0.025616106595557867,0.00034544151848523797,14.288
BGR,Bulgaria,2024,2050,ambitious,39.180827989883234,0.013564721394325368,0.025616106595557867,0.00034544151848523797,14.288
BGR,Bulgaria,2025,2050,baseline,38.437628593676784,0.013564721394325368,0.05048901379490928,0.0003385326881155332,14.288
BGR,Bulgaria,2025,2050,ndc,37.673873067195416,0.013564721394325368,0.04972525826842791,0.0003385326881155332,14.288
BGR,Bulgaria,2025,2050,ambitious,36.99863088328762,0.013564721394325368,0.049050016084520115,0.0003385326881155332,14.288
BGR,Bulgaria,2026,2050,baseline,37.696459796913516,0.013564721394325368,0.07462075219749742,0.00033176203435322256,14.288
BGR,Bulgaria,2026,2050,ndc,36.166918144507605,0.013564721394325368,0.07232745501861015,0.00033176203435322256,14.288
BGR,Bulgaria,2026,2050,ambitious,34.97581242198727,0.013564721394325368,0.07046110711218201,0.00033176203435322256,14.288
BGR,Bulgaria,2027,2050,baseline,36.955291000150254,0.013564721394325368,0.09801132180332234,0.0003251267936661581,14.288
BGR,Bulgaria,2027,2050,ndc,34.65996322181978,0.013564721394325368,0.09342269684610457,0.0003251267936661581,14.288
BGR,Bulgaria,2027,2050,ambitious,33.09390100027689,0.013564721394325368,0.08999028671813353,0.0003251267936661581,14.288
BGR,Bulgaria,2028,2050,baseline,36.21412220338699,0.013564721394325364,0.12066072261238396,0.0003186242577928349,14.288
BGR,Bulgaria,2028,2050,ndc,33.15300829913197,0.013564721394325364,0.11301098375091116,0.0003186242577928349,14.288
BGR,Bulgaria,2028,2050,ambitious,31.338669040002262,0.013564721394325364,0.10776423436381043,0.0003186242577928349,14.288
BGR,Bulgaria,2029,2050,baseline,35.470922807180536,0.013564721394325368,0.14256692402523913,0.0003122517726369782,14.288
BGR,Bulgaria,2029,2050,ndc,31.64605337644415,0.013564721394325368,0.13109231573302996,0.0003122517726369782,14.288
BGR,Bulgaria,2029,2050,ambitious,29.696042026061495,0.013564721394325368,0.12389555499554655,0.0003122517726369782,14.288
BGR,Bulgaria,2030,2050,baseline,34.72975401041727,0.013564721394325368,0.163731956641331,0.00030600673718423867,14.288
BGR,Bulgaria,2030,2050,ndc,30.139098453756333,0.013564721394325368,0.14766669279246092,0.00030600673718423867,14.288
BGR,Bulgaria,2030,2050,ambitious,28.158659960226874,0.013564721394325368,0.13848949356144807,0.00030600673718423867,14.288
BGR,Bulgaria,2031,2050,baseline,33.98858521365401,0.013564721394325364,0.18415582046065965,0.0002998866024405539,14.288
BGR,Bulgaria,2031,2050,ndc,28.632143531068518,0.013564721394325364,0.1627341149292041,0.0002998866024405539,14.288
BGR,Bulgaria,2031,2050,ambitious,27.55772509282393,0.013564721394325364,0.15248249725994661,0.0002998866024405539,14.288
BGR,Bulgaria,2032,2050,baseline,33.24741641689074,0.013564721394325368,0.203838515483225,0.0002938888703917428,14.288
BGR,Bulgaria,2032,2050,ndc,27.1251886083807,0.013564721394325368,0.17629458214325944,0.0002938888703917428,14.288
BGR,Bulgaria,2032,2050,ambitious,26.956790225420967,0.013564721394325368,0.16587456609104223,0.0002938888703917428,14.288
BGR,Bulgaria,2033,2050,baseline,32.50421702068429,0.013564721394325368,0.22277801110958392,0.0002880110929839079,14.288
BGR,Bulgaria,2033,2050,ndc,25.618233685692886,0.013564721394325368,0.18834809443462694,0.0002880110929839079,14.288
BGR,Bulgaria,2033,2050,ambitious,26.354208961121024,0.013564721394325368,0.17866405365783786,0.0002880110929839079,14.288
BGR,Bulgaria,2034,2050,baseline,31.763048223921025,0.013564721394325368,0.24097633793917955,0.0002822508711242298,14.288
BGR,Bulgaria,2034,2050,ndc,24.111278763005068,0.013564721394325368,0.19889465180330662,0.0002822508711242298,14.288
BGR,Bulgaria,2034,2050,ambitious,25.753274093718073,0.013564721394325368,0.19085260635723056,0.0002822508711242298,14.288
BGR,Bulgaria,2035,2050,baseline,31.02187942715776,0.013564721394325368,0.25843349597201193,0.00027660585370174517,14.288
BGR,Bulgaria,2035,2050,ndc,22.60432384031725,0.013564721394325368,0.20793425424929848,0.00027660585370174517,14.288
BGR,Bulgaria,2035,2050,ambitious,25.15233922631512,0.013564721394325368,0.20244022418922028,0.00027660585370174517,14.288
BGR,Bulgaria,2036,2050,baseline,30.280710630394495,0.013564721394325368,0.2751494852080811,0.00027107373662771026,14.288
BGR,Bulgaria,2036,2050,ndc,21.09736891762943,0.013564721394325368,0.21546690177260253,0.00027107373662771026,14.288
BGR,Bulgaria,2036,2050,ambitious,24.551404358912166,0.013564721394325368,0.21342690715380708,0.00027107373662771026,14.288
BGR,Bulgaria,2037,2050,baseline,29.537511234188045,0.013564721394325368,0.29112227504794375,0.000265652261895156,14.288
BGR,Bulgaria,2037,2050,ndc,19.590413994941617,0.013564721394325368,0.22149259437321875,0.000265652261895156,14.288
BGR,Bulgaria,2037,2050,ambitious,23.94882309461222,0.013564721394325368,0.2238110088540939,0.000265652261895156,14.288
BGR,Bulgaria,2038,2050,baseline,28.79634243742478,0.013564721394325364,0.30635389609104313,0.00026033921665725296,14.288
BGR,Bulgaria,2038,2050,ndc,18.083459072253802,0.013564721394325364,0.22601133205114718,0.00026033921665725296,14.288
BGR,Bulgaria,2038,2050,ambitious,23.347888227209268,0.013564721394325364,0.23359417568697785,0.00026033921665725296,14.288
BGR,Bulgaria,2039,2050,baseline,28.05517364066152,0.013564721394325364,0.3208443483373794,0.00025513243232410786,14.288
BGR,Bulgaria,2039,2050,ndc,16.576504149565984,0.013564721394325364,0.2290231148063878,0.00025513243232410786,14.288
BGR,Bulgaria,2039,2050,ambitious,22.746953359806316,0.013564721394325364,0.2427764076524588,0.00025513243232410786,14.288
BGR,Bulgaria,2040,2050,baseline,27.31400484389825,0.013564721394325368,0.33459363178695223,0.0002500297836776257,14.288
BGR,Bulgaria,2040,2050,ndc,15.069549226878166,0.013564721394325368,0.23052794263894055,0.0002500297836776257,14.288
BGR,Bulgaria,2040,2050,ambitious,22.14601849240336,0.013564721394325368,0.2513577047505368,0.0002500297836776257,14.288
BGR,Bulgaria,2041,2050,baseline,26.570805447691797,0.013564721394325364,0.3475997158403186,0.00024502918800407315,14.288
BGR,Bulgaria,2041,2050,ndc,13.56259430419035,0.013564721394325364,0.23052581554880552,0.00024502918800407315,14.288
BGR,Bulgaria,2041,2050,ambitious,21.54343722810341,0.013564721394325364,0.2593364205843149,0.00024502918800407315,14.288
BGR,Bulgaria,2042,2050,baseline,25.829636650928535,0.013564721394325368,0.3598646310969218,0.0002401286042439917,14.288
BGR,Bulgaria,2042,2050,ndc,12.055639381502534,0.013564721394325368,0.22901673353598273,0.0002401286042439917,14.288
BGR,Bulgaria,2042,2050,ambitious,20.942502360700463,0.013564721394325368,0.26671420155069003,0.0002401286042439917,14.288
BGR,Bulgaria,2043,2050,baseline,25.088467854165266,0.013564721394325364,0.37138837755676174,0.00023532603215911186,14.288
BGR,Bulgaria,2043,2050,ndc,10.54868445881472,0.013564721394325364,0.22600069660047212,0.00023532603215911186,14.288
BGR,Bulgaria,2043,2050,ambitious,20.341567493297504,0.013564721394325364,0.2734910476496622,0.00023532603215911186,14.288
BGR,Bulgaria,2044,2050,baseline,24.347299057402008,0.013564721394325364,0.38217095521983835,0.00023061951151592962,14.288
BGR,Bulgaria,2044,2050,ndc,9.041729536126898,0.013564721394325364,0.22147770474227368,0.00023061951151592962,14.288
BGR,Bulgaria,2044,2050,ambitious,19.74063262589456,0.013564721394325364,0.2796669588812314,0.00023061951151592962,14.288
BGR,Bulgaria,2045,2050,baseline,23.604099661195555,0.013564721394325364,0.3922103334867086,0.00022600712128561102,14.288
BGR,Bulgaria,2045,2050,ndc,7.534774613439083,0.013564721394325364,0.21544775796138743,0.00022600712128561102,14.288
BGR,Bulgaria,2045,2050,ambitious,19.13805136159461,0.013564721394325364,0.28524028884850067,0.00022600712128561102,14.288
BGR,Bulgaria,2046,2050,baseline,22.862930864432286,0.013564721394325368,0.4015085429568155,0.00022148697885989883,14.288
BGR,Bulgaria,2046,2050,ndc,6.027819690751267,0.013564721394325368,0.20791085625781336,0.00022148697885989883,14.288
BGR,Bulgaria,2046,2050,ambitious,18.537116494191654,0.013564721394325368,0.29021268394836697,0.00022148697885989883,14.288
BGR,Bulgaria,2047,2050,baseline,22.121762067669028,0.013564721394325368,0.41006558363015916,0.00021705723928270085,14.288
BGR,Bulgaria,2047,2050,ndc,4.5208647680634515,0.013564721394325368,0.19886699963155147,0.00021705723928270085,14.288
BGR,Bulgaria,2047,2050,ambitious,17.936181626788706,0.013564721394325368,0.2945841441808303,0.00021705723928270085,14.288
BGR,Bulgaria,2048,2050,baseline,21.380593270905763,0.013564721394325368,0.4178814555067396,0.00021271609449704683,14.288
BGR,Bulgaria,2048,2050,ndc,3.0139098453756312,0.013564721394325368,0.18831618808260175,0.00021271609449704683,14.288
BGR,Bulgaria,2048,2050,ambitious,17.335246759385754,0.013564721394325368,0.29835466954589074,0.00021271609449704683,14.288
BGR,Bulgaria,2049,2050,baseline,20.637393874699306,0.013564721394325364,0.4249541279871136,0.00020846177260710588,14.288
BGR,Bulgaria,2049,2050,ndc,1.5069549226878156,0.013564721394325364,0.17625842161096422,0.00020846177260710588,14.288
BGR,Bulgaria,2049,2050,ambitious,16.7326654950858,0.013564721394325364,0.30152261364665117,0.00020846177260710588,14.288
BGR,Bulgaria,2050,2050,baseline,19.896225077936048,0.013564721394325364,0.4312856316707243,0.00020429253715496373,14.288
BGR,Bulgaria,2050,2050,ndc,0.0,0.013564721394325364,0.16269370021663887,0.00020429253715496373,14.288
BGR,Bulgaria,2050,2050,ambitious,16.131730627682852,0.013564721394325364,0.3040896228800086,0.00020429253715496373,14.288
BLR,Belarus,2024,2020,baseline,58.720930455231276,0.019312681490214947,0.039408248965016324,0.000763826253609412,1.027
BLR,Belarus,2024,2020,ndc,58.720930455231276,0.019312681490214947,0.039408248965016324,0.000763826253609412,1.027
BLR,Belarus,2024,2020,ambitious,58.720930455231276,0.019312681490214947,0.039408248965016324,0.000763826253609412,1.027
BLR,Belarus,2025,2020,baseline,58.507514006904415,0.019312681490214947,0.0786030814817058,0.0007485497285372237,1.027
BLR,Belarus,2025,2020,ndc,0.0,0.019312681490214947,0.02009556747480138,0.0007485497285372237,1.027
BLR,Belarus,2025,2020,ambitious,56.620174847169814,0.019312681490214947,0.0767157423219712,0.0007485497285372237,1.027
BLR,Belarus,2026,2020,baseline,58.29468066362762,0.019312681490214947,0.11758508065511848,0.0007335787339664792,1.027
BLR,Belarus,2026,2020,ndc,0.0,0.019312681490214947,0.0007828859845864372,0.0007335787339664792,1.027
BLR,Belarus,2026,2020,ambitious,54.651263125476795,0.019312681490214947,0.11205432395723304,0.0007335787339664792,1.027
BLR,Belarus,2027,2020,baseline,58.08184732035083,0.01931268149021495,0.15635424648525437,0.0007189071592871496,1.027
BLR,Belarus,2027,2020,ndc,0.0,0.01931268149021495,-0.018529795505628513,0.0007189071592871496,1.027
BLR,Belarus,2027,2020,ambitious,52.801679386811074,0.01931268149021495,0.14554332185382918,0.0007189071592871496,1.027
BLR,Belarus,2028,2020,baseline,57.86901397707405,0.01931268149021495,0.1949105789721135,0.0007045290161014066,1.027
BLR,Belarus,2028,2020,ndc,0.0,0.01931268149021495,-0.03784247699584346,0.0007045290161014066,1.027
BLR,Belarus,2028,2020,ambitious,51.0608946915028,0.01931268149021495,0.17729153505511702,0.0007045290161014066,1.027
BLR,Belarus,2029,2020,baseline,57.65559752874719,0.019312681490214947,0.23325349501064568,0.0006904384357793784,1.027
BLR,Belarus,2029,2020,ndc,0.0,0.019312681490214947,-0.05715515848605841,0.0006904384357793784,1.027
BLR,Belarus,2029,2020,ambitious,49.41908360294328,0.019312681490214947,0.20739793716784533,0.0006904384357793784,1.027
BLR,Belarus,2030,2020,baseline,57.442764185470395,0.019312681490214947,0.27138357770590116,0.0006766296670637909,1.027
BLR,Belarus,2030,2020,ndc,0.0,0.019312681490214947,-0.07646783997627335,0.0006766296670637909,1.027
BLR,Belarus,2030,2020,ambitious,47.86897016232708,0.019312681490214947,0.23595422583995745,0.0006766296670637909,1.027
BLR,Belarus,2031,2020,baseline,57.22993084219361,0.019312681490214947,0.30930082705787987,0.000663097073722515,1.027
BLR,Belarus,2031,2020,ndc,0.0,0.019312681490214947,-0.0957805214664883,0.000663097073722515,1.027
BLR,Belarus,2031,2020,ambitious,47.69160904290098,0.019312681490214947,0.2643331533926435,0.000663097073722515,1.027
BLR,Belarus,2032,2020,baseline,57.017097498916826,0.01931268149021495,0.34700524306658176,0.0006498351322480648,1.027
BLR,Belarus,2032,2020,ndc,0.0,0.01931268149021495,-0.11509320295670325,0.0006498351322480648,1.027
BLR,Belarus,2032,2020,ambitious,47.51424792347487,0.01931268149021495,0.2925347198259034,0.0006498351322480648,1.027
BLR,Belarus,2033,2020,baseline,56.803681050589965,0.019312681490214947,0.3844962426269568,0.0006368384296031034,1.027
BLR,Belarus,2033,2020,ndc,0.0,0.019312681490214947,-0.1344058844469182,0.0006368384296031034,1.027
BLR,Belarus,2033,2020,ambitious,47.336400883173624,0.019312681490214947,0.32055843921886207,0.0006368384296031034,1.027
BLR,Belarus,2034,2020,baseline,56.590847707313166,0.01931268149021495,0.421774408844055,0.0006241016610110414,1.027
BLR,Belarus,2034,2020,ndc,0.0,0.01931268149021495,-0.15371856593713315,0.0006241016610110414,1.027
BLR,Belarus,2034,2020,ambitious,47.159039763747515,0.01931268149021495,0.34840479749239456,0.0006241016610110414,1.027
BLR,Belarus,2035,2020,baseline,56.37801436403639,0.01931268149021495,0.45883974171787634,0.0006116196277908205,1.027
BLR,Belarus,2035,2020,ndc,0.0,0.01931268149021495,-0.1730312474273481,0.0006116196277908205,1.027
BLR,Belarus,2035,2020,ambitious,46.98167864432141,0.01931268149021495,0.37607379464650104,0.0006116196277908205,1.027
BLR,Belarus,2036,2020,baseline,56.165181020759604,0.01931268149021495,0.49569224124842104,0.0005993872352350041,1.027
BLR,Belarus,2036,2020,ndc,0.0,0.01931268149021495,-0.19234392891756305,0.0005993872352350041,1.027
BLR,Belarus,2036,2020,ambitious,46.80431752489531,0.01931268149021495,0.40356543068118145,0.0005993872352350041,1.027
BLR,Belarus,2037,2020,baseline,55.951764572432744,0.01931268149021495,0.5323313243306389,0.0005873994905303039,1.027
BLR,Belarus,2037,2020,ndc,0.0,0.01931268149021495,-0.21165661040777797,0.0005873994905303039,1.027
BLR,Belarus,2037,2020,ambitious,46.626470484594066,0.01931268149021495,0.43087921967556064,0.0005873994905303039,1.027
BLR,Belarus,2038,2020,baseline,55.738931229155945,0.01931268149021495,0.5687575740695799,0.000575651500719698,1.027
BLR,Belarus,2038,2020,ndc,0.0,0.01931268149021495,-0.2309692918979929,0.000575651500719698,1.027
BLR,Belarus,2038,2020,ambitious,46.44910936516795,0.01931268149021495,0.4580156475505137,0.000575651500719698,1.027
BLR,Belarus,2039,2020,baseline,55.52609788587916,0.019312681490214947,0.6049709904652442,0.0005641384707053039,1.027
BLR,Belarus,2039,2020,ndc,0.0,0.019312681490214947,-0.2502819733882078,0.0005641384707053039,1.027
BLR,Belarus,2039,2020,ambitious,46.27174824574185,0.019312681490214947,0.48497471430604067,0.0005641384707053039,1.027
BLR,Belarus,2040,2020,baseline,55.313264542602376,0.019312681490214947,0.6409715735176316,0.0005528557012911978,1.027
BLR,Belarus,2040,2020,ndc,0.0,0.019312681490214947,-0.2695946548784227,0.0005528557012911978,1.027
BLR,Belarus,2040,2020,ambitious,46.094387126315745,0.019312681490214947,0.5117564199421415,0.0005528557012911978,1.027
BLR,Belarus,2041,2020,baseline,55.099848094275515,0.019312681490214943,0.6767587401216922,0.0005417985872653738,1.027
BLR,Belarus,2041,2020,ndc,0.0,0.019312681490214943,-0.28890733636863764,0.0005417985872653738,1.027
BLR,Belarus,2041,2020,ambitious,45.9165400860145,0.019312681490214943,0.5383602785379411,0.0005417985872653738,1.027
BLR,Belarus,2042,2020,baseline,54.88701475099872,0.01931268149021495,0.7123330733824761,0.0005309626155200664,1.027
BLR,Belarus,2042,2020,ndc,0.0,0.01931268149021495,-0.30822001785885256,0.0005309626155200664,1.027
BLR,Belarus,2042,2020,ambitious,45.73917896658838,0.01931268149021495,0.5647867760143146,0.0005309626155200664,1.027
BLR,Belarus,2043,2020,baseline,54.67418140772194,0.01931268149021495,0.747694573299983,0.0005203433632096651,1.027
BLR,Belarus,2043,2020,ndc,0.0,0.01931268149021495,-0.3275326993490675,0.0005203433632096651,1.027
BLR,Belarus,2043,2020,ambitious,45.56181784716228,0.01931268149021495,0.591035912371262,0.0005203433632096651,1.027
BLR,Belarus,2044,2020,baseline,54.461348064445154,0.019312681490214947,0.7828432398742132,0.0005099364959454718,1.027
BLR,Belarus,2044,2020,ndc,0.0,0.019312681490214947,-0.3468453808392824,0.0005099364959454718,1.027
BLR,Belarus,2044,2020,ambitious,45.38445672773618,0.019312681490214947,0.6171076876087832,0.0005099364959454718,1.027
BLR,Belarus,2045,2020,baseline,54.247931616118294,0.01931268149021495,0.8177784900001167,0.0004997377660265623,1.027
BLR,Belarus,2045,2020,ndc,0.0,0.01931268149021495,-0.3661580623294973,0.0004997377660265623,1.027
BLR,Belarus,2045,2020,ambitious,45.206609687434934,0.01931268149021495,0.6430016158060031,0.0004997377660265623,1.027
BLR,Belarus,2046,2020,baseline,54.0350982728415,0.01931268149021495,0.8525009067827433,0.0004897430107060311,1.027
BLR,Belarus,2046,2020,ndc,0.0,0.01931268149021495,-0.38547074381971225,0.0004897430107060311,1.027
BLR,Belarus,2046,2020,ambitious,45.029248568008825,0.01931268149021495,0.668718182883797,0.0004897430107060311,1.027
BLR,Belarus,2047,2020,baseline,53.82226492956471,0.019312681490214947,0.8870104902220931,0.00047994815049191044,1.027
BLR,Belarus,2047,2020,ndc,0.0,0.019312681490214947,-0.40478342530992717,0.00047994815049191044,1.027
BLR,Belarus,2047,2020,ambitious,44.851887448582715,0.019312681490214947,0.6942573888421649,0.00047994815049191044,1.027
BLR,Belarus,2048,2020,baseline,53.60943158628793,0.01931268149021495,0.921307240318166,0.00047034918748207224,1.027
BLR,Belarus,2048,2020,ndc,0.0,0.01931268149021495,-0.4240961068001421,0.00047034918748207224,1.027
BLR,Belarus,2048,2020,ambitious,44.67452632915662,0.01931268149021495,0.7196192336811066,0.00047034918748207224,1.027
BLR,Belarus,2049,2020,baseline,53.396015137961065,0.019312681490214947,0.9553905739659122,0.00046094220373243077,1.027
BLR,Belarus,2049,2020,ndc,0.0,0.019312681490214947,-0.443408788290357,0.00046094220373243077,1.027
BLR,Belarus,2049,2020,ambitious,44.49667928885537,0.019312681490214947,0.7448032314797471,0.00046094220373243077,1.027
BLR,Belarus,2050,2020,baseline,53.18318179468428,0.019312681490214947,0.9892610742703815,0.0004517233596577821,1.027
BLR,Belarus,2050,2020,ndc,0.0,0.019312681490214947,-0.46272146978057194,0.0004517233596577821,1.027
BLR,Belarus,2050,2020,ambitious,44.31931816942926,0.019312681490214947,0.7698098681589615,0.0004517233596577821,1.027
BRA,Brazil,2024,2020,baseline,472.5072727536859,0.4442755779763078,0.028231694777378136,0.00021757733033960001,48.95
BRA,Brazil,2024,2020,ndc,472.5072727536859,0.4442755779763078,0.028231694777378136,0.00021757733033960001,48.95
BRA,Brazil,2024,2020,ambitious,472.5072727536859,0.4442755779763078,0.028231694777378136,0.00021757733033960001,48.95
BRA,Brazil,2025,2020,baseline,469.965018957012,0.4442755779763079,0.05392113575808222,0.000213225783732808,48.95
BRA,Brazil,2025,2020,ndc,0.0,0.4442755779763079,-0.41604388319892976,0.000213225783732808,48.95
BRA,Brazil,2025,2020,ambitious,436.3385840689943,0.4442755779763079,0.020294700870064575,0.000213225783732808,48.95
BRA,Brazil,2026,2020,baseline,467.4297112089629,0.4442755779763079,0.07707526899073702,0.00020896126805815184,48.95
BRA,Brazil,2026,2020,ndc,0.0,0.4442755779763079,-0.8603194611752378,0.00020896126805815184,48.95
BRA,Brazil,2026,2020,ambitious,405.006115142418,0.4442755779763079,-0.018974761963825415,0.00020896126805815184,48.95
BRA,Brazil,2027,2020,baseline,464.89440346091374,0.4442755779763078,0.09769409447534283,0.0002047820426969888,48.95
BRA,Brazil,2027,2020,ndc,0.0,0.4442755779763078,-1.3045950391515457,0.0002047820426969888,48.95
BRA,Brazil,2027,2020,ambitious,377.59607414810995,0.4442755779763078,-0.0856542657920234,0.0002047820426969888,48.95
BRA,Brazil,2028,2020,baseline,462.35909571286464,0.4442755779763078,0.11577761221189942,0.000200686401843049,48.95
BRA,Brazil,2028,2020,ndc,0.0,0.4442755779763078,-1.7488706171278536,0.000200686401843049,48.95
BRA,Brazil,2028,2020,ambitious,353.41529171216456,0.4442755779763078,-0.17651455205616662,0.000200686401843049,48.95
BRA,Brazil,2029,2020,baseline,459.81684191619075,0.4442755779763078,0.1313188761517825,0.00019667267380618804,48.95
BRA,Brazil,2029,2020,ndc,0.0,0.4442755779763078,-2.1931461951041613,0.00019667267380618804,48.95
BRA,Brazil,2029,2020,ambitious,331.9198272347404,0.4442755779763078,-0.2888703027977342,0.00019667267380618804,48.95
BRA,Brazil,2030,2020,baseline,457.2815341681416,0.4442755779763079,0.14432483234361637,0.00019273922033006426,48.95
BRA,Brazil,2030,2020,ndc,0.0,0.4442755779763079,-2.637421773080469,0.00019273922033006426,48.95
BRA,Brazil,2030,2020,ambitious,329.50927649548333,0.4442755779763079,-0.40363660427855885,0.00019273922033006426,48.95
BRA,Brazil,2031,2020,baseline,454.74622642009246,0.4442755779763078,0.15479548078740102,0.000188884435923463,48.95
BRA,Brazil,2031,2020,ndc,0.0,0.4442755779763078,-3.081697351056777,0.000188884435923463,48.95
BRA,Brazil,2031,2020,ambitious,327.6823769613204,0.4442755779763078,-0.5202298052935461,0.000188884435923463,48.95
BRA,Brazil,2032,2020,baseline,452.21091867204336,0.4442755779763079,0.16273082148313645,0.00018510674720499372,48.95
BRA,Brazil,2032,2020,ndc,0.0,0.4442755779763079,-3.525972929033085,0.00018510674720499372,48.95
BRA,Brazil,2032,2020,ambitious,325.85547742715755,0.4442755779763079,-0.6386499058426964,0.00018510674720499372,48.95
BRA,Brazil,2033,2020,baseline,449.6686648753694,0.4442755779763079,0.16812390838219837,0.00018140461226089384,48.95
BRA,Brazil,2033,2020,ndc,0.0,0.4442755779763079,-3.970248507009393,0.00018140461226089384,48.95
BRA,Brazil,2033,2020,ambitious,324.0235726887915,0.4442755779763079,-0.7589019111302129,0.00018140461226089384,48.95
BRA,Brazil,2034,2020,baseline,447.13335712732027,0.4442755779763079,0.17098168753321108,0.00017777652001567596,48.95
BRA,Brazil,2034,2020,ndc,0.0,0.4442755779763079,-4.414524084985701,0.00017777652001567596,48.95
BRA,Brazil,2034,2020,ambitious,322.1966731546286,0.4442755779763079,-0.8809808159518919,0.00017777652001567596,48.95
BRA,Brazil,2035,2020,baseline,444.5980493792712,0.4442755779763079,0.17130415893617457,0.00017422098961536244,48.95
BRA,Brazil,2035,2020,ndc,0.0,0.4442755779763079,-4.858799662962009,0.00017422098961536244,48.95
BRA,Brazil,2035,2020,ambitious,320.36977362046576,0.4442755779763079,-1.004886620307734,0.00017422098961536244,48.95
BRA,Brazil,2036,2020,baseline,442.0627416312221,0.4442755779763079,0.16909132259108883,0.00017073656982305517,48.95
BRA,Brazil,2036,2020,ndc,0.0,0.4442755779763079,-5.303075240938317,0.00017073656982305517,48.95
BRA,Brazil,2036,2020,ambitious,318.5428740863029,0.4442755779763079,-1.1306193241977391,0.00017073656982305517,48.95
BRA,Brazil,2037,2020,baseline,439.52048783454813,0.4442755779763079,0.1643362324493287,0.00016732183842659408,48.95
BRA,Brazil,2037,2020,ndc,0.0,0.4442755779763079,-5.747350818914625,0.00016732183842659408,48.95
BRA,Brazil,2037,2020,ambitious,316.71096934793684,0.4442755779763079,-1.2581839328261104,0.00016732183842659408,48.95
BRA,Brazil,2038,2020,baseline,436.98518008649904,0.4442755779763079,0.15704583455952026,0.0001639754016580622,48.95
BRA,Brazil,2038,2020,ndc,0.0,0.4442755779763079,-6.191626396890933,0.0001639754016580622,48.95
BRA,Brazil,2038,2020,ambitious,314.884069813774,0.4442755779763079,-1.3875754409886447,0.0001639754016580622,48.95
BRA,Brazil,2039,2020,baseline,434.4498723384499,0.4442755779763078,0.14722012892166259,0.00016069589362490094,48.95
BRA,Brazil,2039,2020,ndc,0.0,0.4442755779763078,-6.635901974867241,0.00016069589362490094,48.95
BRA,Brazil,2039,2020,ambitious,313.0571702796111,0.4442755779763078,-1.5187938486853412,0.00016069589362490094,48.95
BRA,Brazil,2040,2020,baseline,431.91456459040074,0.4442755779763078,0.1348591155357557,0.00015748197575240293,48.95
BRA,Brazil,2040,2020,ndc,0.0,0.4442755779763078,-7.080177552843549,0.00015748197575240293,48.95
BRA,Brazil,2040,2020,ambitious,311.23027074544825,0.4442755779763078,-1.6518391559162007,0.00015748197575240293,48.95
BRA,Brazil,2041,2020,baseline,429.3723107937268,0.4442755779763079,0.1199558483531753,0.00015433233623735485,48.95
BRA,Brazil,2041,2020,ndc,0.0,0.4442755779763079,-7.524453130819857,0.00015433233623735485,48.95
BRA,Brazil,2041,2020,ambitious,309.39836600708213,0.4442755779763079,-1.7867163678854263,0.00015433233623735485,48.95
BRA,Brazil,2042,2020,baseline,426.8370030456777,0.4442755779763079,0.10251727342254568,0.00015124568951260776,48.95
BRA,Brazil,2042,2020,ndc,0.0,0.4442755779763079,-7.9687287087961645,0.00015124568951260776,48.95
BRA,Brazil,2042,2020,ambitious,307.5714664729193,0.4442755779763079,-1.923420479388815,0.00015124568951260776,48.95
BRA,Brazil,2043,2020,baseline,424.30169529762856,0.4442755779763079,0.08254339074386685,0.00014822077572235561,48.95
BRA,Brazil,2043,2020,ndc,0.0,0.4442755779763079,-8.413004286772471,0.00014822077572235561,48.95
BRA,Brazil,2043,2020,ambitious,305.7445669387564,0.4442755779763079,-2.0619514904263667,0.00014822077572235561,48.95
BRA,Brazil,2044,2020,baseline,421.76638754957946,0.4442755779763078,0.0600342003171388,0.00014525636020790847,48.95
BRA,Brazil,2044,2020,ndc,0.0,0.4442755779763078,-8.85727986474878,0.00014525636020790847,48.95
BRA,Brazil,2044,2020,ambitious,303.91766740459354,0.4442755779763078,-2.2023094009980815,0.00014525636020790847,48.95
BRA,Brazil,2045,2020,baseline,419.2241337529056,0.4442755779763079,0.034982756093736356,0.0001423512330037503,48.95
BRA,Brazil,2045,2020,ndc,0.0,0.4442755779763079,-9.301555442725087,0.0001423512330037503,48.95
BRA,Brazil,2045,2020,ambitious,302.08576266622754,0.4442755779763079,-2.3444992163081615,0.0001423512330037503,48.95
BRA,Brazil,2046,2020,baseline,416.68882600485637,0.4442755779763079,0.007396004122284694,0.0001395042083436753,48.95
BRA,Brazil,2046,2020,ndc,0.0,0.4442755779763079,-9.745831020701395,0.0001395042083436753,48.95
BRA,Brazil,2046,2020,ambitious,300.2588631320646,0.4442755779763079,-2.4885159311524045,0.0001395042083436753,48.95
BRA,Brazil,2047,2020,baseline,414.1535182568073,0.4442755779763079,-0.022726055597216188,0.0001367141241768018,48.95
BRA,Brazil,2047,2020,ndc,0.0,0.4442755779763079,-10.190106598677703,0.0001367141241768018,48.95
BRA,Brazil,2047,2020,ambitious,298.43196359790176,0.4442755779763079,-2.6343595455308115,0.0001367141241768018,48.95
BRA,Brazil,2048,2020,baseline,411.6182105087582,0.4442755779763078,-0.05538342306476629,0.00013397984169326576,48.95
BRA,Brazil,2048,2020,ndc,0.0,0.4442755779763078,-10.634382176654011,0.00013397984169326576,48.95
BRA,Brazil,2048,2020,ambitious,296.6050640637389,0.4442755779763078,-2.7820300594433807,0.00013397984169326576,48.95
BRA,Brazil,2049,2020,baseline,409.07595671208423,0.4442755779763078,-0.09058304432899078,0.00013130024485940046,48.95
BRA,Brazil,2049,2020,ndc,0.0,0.4442755779763078,-11.078657754630319,0.00013130024485940046,48.95
BRA,Brazil,2049,2020,ambitious,294.77315932537283,0.4442755779763078,-2.931532478094315,0.00013130024485940046,48.95
BRA,Brazil,2050,2020,baseline,406.54064896403514,0.4442755779763078,-0.12831797334126271,0.00012867423996221244,48.95
BRA,Brazil,2050,2020,ndc,0.0,0.4442755779763078,-11.522933332606627,0.00012867423996221244,48.95
BRA,Brazil,2050,2020,ambitious,292.94625979120997,0.4442755779763078,-3.0828617962794134,0.00012867423996221244,48.95
CAN,Canada,2024,2020,baseline,540.5853092541398,0.08434238673772926,0.4562429225164106,0.000247689317695988,27.858
CAN,Canada,2024,2020,ndc,540.5853092541398,0.08434238673772926,0.4562429225164106,0.000247689317695988,27.858
CAN,Canada,2024,2020,ambitious,540.5853092541398,0.08434238673772926,0.4562429225164106,0.000247689317695988,27.858
CAN,Canada,2025,2020,baseline,536.9670960129104,0.08434238673772926,0.9088676317915917,0.00024273553134206822,27.858
CAN,Canada,2025,2020,ndc,0.0,0.08434238673772926,0.3719005357786813,0.00024273553134206822,27.858
CAN,Canada,2025,2020,ambitious,512.29244148313,0.08434238673772926,0.8841929772618112,0.00024273553134206822,27.858
CAN,Canada,2026,2020,baseline,533.3587686002087,0.08434238673772926,1.3578840136540713,0.00023788082071522686,27.858
CAN,Canada,2026,2020,ndc,0.0,0.08434238673772926,0.28755814904095206,0.00023788082071522686,27.858
CAN,Canada,2026,2020,ambitious,486.4945768163079,0.08434238673772926,1.28634516734039,0.00023788082071522686,27.858
CAN,Canada,2027,2020,baseline,529.7504411875071,0.08434238673772926,1.803292068103849,0.0002331232043009223,27.858
CAN,Canada,2027,2020,ndc,0.0,0.08434238673772926,0.2032157623032228,0.0002331232043009223,27.858
CAN,Canada,2027,2020,ambitious,462.8680769373471,0.08434238673772926,1.6648708575400077,0.0002331232043009223,27.858
CAN,Canada,2028,2020,baseline,526.1421137748055,0.08434238673772926,2.2450917951409255,0.00022846074021490388,27.858
CAN,Canada,2028,2020,ndc,0.0,0.08434238673772926,0.11887337556549354,0.00022846074021490388,27.858
CAN,Canada,2028,2020,ambitious,441.1498724846425,0.08434238673772926,2.021678343286921,0.00022846074021490388,27.858
CAN,Canada,2029,2020,baseline,522.523900533576,0.08434238673772926,2.6832733089367724,0.0002238915254106058,27.858
CAN,Canada,2029,2020,ndc,0.0,0.08434238673772926,0.034530988827764286,0.0002238915254106058,27.858
CAN,Canada,2029,2020,ambitious,421.1097732448,0.08434238673772926,2.358445729793992,0.0002238915254106058,27.858
CAN,Canada,2030,2020,baseline,518.9155731208743,0.08434238673772926,3.117846495319917,0.0002194136949023937,27.858
CAN,Canada,2030,2020,ndc,0.0,0.08434238673772926,-0.049811397909964916,0.0002194136949023937,27.858
CAN,Canada,2030,2020,ambitious,402.5750029737411,0.08434238673772926,2.6766783460300037,0.0002194136949023937,27.858
CAN,Canada,2031,2020,baseline,515.3072457081728,0.08434238673772926,3.5488113542903608,0.0002150254210043458,27.858
CAN,Canada,2031,2020,ndc,0.0,0.08434238673772926,-0.13415378464769423,0.0002150254210043458,27.858
CAN,Canada,2031,2020,ambitious,399.77566047152607,0.08434238673772926,2.9921116197638002,0.0002150254210043458,27.858
CAN,Canada,2032,2020,baseline,511.6989182954712,0.08434238673772926,3.976167885848103,0.0002107249125842589,27.858
CAN,Canada,2032,2020,ndc,0.0,0.08434238673772926,-0.21849617138542354,0.0002107249125842589,27.858
CAN,Canada,2032,2020,ambitious,396.9763179693109,0.08434238673772926,3.304745550995382,0.0002107249125842589,27.858
CAN,Canada,2033,2020,baseline,508.08070505424155,0.08434238673772926,4.3999062041646155,0.00020651041433257368,27.858
CAN,Canada,2033,2020,ndc,0.0,0.08434238673772926,-0.30283855812315286,0.00020651041433257368,27.858
CAN,Canada,2033,2020,ambitious,394.16930603558285,0.08434238673772926,3.614572470293235,0.00020651041433257368,27.858
CAN,Canada,2034,2020,baseline,504.47237764154,0.08434238673772926,4.820036195068425,0.00020238020604592224,27.858
CAN,Canada,2034,2020,ndc,0.0,0.08434238673772926,-0.38718094486088217,0.00020238020604592224,27.858
CAN,Canada,2034,2020,ambitious,391.36996353336775,0.08434238673772926,3.9216000470888734,0.00020238020604592224,27.858
CAN,Canada,2035,2020,baseline,500.8640502288384,0.08434238673772926,5.236557858559534,0.00019833260192500375,27.858
CAN,Canada,2035,2020,ndc,0.0,0.08434238673772926,-0.4715233315986115,0.00019833260192500375,27.858
CAN,Canada,2035,2020,ambitious,388.5706210311526,0.08434238673772926,4.225828281382297,0.00019833260192500375,27.858
CAN,Canada,2036,2020,baseline,497.25572281613677,0.08434238673772927,5.6494711946379415,0.00019436594988650368,27.858
CAN,Canada,2036,2020,ndc,0.0,0.08434238673772927,-0.5558657183363408,0.00019436594988650368,27.858
CAN,Canada,2036,2020,ambitious,385.7712785289375,0.08434238673772927,4.5272571731735045,0.00019436594988650368,27.858
CAN,Canada,2037,2020,baseline,493.63750957490726,0.08434238673772927,6.05876631747512,0.0001904786308887736,27.858
CAN,Canada,2037,2020,ndc,0.0,0.08434238673772927,-0.6402081050740701,0.0001904786308887736,27.858
CAN,Canada,2037,2020,ambitious,382.9642665952095,0.08434238673772927,4.8258790530309845,0.0001904786308887736,27.858
CAN,Canada,2038,2020,baseline,490.0291821622057,0.08434238673772926,6.464453112899596,0.00018666905827099815,27.858
CAN,Canada,2038,2020,ndc,0.0,0.08434238673772926,-0.7245504918117994,0.00018666905827099815,27.858
CAN,Canada,2038,2020,ambitious,380.1649240929944,0.08434238673772926,5.12170159038625,0.00018666905827099815,27.858
CAN,Canada,2039,2020,baseline,486.4208547495041,0.08434238673772926,6.866531580911371,0.00018293567710557816,27.858
CAN,Canada,2039,2020,ndc,0.0,0.08434238673772926,-0.8088928785495287,0.00018293567710557816,27.858
CAN,Canada,2039,2020,ambitious,377.3655815907793,0.08434238673772926,5.414724785239301,0.00018293567710557816,27.858
CAN,Canada,2040,2020,baseline,482.8125273368025,0.08434238673772926,7.265001721510444,0.0001792769635634666,27.858
CAN,Canada,2040,2020,ndc,0.0,0.08434238673772926,-0.893235265287258,0.0001792769635634666,27.858
CAN,Canada,2040,2020,ambitious,374.56623908856415,0.08434238673772926,5.704948637590135,0.0001792769635634666,27.858
CAN,Canada,2041,2020,baseline,479.1943140955729,0.08434238673772924,7.659853648868287,0.00017569142429219725,27.858
CAN,Canada,2041,2020,ndc,0.0,0.08434238673772924,-0.9775776520249874,0.00017569142429219725,27.858
CAN,Canada,2041,2020,ambitious,371.75922715483614,0.08434238673772924,5.992365478007242,0.00017569142429219725,27.858
CAN,Canada,2042,2020,baseline,475.5859866828713,0.08434238673772926,8.051097248813429,0.0001721775958063533,27.858
CAN,Canada,2042,2020,ndc,0.0,0.08434238673772926,-1.0619200387627168,0.0001721775958063533,27.858
CAN,Canada,2042,2020,ambitious,368.959884652621,0.08434238673772926,6.276982975922133,0.0001721775958063533,27.858
CAN,Canada,2043,2020,baseline,471.9776592701697,0.08434238673772926,8.43873252134587,0.00016873404389022625,27.858
CAN,Canada,2043,2020,ndc,0.0,0.08434238673772926,-1.146262425500446,0.00016873404389022625,27.858
CAN,Canada,2043,2020,ambitious,366.1605421504059,0.08434238673772926,6.558801131334809,0.00016873404389022625,27.858
CAN,Canada,2044,2020,baseline,468.36933185746807,0.08434238673772926,8.822759466465609,0.0001653593630124217,27.858
CAN,Canada,2044,2020,ndc,0.0,0.08434238673772926,-1.2306048122381754,0.0001653593630124217,27.858
CAN,Canada,2044,2020,ambitious,363.36119964819073,0.08434238673772926,6.83781994424527,0.0001653593630124217,27.858
CAN,Canada,2045,2020,baseline,464.75111861623856,0.08434238673772926,9.203168198344118,0.00016205217575217327,27.858
CAN,Canada,2045,2020,ndc,0.0,0.08434238673772926,-1.3149471989759047,0.00016205217575217327,27.858
CAN,Canada,2045,2020,ambitious,360.5541877144627,0.08434238673772926,7.114031745222004,0.00016205217575217327,27.858
CAN,Canada,2046,2020,baseline,461.14279120353694,0.08434238673772926,9.579968602809926,0.00015881113223712982,27.858
CAN,Canada,2046,2020,ndc,0.0,0.08434238673772926,-1.399289585713634,0.00015881113223712982,27.858
CAN,Canada,2046,2020,ambitious,357.75484521224763,0.08434238673772926,7.387444203696523,0.00015881113223712982,27.858
CAN,Canada,2047,2020,baseline,457.5344637908354,0.08434238673772927,9.953160679863032,0.00015563490959238723,27.858
CAN,Canada,2047,2020,ndc,0.0,0.08434238673772927,-1.4836319724513634,0.00015563490959238723,27.858
CAN,Canada,2047,2020,ambitious,354.95550271003253,0.08434238673772927,7.658057319668826,0.00015563490959238723,27.858
CAN,Canada,2048,2020,baseline,453.9261363781338,0.08434238673772926,10.322744429503437,0.00015252221140053948,27.858
CAN,Canada,2048,2020,ndc,0.0,0.08434238673772926,-1.5679743591890927,0.00015252221140053948,27.858
CAN,Canada,2048,2020,ambitious,352.15616020781744,0.08434238673772926,7.925871093138914,0.00015252221140053948,27.858
CAN,Canada,2049,2020,baseline,450.30792313690426,0.08434238673772926,10.688709965902612,0.0001494717671725287,27.858
CAN,Canada,2049,2020,ndc,0.0,0.08434238673772926,-1.652316745926822,0.0001494717671725287,27.858
CAN,Canada,2049,2020,ambitious,349.34914827408943,0.08434238673772926,8.190877854675275,0.0001494717671725287,27.858
CAN,Canada,2050,2020,baseline,446.69959572420265,0.08434238673772926,11.051067174889086,0.0001464823318290781,27.858
CAN,Canada,2050,2020,ndc,0.0,0.08434238673772926,-1.7366591326645513,0.0001464823318290781,27.858
CAN,Canada,2050,2020,ambitious,346.5498057718743,0.08434238673772926,8.45308527370942,0.0001464823318290781,27.858
CHE,Switzerland,2024,2020,baseline,31.86282511804439,0.018702041398569652,0.013160783719474739,3.5869152133980244e-05,35.636
CHE,Switzerland,2024,2020,ndc,31.86282511804439,0.018702041398569652,0.013160783719474739,3.5869152133980244e-05,35.636
CHE,Switzerland,2024,2020,ambitious,31.86282511804439,0.018702041398569652,0.013160783719474739,3.5869152133980244e-05,35.636
CHE,Switzerland,2025,2020,baseline,31.003108461104034,0.018702041398569652,0.02546185078200912,3.515176909130064e-05,35.636
CHE,Switzerland,2025,2020,ndc,0.0,0.018702041398569652,-0.005541257679094913,3.515176909130064e-05,35.636
CHE,Switzerland,2025,2020,ambitious,30.003008188192354,0.018702041398569652,0.024461750509097442,3.515176909130064e-05,35.636
CHE,Switzerland,2026,2020,baseline,30.145740756778267,0.018702041398569652,0.036905550140217735,3.4448733709474625e-05,35.636
CHE,Switzerland,2026,2020,ndc,0.0,0.018702041398569652,-0.024243299077664565,3.4448733709474625e-05,35.636
CHE,Switzerland,2026,2020,ambitious,28.261631959529193,0.018702041398569652,0.034021341070056985,3.4448733709474625e-05,35.636
CHE,Switzerland,2027,2020,baseline,29.288373052452496,0.018702041398569652,0.04749188179410058,3.375975903528513e-05,35.636
CHE,Switzerland,2027,2020,ndc,0.0,0.018702041398569652,-0.04294534047623422,3.375975903528513e-05,35.636
CHE,Switzerland,2027,2020,ambitious,26.625793684115646,0.018702041398569652,0.04194509335560298,3.375975903528513e-05,35.636
CHE,Switzerland,2028,2020,baseline,28.43100534812673,0.018702041398569652,0.057220845743657656,3.308456385457943e-05,35.636
CHE,Switzerland,2028,2020,ndc,0.0,0.018702041398569652,-0.06164738187480387,3.308456385457943e-05,35.636
CHE,Switzerland,2028,2020,ambitious,25.086181189606403,0.018702041398569652,0.04832923314663973,3.308456385457943e-05,35.636
CHE,Switzerland,2029,2020,baseline,27.571288691186375,0.018702041398569652,0.06609009303627439,3.242287257748784e-05,35.636
CHE,Switzerland,2029,2020,ndc,0.0,0.018702041398569652,-0.08034942327337352,3.242287257748784e-05,35.636
CHE,Switzerland,2029,2020,ambitious,23.632533163968773,0.018702041398569652,0.05325972491203884,3.242287257748784e-05,35.636
CHE,Switzerland,2030,2020,baseline,26.7139209868606,0.018702041398569652,0.07410197262456533,3.1774415125938085e-05,35.636
CHE,Switzerland,2030,2020,ndc,0.0,0.018702041398569652,-0.09905146467194317,3.1774415125938085e-05,35.636
CHE,Switzerland,2030,2020,ambitious,22.261600822487946,0.018702041398569652,0.05681928433595715,3.1774415125938085e-05,35.636
CHE,Switzerland,2031,2020,baseline,25.85655328253484,0.018702041398569652,0.08125648450853051,3.113892682341932e-05,35.636
CHE,Switzerland,2031,2020,ndc,0.0,0.018702041398569652,-0.11775350607051283,3.113892682341932e-05,35.636
CHE,Switzerland,2031,2020,ambitious,21.54712773554647,0.018702041398569652,0.05966437067293395,3.113892682341932e-05,35.636
CHE,Switzerland,2032,2020,baseline,24.999185578209072,0.018702041398569652,0.08755362868816993,3.0516148286950936e-05,35.636
CHE,Switzerland,2032,2020,ndc,0.0,0.018702041398569652,-0.13645554746908248,3.0516148286950936e-05,35.636
CHE,Switzerland,2032,2020,ambitious,20.83265464860499,0.018702041398569652,0.06179498392296928,3.0516148286950936e-05,35.636
CHE,Switzerland,2033,2020,baseline,24.13946892126871,0.018702041398569652,0.092991056210869,2.990582532121191e-05,35.636
CHE,Switzerland,2033,2020,ndc,0.0,0.018702041398569652,-0.15515758886765213,2.990582532121191e-05,35.636
CHE,Switzerland,2033,2020,ambitious,20.11622410115134,0.018702041398569652,0.06320916662555098,2.990582532121191e-05,35.636
CHE,Switzerland,2034,2020,baseline,23.282101216942944,0.018702041398569652,0.09757111602924232,2.9307708814787676e-05,35.636
CHE,Switzerland,2034,2020,ndc,0.0,0.018702041398569652,-0.17385963026622178,2.9307708814787676e-05,35.636
CHE,Switzerland,2034,2020,ambitious,19.40175101420986,0.018702041398569652,0.06390887624119121,2.9307708814787676e-05,35.636
CHE,Switzerland,2035,2020,baseline,22.424733512617177,0.018702041398569652,0.10129380814328987,2.872155463849192e-05,35.636
CHE,Switzerland,2035,2020,ndc,0.0,0.018702041398569652,-0.19256167166479143,2.872155463849192e-05,35.636
CHE,Switzerland,2035,2020,ambitious,18.68727792726838,0.018702041398569652,0.06389411276988993,2.872155463849192e-05,35.636
CHE,Switzerland,2036,2020,baseline,21.56736580829141,0.018702041398569656,0.1041591325530116,2.814712354572208e-05,35.636
CHE,Switzerland,2036,2020,ndc,0.0,0.018702041398569656,-0.21126371306336109,2.814712354572208e-05,35.636
CHE,Switzerland,2036,2020,ambitious,17.972804840326898,0.018702041398569656,0.06316487621164715,2.814712354572208e-05,35.636
CHE,Switzerland,2037,2020,baseline,20.707649151351053,0.018702041398569652,0.10616474030579298,2.758418107480764e-05,35.636
CHE,Switzerland,2037,2020,ndc,0.0,0.018702041398569652,-0.22996575446193074,2.758418107480764e-05,35.636
CHE,Switzerland,2037,2020,ambitious,17.25637429287325,0.018702041398569652,0.061719209105950745,2.758418107480764e-05,35.636
CHE,Switzerland,2038,2020,baseline,19.85028144702528,0.018702041398569652,0.10731298035424863,2.703249745331149e-05,35.636
CHE,Switzerland,2038,2020,ndc,0.0,0.018702041398569652,-0.24866779586050036,2.703249745331149e-05,35.636
CHE,Switzerland,2038,2020,ambitious,16.541901205931765,0.018702041398569652,0.05955906891331286,2.703249745331149e-05,35.636
CHE,Switzerland,2039,2020,baseline,18.992913742699518,0.018702041398569652,0.10760385269837847,2.6491847504245254e-05,35.636
CHE,Switzerland,2039,2020,ndc,0.0,0.018702041398569652,-0.26736983725907004,2.6491847504245254e-05,35.636
CHE,Switzerland,2039,2020,ambitious,15.827428118990287,0.018702041398569652,0.05668445563373348,2.6491847504245254e-05,35.636
CHE,Switzerland,2040,2020,baseline,18.13554603837375,0.018702041398569652,0.10703735733818254,2.5962010554160352e-05,35.636
CHE,Switzerland,2040,2020,ndc,0.0,0.018702041398569652,-0.2860718786576397,2.5962010554160352e-05,35.636
CHE,Switzerland,2040,2020,ambitious,15.112955032048806,0.018702041398569652,0.05309536926721259,2.5962010554160352e-05,35.636
CHE,Switzerland,2041,2020,baseline,17.275829381433386,0.018702041398569652,0.10561114532104626,2.544277034307714e-05,35.636
CHE,Switzerland,2041,2020,ndc,0.0,0.018702041398569652,-0.3047739200562094,2.544277034307714e-05,35.636
CHE,Switzerland,2041,2020,ambitious,14.396524484595153,0.018702041398569652,0.04878985235323807,2.544277034307714e-05,35.636
CHE,Switzerland,2042,2020,baseline,16.418461677107626,0.018702041398569652,0.10332756559958423,2.49339149362156e-05,35.636
CHE,Switzerland,2042,2020,ndc,0.0,0.018702041398569652,-0.3234759614547791,2.49339149362156e-05,35.636
CHE,Switzerland,2042,2020,ambitious,13.682051397653677,0.018702041398569652,0.04376986235232205,2.49339149362156e-05,35.636
CHE,Switzerland,2043,2020,baseline,15.561093972781856,0.018702041398569652,0.10018661817379643,2.443523663749129e-05,35.636
CHE,Switzerland,2043,2020,ndc,0.0,0.018702041398569652,-0.34217800285334876,2.443523663749129e-05,35.636
CHE,Switzerland,2043,2020,ambitious,12.967578310712195,0.018702041398569652,0.03803539926446459,2.443523663749129e-05,35.636
CHE,Switzerland,2044,2020,baseline,14.703726268456089,0.018702041398569652,0.09618830304368281,2.394653190474146e-05,35.636
CHE,Switzerland,2044,2020,ndc,0.0,0.018702041398569652,-0.36088004425191844,2.394653190474146e-05,35.636
CHE,Switzerland,2044,2020,ambitious,12.253105223770714,0.018702041398569652,0.03158646308966562,2.394653190474146e-05,35.636
CHE,Switzerland,2045,2020,baseline,13.844009611515737,0.018702041398569652,0.09133027125662885,2.346760126664663e-05,35.636
CHE,Switzerland,2045,2020,ndc,0.0,0.018702041398569652,-0.3795820856504881,2.346760126664663e-05,35.636
CHE,Switzerland,2045,2020,ambitious,11.53667467631707,0.018702041398569652,0.02442109636741302,2.346760126664663e-05,35.636
CHE,Switzerland,2046,2020,baseline,12.986641907189965,0.018702041398569652,0.08561487176524918,2.29982492413137e-05,35.636
CHE,Switzerland,2046,2020,ndc,0.0,0.018702041398569652,-0.3982841270490578,2.29982492413137e-05,35.636
CHE,Switzerland,2046,2020,ambitious,10.822201589375585,0.018702041398569652,0.01654125655821892,2.29982492413137e-05,35.636
CHE,Switzerland,2047,2020,baseline,12.1292742028642,0.018702041398569652,0.07904210456954375,2.2538284256487428e-05,35.636
CHE,Switzerland,2047,2020,ndc,0.0,0.018702041398569652,-0.4169861684476275,2.2538284256487428e-05,35.636
CHE,Switzerland,2047,2020,ambitious,10.107728502434107,0.018702041398569652,0.007946943662083372,2.2538284256487428e-05,35.636
CHE,Switzerland,2048,2020,baseline,11.271906498538428,0.018702041398569652,0.07161196966951244,2.2087518571357676e-05,35.636
CHE,Switzerland,2048,2020,ndc,0.0,0.018702041398569652,-0.43568820984619716,2.2087518571357676e-05,35.636
CHE,Switzerland,2048,2020,ambitious,9.39325541549262,0.018702041398569652,-0.001361842320993678,2.2087518571357676e-05,35.636
CHE,Switzerland,2049,2020,baseline,10.412189841598066,0.018702041398569652,0.06332211811254085,2.1645768199930524e-05,35.636
CHE,Switzerland,2049,2020,ndc,0.0,0.018702041398569652,-0.45439025124476684,2.1645768199930524e-05,35.636
CHE,Switzerland,2049,2020,ambitious,8.676824868038969,0.018702041398569652,-0.011387058851524412,2.1645768199930524e-05,35.636
CHE,Switzerland,2050,2020,baseline,9.554822137272303,0.018702041398569652,0.05417489885124349,2.121285283593191e-05,35.636
CHE,Switzerland,2050,2020,ndc,0.0,0.018702041398569652,-0.4730922926433365,2.121285283593191e-05,35.636
CHE,Switzerland,2050,2020,ambitious,7.9623517810974915,0.018702041398569652,-0.022126748468996593,2.121285283593191e-05,35.636
CHL,Chile,2024,2020,baseline,80.91456636399876,0.041365492689787335,0.03954907367421142,0.000225747136629294,30.347
CHL,Chile,2024,2020,ndc,80.91456636399876,0.041365492689787335,0.03954907367421142,0.000225747136629294,30.347
CHL,Chile,2024,2020,ambitious,80.91456636399876,0.041365492689787335,0.03954907367421142,0.000225747136629294,30.347
CHL,Chile,2025,2020,baseline,80.39387298614037,0.04136549268978734,0.07857745397056443,0.0002212321938967081,30.347
CHL,Chile,2025,2020,ndc,0.0,0.04136549268978734,-0.001816419015575929,0.0002212321938967081,30.347
CHL,Chile,2025,2020,ambitious,75.33821680033486,0.04136549268978734,0.07352179778475892,0.0002212321938967081,30.347
CHL,Chile,2026,2020,baseline,79.87460226778431,0.04136549268978734,0.1170865635485614,0.00021680755001877395,30.347
CHL,Chile,2026,2020,ndc,0.0,0.04136549268978734,-0.04318191170536327,0.00021680755001877395,30.347
CHL,Chile,2026,2020,ambitious,70.42297553661076,0.04136549268978734,0.10257928063158234,0.00021680755001877395,30.347
CHL,Chile,2027,2020,baseline,79.35533154942827,0.04136549268978734,0.1550764024082023,0.00021247139901839845,30.347
CHL,Chile,2027,2020,ndc,0.0,0.04136549268978734,-0.08454740439515061,0.00021247139901839845,30.347
CHL,Chile,2027,2020,ambitious,66.05686899486855,0.04136549268978734,0.12727065693666356,0.00021247139901839845,30.347
CHL,Chile,2028,2020,baseline,78.83606083107222,0.04136549268978734,0.19254697054948716,0.0002082219710380305,30.347
CHL,Chile,2028,2020,ndc,0.0,0.04136549268978734,-0.12591289708493797,0.0002082219710380305,30.347
CHL,Chile,2028,2020,ambitious,62.15274108766115,0.04136549268978734,0.1480579053345374,0.0002082219710380305,30.347
CHL,Chile,2029,2020,baseline,78.31536745321382,0.04136549268978734,0.22949684531291364,0.00020405753161726987,30.347
CHL,Chile,2029,2020,ndc,0.0,0.04136549268978734,-0.1672783897747253,0.00020405753161726987,30.347
CHL,Chile,2029,2020,ambitious,58.63988774344212,0.04136549268978734,0.16533230038819213,0.00020405753161726987,30.347
CHL,Chile,2030,2020,baseline,77.79609673485778,0.04136549268978734,0.2659274493579841,0.00019997638098492447,30.347
CHL,Chile,2030,2020,ndc,0.0,0.04136549268978734,-0.20864388246451265,0.00019997638098492447,30.347
CHL,Chile,2030,2020,ambitious,55.464178450793,0.04136549268978734,0.17943098614919778,0.00019997638098492447,30.347
CHL,Chile,2031,2020,baseline,77.27682601650174,0.04136549268978734,0.30183878268469855,0.00019597685336522597,30.347
CHL,Chile,2031,2020,ndc,0.0,0.04136549268978734,-0.2500093751543,0.00019597685336522597,30.347
CHL,Chile,2031,2020,ambitious,55.09396805469396,0.04136549268978734,0.19315946151410435,0.00019597685336522597,30.347
CHL,Chile,2032,2020,baseline,76.75755529814569,0.04136549268978734,0.33723084529305686,0.00019205731629792146,30.347
CHL,Chile,2032,2020,ndc,0.0,0.04136549268978734,-0.29137486784408734,0.00019205731629792146,30.347
CHL,Chile,2032,2020,ambitious,54.72375765859491,0.04136549268978734,0.20651772648291195,0.00019205731629792146,30.347
CHL,Chile,2033,2020,baseline,76.2368619202873,0.04136549268978734,0.37210221452355685,0.00018821616997196302,30.347
CHL,Chile,2033,2020,ndc,0.0,0.04136549268978734,-0.3327403605338747,0.00018821616997196302,30.347
CHL,Chile,2033,2020,ambitious,54.35253298743806,0.04136549268978734,0.21950476678056263,0.00018821616997196302,30.347
CHL,Chile,2034,2020,baseline,75.71759120193126,0.04136549268978734,0.40645431303570073,0.00018445184657252378,30.347
CHL,Chile,2034,2020,ndc,0.0,0.04136549268978734,-0.374105853223662,0.00018445184657252378,30.347
CHL,Chile,2034,2020,ambitious,53.98232259133902,0.04136549268978734,0.23212159668211435,0.00018445184657252378,30.347
CHL,Chile,2035,2020,baseline,75.1983204835752,0.04136549268978734,0.4402871408294886,0.00018076280964107326,30.347
CHL,Chile,2035,2020,ndc,0.0,0.04136549268978734,-0.41547134591344936,0.00018076280964107326,30.347
CHL,Chile,2035,2020,ambitious,53.61211219523997,0.04136549268978734,0.244368216187567,0.00018076280964107326,30.347
CHL,Chile,2036,2020,baseline,74.67904976521916,0.04136549268978734,0.47360069790492054,0.0001771475534482518,30.347
CHL,Chile,2036,2020,ndc,0.0,0.04136549268978734,-0.45683683860323665,0.0001771475534482518,30.347
CHL,Chile,2036,2020,ambitious,53.24190179914093,0.04136549268978734,0.2562446252969206,0.0001771475534482518,30.347
CHL,Chile,2037,2020,baseline,74.15835638736077,0.04136549268978734,0.5063935616024939,0.00017360460237928675,30.347
CHL,Chile,2037,2020,ndc,0.0,0.04136549268978734,-0.49820233129302394,0.00017360460237928675,30.347
CHL,Chile,2037,2020,ambitious,52.87067712798408,0.04136549268978734,0.2677498097351174,0.00017360460237928675,30.347
CHL,Chile,2038,2020,baseline,73.63908566900473,0.04136549268978734,0.5386671545817114,0.00017013251033170106,30.347
CHL,Chile,2038,2020,ndc,0.0,0.04136549268978734,-0.5395678239828112,0.00017013251033170106,30.347
CHL,Chile,2038,2020,ambitious,52.50046673188504,0.04136549268978734,0.27888478377721515,0.00017013251033170106,30.347
CHL,Chile,2039,2020,baseline,73.11981495064869,0.04136549268978734,0.5704214768425728,0.000166729860125067,30.347
CHL,Chile,2039,2020,ndc,0.0,0.04136549268978734,-0.5809333166725985,0.000166729860125067,30.347
CHL,Chile,2039,2020,ambitious,52.130256335786,0.04136549268978734,0.2896495474232139,0.000166729860125067,30.347
CHL,Chile,2040,2020,baseline,72.60054423229263,0.04136549268978734,0.6016565283850781,0.00016339526292256565,30.347
CHL,Chile,2040,2020,ndc,0.0,0.04136549268978734,-0.6222988093623858,0.00016339526292256565,30.347
CHL,Chile,2040,2020,ambitious,51.760045939686954,0.04136549268978734,0.3000441006731136,0.00016339526292256565,30.347
CHL,Chile,2041,2020,baseline,72.07985085443424,0.04136549268978734,0.6323708865497251,0.00016012735766411434,30.347
CHL,Chile,2041,2020,ndc,0.0,0.04136549268978734,-0.6636643020521731,0.00016012735766411434,30.347
CHL,Chile,2041,2020,ambitious,51.3888212685301,0.04136549268978734,0.3100674292518564,0.00016012735766411434,30.347
CHL,Chile,2042,2020,baseline,71.5605801360782,0.04136549268978734,0.6625659739960159,0.00015692481051083205,30.347
CHL,Chile,2042,2020,ndc,0.0,0.04136549268978734,-0.7050297947419604,0.00015692481051083205,30.347
CHL,Chile,2042,2020,ambitious,51.01861087243106,0.04136549268978734,0.3197205474345002,0.00015692481051083205,30.347
CHL,Chile,2043,2020,baseline,71.04130941772216,0.04136549268978734,0.6922417907239509,0.00015378631430061542,30.347
CHL,Chile,2043,2020,ndc,0.0,0.04136549268978734,-0.7463952874317477,0.00015378631430061542,30.347
CHL,Chile,2043,2020,ambitious,50.64840047633203,0.04136549268978734,0.329003455221045,0.00015378631430061542,30.347
CHL,Chile,2044,2020,baseline,70.5220386993661,0.041365492689787335,0.7213983367335297,0.0001507105880146031,30.347
CHL,Chile,2044,2020,ndc,0.0,0.041365492689787335,-0.7877607801215349,0.0001507105880146031,30.347
CHL,Chile,2044,2020,ambitious,50.278190080232974,0.041365492689787335,0.33791615261149066,0.0001507105880146031,30.347
CHL,Chile,2045,2020,baseline,70.00134532150773,0.04136549268978734,0.7500341893652502,0.00014769637625431102,30.347
CHL,Chile,2045,2020,ndc,0.0,0.04136549268978734,-0.8291262728113222,0.00014769637625431102,30.347
CHL,Chile,2045,2020,ambitious,49.906965409076136,0.04136549268978734,0.3464576253307796,0.00014769637625431102,30.347
CHL,Chile,2046,2020,baseline,69.48207460315167,0.04136549268978734,0.7781507712786147,0.00014474244872922482,30.347
CHL,Chile,2046,2020,ndc,0.0,0.04136549268978734,-0.8704917655011095,0.00014474244872922482,30.347
CHL,Chile,2046,2020,ambitious,49.53675501297709,0.04136549268978734,0.3546288876539694,0.00014474244872922482,30.347
CHL,Chile,2047,2020,baseline,68.96280388479563,0.04136549268978734,0.805748082473623,0.00014184759975464033,30.347
CHL,Chile,2047,2020,ndc,0.0,0.04136549268978734,-0.9118572581908968,0.00014184759975464033,30.347
CHL,Chile,2047,2020,ambitious,49.16654461687805,0.04136549268978734,0.3624299395810602,0.00014184759975464033,30.347
CHL,Chile,2048,2020,baseline,68.44353316643958,0.04136549268978734,0.8328261229502751,0.0001390106477595475,30.347
CHL,Chile,2048,2020,ndc,0.0,0.04136549268978734,-0.9532227508806841,0.0001390106477595475,30.347
CHL,Chile,2048,2020,ambitious,48.796334220778995,0.04136549268978734,0.3698607811120518,0.0001390106477595475,30.347
CHL,Chile,2049,2020,baseline,67.92283978858119,0.04136549268978734,0.859383470049069,0.00013623043480435657,30.347
CHL,Chile,2049,2020,ndc,0.0,0.04136549268978734,-0.9945882435704714,0.00013623043480435657,30.347
CHL,Chile,2049,2020,ambitious,48.42510954962215,0.04136549268978734,0.3769203979718867,0.00013623043480435657,30.347
CHL,Chile,2050,2020,baseline,67.40356907022515,0.04136549268978734,0.885421546429507,0.0001335058261082694,30.347
CHL,Chile,2050,2020,ndc,0.0,0.04136549268978734,-1.0359537362602587,0.0001335058261082694,30.347
CHL,Chile,2050,2020,ambitious,48.05489915352311,0.04136549268978734,0.3836098044356224,0.0001335058261082694,30.347
CHN,China,2024,2020,baseline,12147.045530538097,2.9683709229163324,9.178674607621765,0.0006384359736680379,15.505
CHN,China,2024,2020,ndc,12147.045530538097,2.9683709229163324,9.178674607621765,0.0006384359736680379,15.505
CHN,China,2024,2020,ambitious,12147.045530538097,2.9683709229163324,9.178674607621765,0.0006384359736680379,15.505
CHN,China,2025,2020,baseline,12445.877864803755,2.9683709229163324,18.65618154950919,0.0006256672541946771,15.505
CHN,China,2025,2020,ndc,0.0,2.9683709229163324,6.2103036847054325,0.0006256672541946771,15.505
CHN,China,2025,2020,ambitious,11980.215434125306,2.9683709229163324,18.19051911883074,0.0006256672541946771,15.505
CHN,China,2026,2020,baseline,12743.893717281808,2.9683709229163324,28.431704343874664,0.0006131539091107836,15.505
CHN,China,2026,2020,ndc,0.0,2.9683709229163324,3.2419327617890996,0.0006131539091107836,15.505
CHN,China,2026,2020,ambitious,11824.661404344875,2.9683709229163324,27.04680960025928,0.0006131539091107836,15.505
CHN,China,2027,2020,baseline,13041.909569759859,2.9683709229163324,38.505242990718195,0.0006008908309285679,15.505
CHN,China,2027,2020,ndc,0.0,2.9683709229163324,0.27356183887276764,0.0006008908309285679,15.505
CHN,China,2027,2020,ambitious,11679.937092718854,2.9683709229163324,35.758375770061804,0.0006008908309285679,15.505
CHN,China,2028,2020,baseline,13339.925422237906,2.968370922916332,48.87679749003976,0.0005888730143099966,15.505
CHN,China,2028,2020,ndc,0.0,2.968370922916332,-2.6948090840435643,0.0005888730143099966,15.505
CHN,China,2028,2020,ambitious,11544.949591206414,2.968370922916332,44.334954438351886,0.0005888730143099966,15.505
CHN,China,2029,2020,baseline,13638.757756503566,2.9683709229163324,59.54718432362699,0.0005770955540237967,15.505
CHN,China,2029,2020,ndc,0.0,2.9683709229163324,-5.663180006959898,0.0005770955540237967,15.505
CHN,China,2029,2020,ambitious,11419.431886150378,2.9683709229163324,52.78601540158593,0.0005770955540237967,15.505
CHN,China,2030,2020,baseline,13936.773608981615,2.9683709229163324,70.51558700969227,0.0005655536429433208,15.505
CHN,China,2030,2020,ndc,0.0,2.9683709229163324,-8.63155092987623,0.0005655536429433208,15.505
CHN,China,2030,2020,ambitious,11301.164401337455,2.9683709229163324,61.11880888000706,0.0005655536429433208,15.505
CHN,China,2031,2020,baseline,14234.789461459666,2.9683709229163324,81.78200554823562,0.0005542425700844543,15.505
CHN,China,2031,2020,ndc,0.0,2.9683709229163324,-11.599921852792562,0.0005542425700844543,15.505
CHN,China,2031,2020,ambitious,11542.821921044075,2.9683709229163324,69.69325987813481,0.0005542425700844543,15.505
CHN,China,2032,2020,baseline,14532.805313937715,2.968370922916333,93.346439939257,0.0005431577186827652,15.505
CHN,China,2032,2020,ndc,0.0,2.968370922916333,-14.568292775708894,0.0005431577186827652,15.505
CHN,China,2032,2020,ambitious,11784.479440750694,2.968370922916333,78.50936839596918,0.0005431577186827652,15.505
CHN,China,2033,2020,baseline,14831.637648203377,2.9683709229163324,105.20970666454403,0.0005322945643091099,15.505
CHN,China,2033,2020,ndc,0.0,2.9683709229163324,-17.536663698625226,0.0005322945643091099,15.505
CHN,China,2033,2020,ambitious,12026.799035853772,2.9683709229163324,87.56779650890661,0.0005322945643091099,15.505
CHN,China,2034,2020,baseline,15129.653500681425,2.968370922916333,117.37098924230912,0.0005216486730229277,15.505
CHN,China,2034,2020,ndc,0.0,2.968370922916333,-20.505034621541558,0.0005216486730229277,15.505
CHN,China,2034,2020,ambitious,12268.45655556039,2.968370922916333,96.86788214155067,0.0005216486730229277,15.505
CHN,China,2035,2020,baseline,15427.669353159474,2.9683709229163324,129.83028767255226,0.0005112156995624691,15.505
CHN,China,2035,2020,ndc,0.0,2.9683709229163324,-23.473405544457894,0.0005112156995624691,15.505
CHN,China,2035,2020,ambitious,12510.114075267007,2.9683709229163324,106.40962529390134,0.0005112156995624691,15.505
CHN,China,2036,2020,baseline,15725.685205637525,2.968370922916333,142.58760195527344,0.0005009913855712197,15.505
CHN,China,2036,2020,ndc,0.0,2.968370922916333,-26.44177646737423,0.0005009913855712197,15.505
CHN,China,2036,2020,ambitious,12751.771594973628,2.968370922916333,116.19302596595864,0.0005009913855712197,15.505
CHN,China,2037,2020,baseline,16024.517539903185,2.9683709229163324,155.6437485722603,0.0004909715578597952,15.505
CHN,China,2037,2020,ndc,0.0,2.9683709229163324,-29.410147390290565,0.0004909715578597952,15.505
CHN,China,2037,2020,ambitious,12994.091190076704,2.9683709229163324,126.21874623311902,0.0004909715578597952,15.505
CHN,China,2038,2020,baseline,16322.533392381234,2.9683709229163324,168.99791104172522,0.0004811521267025994,15.505
CHN,China,2038,2020,ndc,0.0,2.9683709229163324,-32.3785183132069,0.0004811521267025994,15.505
CHN,China,2038,2020,ambitious,13235.748709783324,2.9683709229163324,136.48612401998602,0.0004811521267025994,15.505
CHN,China,2039,2020,baseline,16620.54924485928,2.9683709229163324,182.65008936366817,0.00047152908416854734,15.505
CHN,China,2039,2020,ndc,0.0,2.9683709229163324,-35.34688923612323,0.00047152908416854734,15.505
CHN,China,2039,2020,ambitious,13477.40622948994,2.9683709229163324,146.99515932655962,0.00047152908416854734,15.505
CHN,China,2040,2020,baseline,16918.565097337334,2.968370922916332,196.60028353808917,0.00046209850248517644,15.505
CHN,China,2040,2020,ndc,0.0,2.968370922916332,-38.31526015903957,0.00046209850248517644,15.505
CHN,China,2040,2020,ambitious,13719.063749196563,2.968370922916332,157.74585215283986,0.00046209850248517644,15.505
CHN,China,2041,2020,baseline,17217.397431602993,2.9683709229163324,210.84931004677588,0.00045285653243547284,15.505
CHN,China,2041,2020,ndc,0.0,2.9683709229163324,-41.2836310819559,0.00045285653243547284,15.505
CHN,China,2041,2020,ambitious,13961.383344299637,2.9683709229163324,168.73886457422316,0.00045285653243547284,15.505
CHN,China,2042,2020,baseline,17515.41328408104,2.9683709229163324,225.39635240794058,0.0004437994017867634,15.505
CHN,China,2042,2020,ndc,0.0,2.9683709229163324,-44.25200200487224,0.0004437994017867634,15.505
CHN,China,2042,2020,ambitious,14203.040864006256,2.9683709229163324,179.97353451531308,0.0004437994017867634,15.505
CHN,China,2043,2020,baseline,17813.429136559094,2.9683709229163324,240.24141062158333,0.00043492341375102816,15.505
CHN,China,2043,2020,ndc,0.0,2.9683709229163324,-47.220372927788574,0.00043492341375102816,15.505
CHN,China,2043,2020,ambitious,14444.698383712877,2.9683709229163324,191.44986197610962,0.00043492341375102816,15.505
CHN,China,2044,2020,baseline,18111.444989037143,2.968370922916332,255.38448468770412,0.00042622494547600755,15.505
CHN,China,2044,2020,ndc,0.0,2.968370922916332,-50.18874385070491,0.00042622494547600755,15.505
CHN,China,2044,2020,ambitious,14686.355903419497,2.968370922916332,203.16784695661278,0.00042622494547600755,15.505
CHN,China,2045,2020,baseline,18410.277323302802,2.9683709229163324,270.8263910880906,0.0004177004465664874,15.505
CHN,China,2045,2020,ndc,0.0,2.9683709229163324,-53.157114773621245,0.0004177004465664874,15.505
CHN,China,2045,2020,ambitious,14928.67549852257,2.9683709229163324,215.12815153221902,0.0004177004465664874,15.505
CHN,China,2046,2020,baseline,18708.293175780855,2.9683709229163324,286.5663133409551,0.0004093464376351577,15.505
CHN,China,2046,2020,ndc,0.0,2.9683709229163324,-56.12548569653758,0.0004093464376351577,15.505
CHN,China,2046,2020,ambitious,15170.333018229192,2.9683709229163324,227.3301136275319,0.0004093464376351577,15.505
CHN,China,2047,2020,baseline,19006.3090282589,2.9683709229163324,302.60425144629767,0.00040115950888245457,15.505
CHN,China,2047,2020,ndc,0.0,2.9683709229163324,-59.093856619453916,0.00040115950888245457,15.505
CHN,China,2047,2020,ambitious,15411.990537935808,2.9683709229163324,239.77373324255137,0.00040115950888245457,15.505
CHN,China,2048,2020,baseline,19304.32488073695,2.9683709229163324,318.9402054041183,0.0003931363187048054,15.505
CHN,China,2048,2020,ndc,0.0,2.9683709229163324,-62.06222754237025,0.0003931363187048054,15.505
CHN,China,2048,2020,ambitious,15653.648057642427,2.9683709229163324,252.45901037727748,0.0003931363187048054,15.505
CHN,China,2049,2020,baseline,19603.15721500261,2.9683709229163324,335.57499169620456,0.0003852735923307093,15.505
CHN,China,2049,2020,ndc,0.0,2.9683709229163324,-65.03059846528659,0.0003852735923307093,15.505
CHN,China,2049,2020,ambitious,15895.967652745505,2.9683709229163324,265.38660710710667,0.0003852735923307093,15.505
CHN,China,2050,2020,baseline,19901.17306748066,2.968370922916332,352.5077938407689,0.0003775681204840951,15.505
CHN,China,2050,2020,ndc,0.0,2.968370922916332,-67.99896938820292,0.0003775681204840951,15.505
CHN,China,2050,2020,ambitious,16137.625172452124,2.968370922916332,278.5558613566425,0.0003775681204840951,15.505
COL,Colombia,2024,2020,baseline,99.09490678532838,0.11009249686348414,-0.010997590078155761,0.000281562977453758,27.398
COL,Colombia,2024,2020,ndc,99.09490678532838,0.11009249686348414,-0.010997590078155761,0.000281562977453758,27.398
COL,Colombia,2024,2020,ambitious,99.09490678532838,0.11009249686348414,-0.010997590078155761,0.000281562977453758,27.398
COL,Colombia,2025,2020,baseline,100.03164046696827,0.11009249686348414,-0.021058446474671616,0.0002759317179046828,27.398
COL,Colombia,2025,2020,ndc,0.0,0.11009249686348414,-0.1210900869416399,0.0002759317179046828,27.398
COL,Colombia,2025,2020,ambitious,95.20393735364168,0.11009249686348414,-0.02588614958799823,0.0002759317179046828,27.398
COL,Colombia,2026,2020,baseline,100.96581476696433,0.11009249686348414,-0.030185128571191433,0.00027041308354658914,27.398
COL,Colombia,2026,2020,ndc,0.0,0.11009249686348414,-0.23118258380512402,0.00027041308354658914,27.398
COL,Colombia,2026,2020,ambitious,91.66892310910681,0.11009249686348414,-0.04430972334237554,0.00027041308354658914,27.398
COL,Colombia,2027,2020,baseline,101.89998906696039,0.11009249686348414,-0.038377636367715184,0.0002650048218756574,27.398
COL,Colombia,2027,2020,ndc,0.0,0.11009249686348414,-0.3412750806686082,0.0002650048218756574,27.398
COL,Colombia,2027,2020,ambitious,88.44508506610947,0.11009249686348414,-0.06595713513975021,0.0002650048218756574,27.398
COL,Colombia,2028,2020,baseline,102.83416336695645,0.11009249686348413,-0.0456359698642429,0.0002597047254381442,27.398
COL,Colombia,2028,2020,ndc,0.0,0.11009249686348413,-0.45136757753209233,0.0002597047254381442,27.398
COL,Colombia,2028,2020,ambitious,85.49306760488481,0.11009249686348413,-0.09055656439834958,0.0002597047254381442,27.398
COL,Colombia,2029,2020,baseline,103.77089704859634,0.11009249686348414,-0.05195756967913068,0.00025451063092938133,27.398
COL,Colombia,2029,2020,ndc,0.0,0.11009249686348414,-0.5614600743955764,0.00025451063092938133,27.398
COL,Colombia,2029,2020,ambitious,82.78192495629018,0.11009249686348414,-0.11786713630554346,0.00025451063092938133,27.398
COL,Colombia,2030,2020,baseline,104.7050713485924,0.11009249686348414,-0.05734499519402236,0.0002494204183107937,27.398
COL,Colombia,2030,2020,ndc,0.0,0.11009249686348414,-0.6715525712590605,0.0002494204183107937,27.398
COL,Colombia,2030,2020,ambitious,80.27963700538866,0.11009249686348414,-0.14767999616363892,0.0002494204183107937,27.398
COL,Colombia,2031,2020,baseline,105.63924564858847,0.11009249686348413,-0.061798246408917956,0.0002444320099445778,27.398
COL,Colombia,2031,2020,ndc,0.0,0.11009249686348413,-0.7816450681225446,0.0002444320099445778,27.398
COL,Colombia,2031,2020,ambitious,80.9958885941371,0.11009249686348413,-0.17677660443298593,0.0002444320099445778,27.398
COL,Colombia,2032,2020,baseline,106.57341994858453,0.11009249686348414,-0.06531732332381757,0.00023954336974568626,27.398
COL,Colombia,2032,2020,ndc,0.0,0.11009249686348414,-0.8917375649860287,0.00023954336974568626,27.398
COL,Colombia,2032,2020,ambitious,81.71214018288553,0.11009249686348414,-0.2051569611135845,0.00023954336974568626,27.398
COL,Colombia,2033,2020,baseline,107.51015363022442,0.11009249686348414,-0.06789966655707724,0.00023475250235077252,27.398
COL,Colombia,2033,2020,ndc,0.0,0.11009249686348414,-1.0018300618495128,0.00023475250235077252,27.398
COL,Colombia,2033,2020,ambitious,82.43035410475382,0.11009249686348414,-0.23281910387231475,0.00023475250235077252,27.398
COL,Colombia,2034,2020,baseline,108.44432793022048,0.11009249686348414,-0.06954783549034094,0.0002300574523037571,27.398
COL,Colombia,2034,2020,ndc,0.0,0.11009249686348414,-1.111922558712997,0.0002300574523037571,27.398
COL,Colombia,2034,2020,ambitious,83.14660569350225,0.11009249686348414,-0.25976499504229666,0.0002300574523037571,27.398
COL,Colombia,2035,2020,baseline,109.37850223021654,0.11009249686348414,-0.07026183012360865,0.00022545630325768192,27.398
COL,Colombia,2035,2020,ndc,0.0,0.11009249686348414,-1.2220150555764813,0.00022545630325768192,27.398
COL,Colombia,2035,2020,ambitious,83.86285728225067,0.11009249686348414,-0.28599463462353025,0.00022545630325768192,27.398
COL,Colombia,2036,2020,baseline,110.3126765302126,0.11009249686348414,-0.07004165045688038,0.00022094717719252827,27.398
COL,Colombia,2036,2020,ndc,0.0,0.11009249686348414,-1.3321075524399655,0.00022094717719252827,27.398
COL,Colombia,2036,2020,ambitious,84.57910887099911,0.11009249686348414,-0.3115080226160154,0.00022094717719252827,27.398
COL,Colombia,2037,2020,baseline,111.24941021185249,0.11009249686348414,-0.06888473710851217,0.0002165282336486777,27.398
COL,Colombia,2037,2020,ndc,0.0,0.11009249686348414,-1.4422000493034497,0.0002165282336486777,27.398
COL,Colombia,2037,2020,ambitious,85.29732279286739,0.11009249686348414,-0.33630319668663233,0.0002165282336486777,27.398
COL,Colombia,2038,2020,baseline,112.18358451184855,0.11009249686348414,-0.06679364946014776,0.00021219766897570417,27.398
COL,Colombia,2038,2020,ndc,0.0,0.11009249686348414,-1.552292546166934,0.00021219766897570417,27.398
COL,Colombia,2038,2020,ambitious,86.01357438161583,0.11009249686348414,-0.3603821191685006,0.00021219766897570417,27.398
COL,Colombia,2039,2020,baseline,113.11775881184461,0.11009249686348413,-0.06376838751178737,0.00020795371559619006,27.398
COL,Colombia,2039,2020,ndc,0.0,0.11009249686348413,-1.6623850430304181,0.00020795371559619006,27.398
COL,Colombia,2039,2020,ambitious,86.72982597036425,0.11009249686348413,-0.38374479006162066,0.00020795371559619006,27.398
COL,Colombia,2040,2020,baseline,114.05193311184068,0.11009249686348414,-0.059808951263431,0.00020379464128426626,27.398
COL,Colombia,2040,2020,ndc,0.0,0.11009249686348414,-1.7724775398939023,0.00020379464128426626,27.398
COL,Colombia,2040,2020,ambitious,87.44607755911268,0.11009249686348414,-0.40639120936599227,0.00020379464128426626,27.398
COL,Colombia,2041,2020,baseline,114.98866679348056,0.11009249686348414,-0.05491278133343469,0.0001997187484585809,27.398
COL,Colombia,2041,2020,ndc,0.0,0.11009249686348414,-1.8825700367573865,0.0001997187484585809,27.398
COL,Colombia,2041,2020,ambitious,88.16429148098096,0.11009249686348414,-0.42831941474849544,0.0001997187484585809,27.398
COL,Colombia,2042,2020,baseline,115.9228410934766,0.11009249686348414,-0.04908243710344218,0.0001957243734894093,27.398
COL,Colombia,2042,2020,ndc,0.0,0.11009249686348414,-1.9926625336208705,0.0001957243734894093,27.398
COL,Colombia,2042,2020,ambitious,88.88054306972938,0.11009249686348414,-0.44953136854224995,0.0001957243734894093,27.398
COL,Colombia,2043,2020,baseline,116.8570153934727,0.11009249686348414,-0.04231791857345346,0.00019180988601962112,27.398
COL,Colombia,2043,2020,ndc,0.0,0.11009249686348414,-2.1027550304843547,0.00019180988601962112,27.398
COL,Colombia,2043,2020,ambitious,89.59679465847783,0.11009249686348414,-0.470027070747256,0.00019180988601962112,27.398
COL,Colombia,2044,2020,baseline,117.79118969346872,0.11009249686348414,-0.03461922574346854,0.00018797368829922867,27.398
COL,Colombia,2044,2020,ndc,0.0,0.11009249686348414,-2.2128475273478387,0.00018797368829922867,27.398
COL,Colombia,2044,2020,ambitious,90.31304624722624,0.11009249686348414,-0.4898065213635139,0.00018797368829922867,27.398
COL,Colombia,2045,2020,baseline,118.72792337510862,0.11009249686348414,-0.025983799231843907,0.0001842142145332441,27.398
COL,Colombia,2045,2020,ndc,0.0,0.11009249686348414,-2.3229400242113227,0.0001842142145332441,27.398
COL,Colombia,2045,2020,ambitious,91.03126016909452,0.11009249686348414,-0.5088677580579033,0.0001842142145332441,27.398
COL,Colombia,2046,2020,baseline,119.6620976751047,0.11009249686348414,-0.01641419842022307,0.00018052993024257925,27.398
COL,Colombia,2046,2020,ndc,0.0,0.11009249686348414,-2.4330325210748067,0.00018052993024257925,27.398
COL,Colombia,2046,2020,ambitious,91.74751175784297,0.11009249686348414,-0.5272127431635445,0.00018052993024257925,27.398
COL,Colombia,2047,2020,baseline,120.59627197510075,0.11009249686348414,-0.005910423308606472,0.00017691933163772766,27.398
COL,Colombia,2047,2020,ndc,0.0,0.11009249686348414,-2.5431250179382907,0.00017691933163772766,27.398
COL,Colombia,2047,2020,ambitious,92.46376334659139,0.11009249686348414,-0.5448414766804373,0.00017691933163772766,27.398
COL,Colombia,2048,2020,baseline,121.5304462750968,0.11009249686348414,0.0055275261030063305,0.0001733809450049731,27.398
COL,Colombia,2048,2020,ndc,0.0,0.11009249686348414,-2.6532175148017747,0.0001733809450049731,27.398
COL,Colombia,2048,2020,ambitious,93.18001493533981,0.11009249686348414,-0.5617539586085813,0.0001733809450049731,27.398
COL,Colombia,2049,2020,baseline,122.4671799567367,0.11009249686348414,0.017902209196258845,0.00016991332610487363,27.398
COL,Colombia,2049,2020,ndc,0.0,0.11009249686348414,-2.7633100116652587,0.00016991332610487363,27.398
COL,Colombia,2049,2020,ambitious,93.89822885720811,0.11009249686348414,-0.5779482266148572,0.00016991332610487363,27.398
COL,Colombia,2050,2020,baseline,123.40135425673276,0.11009249686348413,0.031211066589507563,0.00016651505958277613,27.398
COL,Colombia,2050,2020,ndc,0.0,0.11009249686348413,-2.8734025085287427,0.00016651505958277613,27.398
COL,Colombia,2050,2020,ambitious,94.61448044595654,0.11009249686348413,-0.5934262430323844,0.00016651505958277613,27.398
CYP,Cyprus,2024,2050,baseline,7.085107018877439,0.0028300555397071806,0.004255051479170258,0.00020746995529568,9.266
CYP,Cyprus,2024,2050,ndc,7.085107018877439,0.0028300555397071806,0.004255051479170258,0.00020746995529568,9.266
CYP,Cyprus,2024,2050,ambitious,7.085107018877439,0.0028300555397071806,0.004255051479170258,0.00020746995529568,9.266
CYP,Cyprus,2025,2050,baseline,7.047499793177648,0.002830055539707181,0.008472495732640726,0.0002033205561897664,9.266
CYP,Cyprus,2025,2050,ndc,6.812602902766768,0.002830055539707181,0.008237598842229845,0.0002033205561897664,9.266
CYP,Cyprus,2025,2050,ambitious,6.820161090195661,0.002830055539707181,0.008245157029658738,0.0002033205561897664,9.266
CYP,Cyprus,2026,2050,baseline,7.009995319460644,0.002830055539707181,0.01265243551239419,0.00019925414506597106,9.266
CYP,Cyprus,2026,2050,ndc,6.540098786656098,0.002830055539707181,0.011947642089178763,0.00019925414506597106,9.266
CYP,Cyprus,2026,2050,ambitious,6.571870612038681,0.002830055539707181,0.011986972101990238,0.00019925414506597106,9.266
CYP,Cyprus,2027,2050,baseline,6.972490845743638,0.002830055539707181,0.016794870818430646,0.00019526906216465163,9.266
CYP,Cyprus,2027,2050,ndc,6.267594670545426,0.002830055539707181,0.015385181220017008,0.00019526906216465163,9.266
CYP,Cyprus,2027,2050,ambitious,6.338628041647315,0.002830055539707181,0.015495544603930373,0.00019526906216465163,9.266
CYP,Cyprus,2028,2050,baseline,6.934986372026634,0.002830055539707181,0.020899801650750102,0.0001913636809213586,9.266
CYP,Cyprus,2028,2050,ndc,5.995090554434756,0.002830055539707181,0.018550216234744586,0.0001913636809213586,9.266
CYP,Cyprus,2028,2050,ambitious,6.119105622454135,0.002830055539707181,0.018784594686677328,0.0001913636809213586,9.266
CYP,Cyprus,2029,2050,baseline,6.897379146326842,0.0028300555397071806,0.024967125257369764,0.00018753640730293143,9.266
CYP,Cyprus,2029,2050,ndc,5.722586438324085,0.0028300555397071806,0.021442747133361494,0.00018753640730293143,9.266
CYP,Cyprus,2029,2050,ambitious,5.912039268371298,0.0028300555397071806,0.021866578415341446,0.00018753640730293143,9.266
CYP,Cyprus,2030,2050,baseline,6.859874672609838,0.0028300555397071806,0.028996944390272422,0.0001837856791568728,9.266
CYP,Cyprus,2030,2050,ndc,5.450082322213414,0.0028300555397071806,0.02406277391586773,0.0001837856791568728,9.266
CYP,Cyprus,2030,2050,ambitious,5.716562227277689,0.0028300555397071806,0.024753085102911958,0.0001837856791568728,9.266
CYP,Cyprus,2031,2050,baseline,6.822370198892833,0.0028300555397071806,0.032989259049458076,0.00018010996557373533,9.266
CYP,Cyprus,2031,2050,ndc,5.177578206102744,0.0028300555397071806,0.0264102965822633,0.00018010996557373533,9.266
CYP,Cyprus,2031,2050,ambitious,5.685308499179622,0.0028300555397071806,0.0276083380623844,0.00018010996557373533,9.266
CYP,Cyprus,2032,2050,baseline,6.784865725175828,0.002830055539707181,0.03694406923492673,0.00017650776626226063,9.266
CYP,Cyprus,2032,2050,ndc,4.905074089992073,0.002830055539707181,0.028485315132548192,0.00017650776626226063,9.266
CYP,Cyprus,2032,2050,ambitious,5.654054771081556,0.002830055539707181,0.030432337293758778,0.00017650776626226063,9.266
CYP,Cyprus,2033,2050,baseline,6.747258499476037,0.002830055539707181,0.04086127219469559,0.0001729776109370154,9.266
CYP,Cyprus,2033,2050,ndc,4.632569973881402,0.002830055539707181,0.030287829566722414,0.0001729776109370154,9.266
CYP,Cyprus,2033,2050,ambitious,5.622715416331166,0.002830055539707181,0.03322499717038276,0.0001729776109370154,9.266
CYP,Cyprus,2034,2050,baseline,6.709754025759032,0.002830055539707181,0.04474097068074744,0.0001695180587182751,9.266
CYP,Cyprus,2034,2050,ndc,4.360065857770732,0.002830055539707181,0.03181783988478596,0.0001695180587182751,9.266
CYP,Cyprus,2034,2050,ambitious,5.5914616882331,0.002830055539707181,0.035986403318908684,0.0001695180587182751,9.266
CYP,Cyprus,2035,2050,baseline,6.672249552042027,0.002830055539707181,0.04858316469308229,0.0001661276975439096,9.266
CYP,Cyprus,2035,2050,ndc,4.0875617416600605,0.002830055539707181,0.03307534608673884,0.0001661276975439096,9.266
CYP,Cyprus,2035,2050,ambitious,5.560207960135034,0.002830055539707181,0.03871655573933654,0.0001661276975439096,9.266
CYP,Cyprus,2036,2050,baseline,6.634745078325022,0.002830055539707181,0.052387854231700136,0.0001628051435930314,9.266
CYP,Cyprus,2036,2050,ndc,3.81505762554939,0.002830055539707181,0.034060348172581044,0.0001628051435930314,9.266
CYP,Cyprus,2036,2050,ambitious,5.528954232036967,0.002830055539707181,0.041415454431666325,0.0001628051435930314,9.266
CYP,Cyprus,2037,2050,baseline,6.597137852625232,0.002830055539707181,0.05615493654461819,0.00015954904072117075,9.266
CYP,Cyprus,2037,2050,ndc,3.5425535094387195,0.002830055539707181,0.03477284614231258,0.00015954904072117075,9.266
CYP,Cyprus,2037,2050,ambitious,5.497614877286579,0.002830055539707181,0.04408301376924572,0.00015954904072117075,9.266
CYP,Cyprus,2038,2050,baseline,6.559633378908226,0.002830055539707181,0.05988451438381923,0.00015635805990674736,9.266
CYP,Cyprus,2038,2050,ndc,3.270049393328049,0.002830055539707181,0.03521283999593345,0.00015635805990674736,9.266
CYP,Cyprus,2038,2050,ambitious,5.466361149188512,0.002830055539707181,0.04671931937872705,0.00015635805990674736,9.266
CYP,Cyprus,2039,2050,baseline,6.522128905191222,0.002830055539707181,0.06357658774930328,0.00015323089870861238,9.266
CYP,Cyprus,2039,2050,ndc,2.9975452772173785,0.002830055539707181,0.03538032973344365,0.00015323089870861238,9.266
CYP,Cyprus,2039,2050,ambitious,5.435107421090446,0.002830055539707181,0.04932437126011032,0.00015323089870861238,9.266
CYP,Cyprus,2040,2050,baseline,6.484624431474217,0.002830055539707181,0.0672311566410703,0.00015016628073444014,9.266
CYP,Cyprus,2040,2050,ndc,2.725041161106707,0.002830055539707181,0.03527531535484318,0.00015016628073444014,9.266
CYP,Cyprus,2040,2050,ambitious,5.403853692992381,0.002830055539707181,0.05189816941339553,0.00015016628073444014,9.266
CYP,Cyprus,2041,2050,baseline,6.447017205774426,0.0028300555397071806,0.07084811830713755,0.00014716295511975133,9.266
CYP,Cyprus,2041,2050,ndc,2.4525370449960366,0.0028300555397071806,0.03489779686013204,0.00014716295511975133,9.266
CYP,Cyprus,2041,2050,ambitious,5.37251433824199,0.0028300555397071806,0.05444062821193033,0.00014716295511975133,9.266
CYP,Cyprus,2042,2050,baseline,6.409512732057421,0.002830055539707181,0.07442757549948778,0.0001442196960173563,9.266
CYP,Cyprus,2042,2050,ndc,2.180032928885366,0.002830055539707181,0.03424777424931023,0.0001442196960173563,9.266
CYP,Cyprus,2042,2050,ambitious,5.341260610143924,0.002830055539707181,0.056951833282367074,0.0001442196960173563,9.266
CYP,Cyprus,2043,2050,baseline,6.372008258340417,0.002830055539707181,0.07796952821812103,0.0001413353020970092,9.266
CYP,Cyprus,2043,2050,ndc,1.9075288127746954,0.002830055539707181,0.03332524752237775,0.0001413353020970092,9.266
CYP,Cyprus,2043,2050,ambitious,5.310006882045858,0.002830055539707181,0.059431784624705754,0.0001413353020970092,9.266
CYP,Cyprus,2044,2050,baseline,6.334503784623412,0.0028300555397071806,0.08147397646303725,0.00013850859605506899,9.266
CYP,Cyprus,2044,2050,ndc,1.635024696664024,0.0028300555397071806,0.0321302166793346,0.00013850859605506899,9.266
CYP,Cyprus,2044,2050,ambitious,5.278753153947792,0.0028300555397071806,0.06188048223894637,0.00013850859605506899,9.266
CYP,Cyprus,2045,2050,baseline,6.2968965589236205,0.002830055539707181,0.08494081748225371,0.0001357384241339676,9.266
CYP,Cyprus,2045,2050,ndc,1.3625205805533536,0.002830055539707181,0.030662681720180766,0.0001357384241339676,9.266
CYP,Cyprus,2045,2050,ambitious,5.247413799197402,0.002830055539707181,0.06429784049843659,0.0001357384241339676,9.266
CYP,Cyprus,2046,2050,baseline,6.259392085206616,0.0028300555397071814,0.08837015402775314,0.00013302365565128827,9.266
CYP,Cyprus,2046,2050,ndc,1.090016464442683,0.0028300555397071814,0.028922642644916258,0.00013302365565128827,9.266
CYP,Cyprus,2046,2050,ambitious,5.2161600710993365,0.0028300555397071814,0.06668394502982875,0.00013302365565128827,9.266
CYP,Cyprus,2047,2050,baseline,6.221887611489611,0.002830055539707181,0.09176198609953558,0.0001303631825382625,9.266
CYP,Cyprus,2047,2050,ndc,0.8175123483320125,0.002830055539707181,0.026910099453541086,0.0001303631825382625,9.266
CYP,Cyprus,2047,2050,ambitious,5.18490634300127,0.002830055539707181,0.06903879583312285,0.0001303631825382625,9.266
CYP,Cyprus,2048,2050,baseline,6.184383137772606,0.002830055539707181,0.09511631369760101,0.00012775591888749725,9.266
CYP,Cyprus,2048,2050,ndc,0.5450082322213411,0.002830055539707181,0.024625052146055246,0.00012775591888749725,9.266
CYP,Cyprus,2048,2050,ambitious,5.153652614903204,0.002830055539707181,0.07136239290831886,0.00012775591888749725,9.266
CYP,Cyprus,2049,2050,baseline,6.1467759120728145,0.0028300555397071806,0.09843303406996666,0.0001252008005097473,9.266
CYP,Cyprus,2049,2050,ndc,0.27250411611067055,0.0028300555397071806,0.022067500722458736,0.0001252008005097473,9.266
CYP,Cyprus,2049,2050,ambitious,5.122313260152814,0.0028300555397071806,0.07365465062876449,0.0001252008005097473,9.266
CYP,Cyprus,2050,2050,baseline,6.10927143835581,0.0028300555397071806,0.1017122499686153,0.00012269678449955233,9.266
CYP,Cyprus,2050,2050,ndc,0.0,0.0028300555397071806,0.019237445182751556,0.00012269678449955233,9.266
CYP,Cyprus,2050,2050,ambitious,5.091059532054748,0.0028300555397071806,0.07591565462111205,0.00012269678449955233,9.266
CZE,Czechia,2024,2050,baseline,86.7183715117141,0.022859770171149135,0.06385860134056497,0.00024449275681425,8.386
CZE,Czechia,2024,2050,ndc,86.7183715117141,0.022859770171149135,0.06385860134056497,0.00024449275681425,8.386
CZE,Czechia,2024,2050,ambitious,86.7183715117141,0.022859770171149135,0.06385860134056497,0.00024449275681425,8.386
CZE,Czechia,2025,2050,baseline,84.1168938656019,0.022859770171149138,0.12511572503501772,0.000239602901677965,8.386
CZE,Czechia,2025,2050,ndc,83.38304953049433,0.022859770171149138,0.12438188069991016,0.000239602901677965,8.386
CZE,Czechia,2025,2050,ambitious,80.73784597341177,0.022859770171149138,0.1217366771428276,0.000239602901677965,8.386
CZE,Czechia,2026,2050,baseline,81.52252408191076,0.022859770171149138,0.18377847894577937,0.00023481084364440567,8.386
CZE,Czechia,2026,2050,ndc,80.04772754927455,0.022859770171149138,0.18156983807803556,0.00023481084364440567,8.386
CZE,Czechia,2026,2050,ambitious,75.22580888276343,0.022859770171149138,0.17410271585444193,0.00023481084364440567,8.386
CZE,Czechia,2027,2050,baseline,78.92815429821961,0.022859770171149138,0.2398468630728498,0.00023011462677151754,8.386
CZE,Czechia,2027,2050,ndc,76.71240556805478,0.022859770171149138,0.23542247347494122,0.00023011462677151754,8.386
CZE,Czechia,2027,2050,ambitious,70.12368517718544,0.022859770171149138,0.2213666308604782,0.00023011462677151754,8.386
CZE,Czechia,2028,2050,baseline,76.33378451452849,0.022859770171149135,0.29332087741622914,0.00022551233423608722,8.386
CZE,Czechia,2028,2050,ndc,73.377083586835,0.022859770171149135,0.2859397868906271,0.00022551233423608722,8.386
CZE,Czechia,2028,2050,ambitious,65.38738814179787,0.022859770171149135,0.26389424883112694,0.00022551233423608722,8.386
CZE,Czechia,2029,2050,baseline,73.73230686841629,0.022859770171149138,0.34419341411349635,0.00022100208755136547,8.386
CZE,Czechia,2029,2050,ndc,70.04176160561524,0.022859770171149138,0.33312177832509327,0.00022100208755136547,8.386
CZE,Czechia,2029,2050,ambitious,60.97305650765949,0.022859770171149138,0.30200753516763734,0.00022100208755136547,8.386
CZE,Czechia,2030,2050,baseline,71.13793708472514,0.022859770171149138,0.39247158102707236,0.00021658204580033815,8.386
CZE,Czechia,2030,2050,ndc,66.70643962439546,0.022859770171149138,0.3769684477783396,0.00021658204580033815,8.386
CZE,Czechia,2030,2050,ambitious,56.85974167722114,0.022859770171149138,0.3360075066737093,0.00021658204580033815,8.386
CZE,Czechia,2031,2050,baseline,68.54356730103402,0.022859770171149135,0.43815537815695726,0.0002122504048843314,8.386
CZE,Czechia,2031,2050,ndc,63.371117643175694,0.022859770171149135,0.41747979525036616,0.0002122504048843314,8.386
CZE,Czechia,2031,2050,ambitious,54.78609150178556,0.022859770171149135,0.3679338280043457,0.0002122504048843314,8.386
CZE,Czechia,2032,2050,baseline,65.94919751734287,0.022859770171149138,0.481244805503151,0.00020800539678664476,8.386
CZE,Czechia,2032,2050,ndc,60.03579566195591,0.022859770171149138,0.454655820741173,0.00020800539678664476,8.386
CZE,Czechia,2032,2050,ambitious,52.71244132634996,0.022859770171149138,0.3977864991595466,0.00020800539678664476,8.386
CZE,Czechia,2033,2050,baseline,63.347719871230666,0.022859770171149135,0.5217327552032326,0.00020384528885091183,8.386
CZE,Czechia,2033,2050,ndc,56.70047368073614,0.022859770171149135,0.48849652425076007,0.00020384528885091183,8.386
CZE,Czechia,2033,2050,ambitious,50.63310991755702,0.022859770171149135,0.4255598389059545,0.00020384528885091183,8.386
CZE,Czechia,2034,2050,baseline,60.75335008753955,0.022859770171149138,0.559626335119623,0.0001997683830738936,8.386
CZE,Czechia,2034,2050,ndc,53.36515169951637,0.022859770171149138,0.5190019057791273,0.0001997683830738936,8.386
CZE,Czechia,2034,2050,ambitious,48.559459742121454,0.022859770171149138,0.45125952847692685,0.0001997683830738936,8.386
CZE,Czechia,2035,2050,baseline,58.158980303848395,0.022859770171149138,0.5949255452523222,0.00019577301541241573,8.386
CZE,Czechia,2035,2050,ndc,50.02982971829659,0.022859770171149138,0.5461719653262748,0.00019577301541241573,8.386
CZE,Czechia,2035,2050,ambitious,46.485809566685845,0.022859770171149138,0.4748855678724635,0.00019577301541241573,8.386
CZE,Czechia,2036,2050,baseline,55.56461052015728,0.022859770171149138,0.6276303856013303,0.00019185755510416742,8.386
CZE,Czechia,2036,2050,ndc,46.69450773707682,0.022859770171149138,0.5700067028922025,0.00019185755510416742,8.386
CZE,Czechia,2036,2050,ambitious,44.41215939125028,0.022859770171149138,0.49643795709256466,0.00019185755510416742,8.386
CZE,Czechia,2037,2050,baseline,52.963132874045066,0.022859770171149138,0.6577337483042263,0.00018802040400208404,8.386
CZE,Czechia,2037,2050,ndc,43.35918575585705,0.022859770171149138,0.5905061184769104,0.00018802040400208404,8.386
CZE,Czechia,2037,2050,ambitious,42.332827982457324,0.022859770171149138,0.5159110149038728,0.00018802040400208404,8.386
CZE,Czechia,2038,2050,baseline,50.36876309035393,0.022859770171149135,0.6852427412234311,0.00018425999592204238,8.386
CZE,Czechia,2038,2050,ndc,40.02386377463728,0.022859770171149135,0.6076702120803985,0.00018425999592204238,8.386
CZE,Czechia,2038,2050,ambitious,40.259177807021736,0.022859770171149135,0.5333104225397454,0.00018425999592204238,8.386
CZE,Czechia,2039,2050,baseline,47.77439330666281,0.022859770171149135,0.7101573643589447,0.00018057479600360152,8.386
CZE,Czechia,2039,2050,ndc,36.68854179341751,0.022859770171149135,0.6214989837026669,0.00018057479600360152,8.386
CZE,Czechia,2039,2050,ambitious,38.18552763158616,0.022859770171149135,0.5486361800001823,0.00018057479600360152,8.386
CZE,Czechia,2040,2050,baseline,45.18002352297166,0.022859770171149135,0.7324776177107671,0.00017696330008352948,8.386
CZE,Czechia,2040,2050,ndc,33.35321981219773,0.022859770171149135,0.6319924333437154,0.00017696330008352948,8.386
CZE,Czechia,2040,2050,ambitious,36.111877456150566,0.022859770171149135,0.5618882872851837,0.00017696330008352948,8.386
CZE,Czechia,2041,2050,baseline,42.57854587685946,0.022859770171149135,0.7521963934164775,0.0001734240340818589,8.386
CZE,Czechia,2041,2050,ndc,30.017897830977954,0.022859770171149135,0.6391505610035442,0.0001734240340818589,8.386
CZE,Czechia,2041,2050,ambitious,34.03254604735763,0.022859770171149135,0.5730610631613922,0.0001734240340818589,8.386
CZE,Czechia,2042,2050,baseline,39.98417609316834,0.022859770171149138,0.7693207993384966,0.0001699555534002217,8.386
CZE,Czechia,2042,2050,ndc,26.682575849758184,0.022859770171149138,0.6429733666821532,0.0001699555534002217,8.386
CZE,Czechia,2042,2050,ambitious,31.95889587192205,0.022859770171149138,0.5821601888621651,0.0001699555534002217,8.386
CZE,Czechia,2043,2050,baseline,37.38980630947719,0.022859770171149135,0.7838508354768245,0.0001665564423322173,8.386
CZE,Czechia,2043,2050,ndc,23.347253868538413,0.022859770171149135,0.6434608503795425,0.0001665564423322173,8.386
CZE,Czechia,2043,2050,ambitious,29.88524569648645,0.022859770171149135,0.5891856643875024,0.0001665564423322173,8.386
CZE,Czechia,2044,2050,baseline,34.795436525786066,0.022859770171149138,0.7957865018314615,0.00016322531348557292,8.386
CZE,Czechia,2044,2050,ndc,20.011931887318635,0.022859770171149138,0.640613012095712,0.00016322531348557292,8.386
CZE,Czechia,2044,2050,ambitious,27.811595521050876,0.022859770171149138,0.5941374897374042,0.00016322531348557292,8.386
CZE,Czechia,2045,2050,baseline,32.19395887967385,0.022859770171149138,0.8051206905399861,0.00015996080721586146,8.386
CZE,Czechia,2045,2050,ndc,16.676609906098864,0.022859770171149138,0.6344298518306617,0.00015996080721586146,8.386
CZE,Czechia,2045,2050,ambitious,25.732264112257923,0.022859770171149138,0.597009983678513,0.00015996080721586146,8.386
CZE,Czechia,2046,2050,baseline,29.599589095982715,0.022859770171149138,0.8118605094648198,0.00015676159107154425,8.386
CZE,Czechia,2046,2050,ndc,13.341287924879092,0.022859770171149138,0.6249113695843916,0.00015676159107154425,8.386
CZE,Czechia,2046,2050,ambitious,23.658613936822338,0.022859770171149138,0.5978088274441861,0.00015676159107154425,8.386
CZE,Czechia,2047,2050,baseline,27.005219312291597,0.022859770171149138,0.8160059586059623,0.00015362635925011338,8.386
CZE,Czechia,2047,2050,ndc,10.005965943659321,0.022859770171149138,0.6120575653569018,0.00015362635925011338,8.386
CZE,Czechia,2047,2050,ambitious,21.584963761386764,0.022859770171149138,0.5965340210344237,0.00015362635925011338,8.386
CZE,Czechia,2048,2050,baseline,24.410849528600444,0.022859770171149138,0.8175570379634135,0.0001505538320651111,8.386
CZE,Czechia,2048,2050,ndc,6.6706439624395415,0.022859770171149138,0.5958684391481922,0.0001505538320651111,8.386
CZE,Czechia,2048,2050,ambitious,19.51131358595116,0.022859770171149138,0.5931855644492258,0.0001505538320651111,8.386
CZE,Czechia,2049,2050,baseline,21.809371882488243,0.022859770171149135,0.8165066396747527,0.00014754275542380887,8.386
CZE,Czechia,2049,2050,ndc,3.3353219812197707,0.022859770171149135,0.5763439909582628,0.00014754275542380887,8.386
CZE,Czechia,2049,2050,ambitious,17.431982177158222,0.022859770171149135,0.5877577764552349,0.00014754275542380887,8.386
CZE,Czechia,2050,2050,baseline,19.215002098797108,0.022859770171149135,0.8128618716024006,0.00014459190031533266,8.386
CZE,Czechia,2050,2050,ndc,0.0,0.022859770171149135,0.5534842207871137,0.00014459190031533266,8.386
CZE,Czechia,2050,2050,ambitious,15.358332001722635,0.022859770171149135,0.5802563382858082,0.00014459190031533266,8.386
DEU,Germany,2024,2050,baseline,586.5533722950565,0.17654374648933166,0.41000962580572486,0.000129091074546756,23.603
DEU,Germany,2024,2050,ndc,586.5533722950565,0.17654374648933166,0.41000962580572486,0.000129091074546756,23.603
DEU,Germany,2024,2050,ambitious,586.5533722950565,0.17654374648933166,0.41000962580572486,0.000129091074546756,23.603
DEU,Germany,2025,2050,baseline,560.1297461878718,0.17654374648933166,0.7935956255042649,0.00012650925305582086,23.603
DEU,Germany,2025,2050,ndc,563.9936272067852,0.17654374648933166,0.7974595065231782,0.00012650925305582086,23.603
DEU,Germany,2025,2050,ambitious,540.1670718588119,0.17654374648933166,0.7736329511752051,0.00012650925305582086,23.603
DEU,Germany,2026,2050,baseline,533.7783157804331,0.17654374648933166,1.1508301947953665,0.00012397906799470446,23.603
DEU,Germany,2026,2050,ndc,541.4338821185138,0.17654374648933166,1.1623496421523605,0.00012397906799470446,23.603
DEU,Germany,2026,2050,ambitious,497.040574327637,0.17654374648933166,1.0941297790135105,0.00012397906799470446,23.603
DEU,Germany,2027,2050,baseline,507.4268853729943,0.17654374648933166,1.481713333679029,0.00012149948663481035,23.603
DEU,Germany,2027,2050,ndc,518.8741370302423,0.17654374648933166,1.5046800326932712,0.00012149948663481035,23.603
DEU,Germany,2027,2050,ambitious,456.78354739195385,0.17654374648933166,1.3743695799161326,0.00012149948663481035,23.603
DEU,Germany,2028,2050,baseline,481.0754549655558,0.17654374648933166,1.786245042155253,0.00011906949690211415,23.603
DEU,Germany,2028,2050,ndc,496.3143919419709,0.17654374648933166,1.8244506781459104,0.00011906949690211415,23.603
DEU,Germany,2028,2050,ambitious,419.1188265420869,0.17654374648933166,1.616944659968888,0.00011906949690211415,23.603
DEU,Germany,2029,2050,baseline,454.65182885837083,0.17654374648933166,2.0643531245242923,0.00011668810696407187,23.603
DEU,Germany,2029,2050,ndc,473.7546468536995,0.17654374648933166,2.1216615785102784,0.00011668810696407187,23.603
DEU,Germany,2029,2050,ambitious,383.7428933999952,0.17654374648933166,1.8241438068795515,0.00011668810696407187,23.603
DEU,Germany,2030,2050,baseline,428.30039845093205,0.17654374648933166,2.3161097764858924,0.00011435434482479044,23.603
DEU,Germany,2030,2050,ndc,451.1949017654281,0.17654374648933166,2.3963127337863748,0.00011435434482479044,23.603
DEU,Germany,2030,2050,ambitious,350.5662319304418,0.17654374648933166,1.9981662923206616,0.00011435434482479044,23.603
DEU,Germany,2031,2050,baseline,401.94896804349355,0.17654374648933166,2.541514998040055,0.00011206725792829462,23.603
DEU,Germany,2031,2050,ndc,428.6351566771567,0.17654374648933166,2.6484041439742003,0.00011206725792829462,23.603
DEU,Germany,2031,2050,ambitious,328.9974412000934,0.17654374648933166,2.1506199870314235,0.00011206725792829462,23.603
DEU,Germany,2032,2050,baseline,375.5975376360548,0.17654374648933166,2.740568789186778,0.00010982591276972872,23.603
DEU,Germany,2032,2050,ndc,406.0754115888853,0.17654374648933166,2.8779358090737537,0.00010982591276972872,23.603
DEU,Germany,2032,2050,ambitious,307.4286504697448,0.17654374648933166,2.2815048910118367,0.00010982591276972872,23.603
DEU,Germany,2033,2050,baseline,349.17391152886984,0.17654374648933166,2.913198954226316,0.00010762939451433413,23.603
DEU,Germany,2033,2050,ndc,383.5156665006139,0.17654374648933166,3.084907729085036,0.00010762939451433413,23.603
DEU,Germany,2033,2050,ambitious,285.800767162053,0.17654374648933166,2.3907619116845584,0.00010762939451433413,23.603
DEU,Germany,2034,2050,baseline,322.82248112143134,0.17654374648933166,3.059477688858416,0.00010547680662404747,23.603
DEU,Germany,2034,2050,ndc,360.9559214123425,0.17654374648933166,3.2693199040080474,0.00010547680662404747,23.603
DEU,Germany,2034,2050,ambitious,264.2319764317046,0.17654374648933166,2.478450141626932,0.00010547680662404747,23.603
DEU,Germany,2035,2050,baseline,296.47105071399255,0.17654374648933166,3.1794049930830766,0.0001033672704915665,23.603
DEU,Germany,2035,2050,ndc,338.39617632407106,0.17654374648933166,3.431172333842787,0.0001033672704915665,23.603
DEU,Germany,2035,2050,ambitious,242.66318570135599,0.17654374648933166,2.544569580838956,0.0001033672704915665,23.603
DEU,Germany,2036,2050,baseline,270.11962030655405,0.17654374648933166,3.2729808669002987,0.00010129992508173517,23.603
DEU,Germany,2036,2050,ndc,315.83643123579964,0.17654374648933166,3.570465018589255,0.00010129992508173517,23.603
DEU,Germany,2036,2050,ambitious,221.0943949710076,0.17654374648933166,2.589120229320632,0.00010129992508173517,23.603
DEU,Germany,2037,2050,baseline,243.69599419936907,0.17654374648933166,3.3401331146103357,9.927392658010046e-05,23.603
DEU,Germany,2037,2050,ndc,293.27668614752827,0.17654374648933166,3.687197958247452,9.927392658010046e-05,23.603
DEU,Germany,2037,2050,ambitious,199.46651166331574,0.17654374648933166,2.6120429944946157,9.927392658010046e-05,23.603
DEU,Germany,2038,2050,baseline,217.3445637919303,0.17654374648933166,3.380933931912934,9.728844804849847e-05,23.603
DEU,Germany,2038,2050,ndc,270.7169410592569,0.17654374648933166,3.7813711528173775,9.728844804849847e-05,23.603
DEU,Germany,2038,2050,ambitious,177.89772093296713,0.17654374648933166,2.6133969689382512,9.728844804849847e-05,23.603
DEU,Germany,2039,2050,baseline,190.99313338449178,0.17654374648933166,3.395383318808094,9.534267908752849e-05,23.603
DEU,Germany,2039,2050,ndc,248.1571959709855,0.17654374648933166,3.852984602299031,9.534267908752849e-05,23.603
DEU,Germany,2039,2050,ambitious,156.32893020261875,0.17654374648933166,2.5931821526515386,9.534267908752849e-05,23.603
DEU,Germany,2040,2050,baseline,164.64170297705328,0.17654374648933166,3.383481275295815,9.343582550577791e-05,23.603
DEU,Germany,2040,2050,ndc,225.59745088271404,0.17654374648933166,3.902038306692413,9.343582550577791e-05,23.603
DEU,Germany,2040,2050,ambitious,134.76013947227037,0.17654374648933166,2.551398545634477,9.343582550577791e-05,23.603
DEU,Germany,2041,2050,baseline,138.21807686986804,0.17654374648933163,3.3451556056763514,9.156710899566235e-05,23.603
DEU,Germany,2041,2050,ndc,203.03770579444264,0.17654374648933163,3.9285322659975237,9.156710899566235e-05,23.603
DEU,Germany,2041,2050,ambitious,113.13225616457828,0.17654374648933163,2.487987055309724,9.156710899566235e-05,23.603
DEU,Germany,2042,2050,baseline,111.86664646242954,0.17654374648933166,3.280478505649449,8.97357668157491e-05,23.603
DEU,Germany,2042,2050,ndc,180.47796070617125,0.17654374648933166,3.932466480214363,8.97357668157491e-05,23.603
DEU,Germany,2042,2050,ambitious,91.5634654342299,0.17654374648933166,2.4030067742546217,8.97357668157491e-05,23.603
DEU,Germany,2043,2050,baseline,85.51521605499103,0.17654374648933166,3.189449975215108,8.794105147943412e-05,23.603
DEU,Germany,2043,2050,ndc,157.91821561789985,0.17654374648933166,3.9138409493429314,8.794105147943412e-05,23.603
DEU,Germany,2043,2050,ambitious,69.9946747038815,0.17654374648933166,2.2964577024691715,8.794105147943412e-05,23.603
DEU,Germany,2044,2050,baseline,59.163785647552515,0.17654374648933166,3.0720700143733284,8.618223044984543e-05,23.603
DEU,Germany,2044,2050,ndc,135.35847052962842,0.17654374648933166,3.8726556733832282,8.618223044984543e-05,23.603
DEU,Germany,2044,2050,ambitious,48.42588397353312,0.17654374648933166,2.168339839953373,8.618223044984543e-05,23.603
DEU,Germany,2045,2050,baseline,32.74015954036729,0.17654374648933166,2.9282664274243637,8.445858584084853e-05,23.603
DEU,Germany,2045,2050,ndc,112.79872544135702,0.17654374648933166,3.808910652335254,8.445858584084853e-05,23.603
DEU,Germany,2045,2050,ambitious,26.79800066584105,0.17654374648933166,2.0185940941298823,8.445858584084853e-05,23.603
DEU,Germany,2046,2050,baseline,6.388729132928776,0.17654374648933166,2.7581114100679605,8.276941412403156e-05,23.603
DEU,Germany,2046,2050,ndc,90.23898035308562,0.17654374648933166,3.7226058861990072,8.276941412403156e-05,23.603
DEU,Germany,2046,2050,ambitious,5.229209935492661,0.17654374648933166,1.8472795575760435,8.276941412403156e-05,23.603
DEU,Germany,2047,2050,baseline,0.0,0.17654374648933166,2.581567663578629,8.111402584155093e-05,23.603
DEU,Germany,2047,2050,ndc,67.67923526481424,0.17654374648933166,3.6137413749744898,8.111402584155093e-05,23.603
DEU,Germany,2047,2050,ambitious,0.0,0.17654374648933166,1.670735811086712,8.111402584155093e-05,23.603
DEU,Germany,2048,2050,baseline,0.0,0.17654374648933166,2.4050239170892977,7.949174532471991e-05,23.603
DEU,Germany,2048,2050,ndc,45.11949017654278,0.17654374648933166,3.482317118661701,7.949174532471991e-05,23.603
DEU,Germany,2048,2050,ambitious,0.0,0.17654374648933166,1.4941920645973807,7.949174532471991e-05,23.603
DEU,Germany,2049,2050,baseline,0.0,0.17654374648933163,2.2284801705999664,7.790191041822551e-05,23.603
DEU,Germany,2049,2050,ndc,22.55974508827139,0.17654374648933163,3.328333117260641,7.790191041822551e-05,23.603
DEU,Germany,2049,2050,ambitious,0.0,0.17654374648933163,1.3176483181080494,7.790191041822551e-05,23.603
DEU,Germany,2050,2050,baseline,0.0,0.17654374648933166,2.051936424110635,7.634387220986099e-05,23.603
DEU,Germany,2050,2050,ndc,0.0,0.17654374648933166,3.1517893707713096,7.634387220986099e-05,23.603
DEU,Germany,2050,2050,ambitious,0.0,0.17654374648933166,1.141104571618718,7.634387220986099e-05,23.603
DNK,Denmark,2024,2050,baseline,25.17265169311101,0.012513386448511125,0.012659265244599885,6.563554486651232e-05,40.938
DNK,Denmark,2024,2050,ndc,25.17265169311101,0.012513386448511125,0.012659265244599885,6.563554486651232e-05,40.938
DNK,Denmark,2024,2050,ambitious,25.17265169311101,0.012513386448511125,0.012659265244599885,6.563554486651232e-05,40.938
DNK,Denmark,2025,2050,baseline,23.853781874238102,0.012513386448511125,0.023999660670326863,6.432283396918207e-05,40.938
DNK,Denmark,2025,2050,ndc,24.20447278183751,0.012513386448511125,0.02435035157792627,6.432283396918207e-05,40.938
DNK,Denmark,2025,2050,ambitious,22.65763964056839,0.012513386448511125,0.02280351843665715,6.432283396918207e-05,40.938
DNK,Denmark,2026,2050,baseline,22.538515524815644,0.012513386448511125,0.03402478974663139,6.303637728979843e-05,40.938
DNK,Denmark,2026,2050,ndc,23.236293870564012,0.012513386448511125,0.03507325899997916,6.303637728979843e-05,40.938
DNK,Denmark,2026,2050,ambitious,20.386072252946263,0.012513386448511125,0.03067620424109229,6.303637728979843e-05,40.938
DNK,Denmark,2027,2050,baseline,21.22324917539319,0.012513386448511125,0.04273465247351345,6.177564974400245e-05,40.938
DNK,Denmark,2027,2050,ndc,22.268114959290507,0.012513386448511125,0.04482798751075853,6.177564974400245e-05,40.938
DNK,Denmark,2027,2050,ambitious,18.321554383038514,0.012513386448511125,0.03648437217561967,6.177564974400245e-05,40.938
DNK,Denmark,2028,2050,baseline,19.90798282597074,0.012513386448511125,0.05012924885097306,6.054013674912241e-05,40.938
DNK,Denmark,2028,2050,ndc,21.29993604801701,0.012513386448511125,0.05361453711026441,6.054013674912241e-05,40.938
DNK,Denmark,2028,2050,ambitious,16.437011605849065,0.012513386448511125,0.04040799733295761,6.054013674912241e-05,40.938
DNK,Denmark,2029,2050,baseline,18.589113007097826,0.012513386448511125,0.05620497540955974,5.9329334014139956e-05,40.938
DNK,Denmark,2029,2050,ndc,20.33175713674351,0.012513386448511125,0.06143290779849678,5.9329334014139956e-05,40.938
DNK,Denmark,2029,2050,ambitious,14.70704184619051,0.012513386448511125,0.042601652730636985,5.9329334014139956e-05,40.938
DNK,Denmark,2030,2050,baseline,17.273846657675367,0.012513386448511125,0.06096543561872397,5.814274733385716e-05,40.938
DNK,Denmark,2030,2050,ndc,19.363578225470008,0.012513386448511125,0.06828309957545564,5.814274733385716e-05,40.938
DNK,Denmark,2030,2050,ambitious,13.11852667371861,0.012513386448511125,0.04320679295584445,5.814274733385716e-05,40.938
DNK,Denmark,2031,2050,baseline,15.958580308252921,0.012513386448511125,0.06441062947846576,5.697989238718001e-05,40.938
DNK,Denmark,2031,2050,ndc,18.39539931419651,0.012513386448511125,0.07416511244114102,5.697989238718001e-05,40.938
DNK,Denmark,2031,2050,ambitious,12.119654967266584,0.012513386448511125,0.0428130614745999,5.697989238718001e-05,40.938
DNK,Denmark,2032,2050,baseline,14.643313958830465,0.012513386448511125,0.06654055698878511,5.5840294539436414e-05,40.938
DNK,Denmark,2032,2050,ndc,17.427220402923005,0.012513386448511125,0.07907894639555288,5.5840294539436414e-05,40.938
DNK,Denmark,2032,2050,ambitious,11.120783260814546,0.012513386448511125,0.0414204582869033,5.5840294539436414e-05,40.938
DNK,Denmark,2033,2050,baseline,13.32444413995755,0.012513386448511125,0.06735161468023151,5.472348864864768e-05,40.938
DNK,Denmark,2033,2050,ndc,16.459041491649508,0.012513386448511125,0.08302460143869125,5.472348864864768e-05,40.938
DNK,Denmark,2033,2050,ambitious,10.119174919550323,0.012513386448511125,0.0390262467579425,5.472348864864768e-05,40.938
DNK,Denmark,2034,2050,baseline,12.009177790535102,0.012513386448511125,0.06684740602225547,5.362901887567473e-05,40.938
DNK,Denmark,2034,2050,ndc,15.490862580376007,0.012513386448511125,0.08600207757055614,5.362901887567473e-05,40.938
DNK,Denmark,2034,2050,ambitious,9.120303213098293,0.012513386448511125,0.035633163522529654,5.362901887567473e-05,40.938
DNK,Denmark,2035,2050,baseline,10.693911441112645,0.012513386448511125,0.06502793101485699,5.255643849816123e-05,40.938
DNK,Denmark,2035,2050,ndc,14.522683669102506,0.012513386448511125,0.08801137479114751,5.255643849816123e-05,40.938
DNK,Denmark,2035,2050,ambitious,8.121431506646257,0.012513386448511125,0.031241208580664787,5.255643849816123e-05,40.938
DNK,Denmark,2036,2050,baseline,9.378645091690206,0.012513386448511125,0.06189318965803606,5.1505309728198e-05,40.938
DNK,Denmark,2036,2050,ndc,13.554504757829005,0.012513386448511125,0.0890524931004654,5.1505309728198e-05,40.938
DNK,Denmark,2036,2050,ambitious,7.122559800194234,0.012513386448511125,0.0258503819323479,5.1505309728198e-05,40.938
DNK,Denmark,2037,2050,baseline,8.059775272817282,0.012513386448511125,0.05743957848234221,5.047520353363404e-05,40.938
DNK,Denmark,2037,2050,ndc,12.586325846555505,0.012513386448511125,0.08912543249850977,5.047520353363404e-05,40.938
DNK,Denmark,2037,2050,ambitious,6.120951458930004,0.012513386448511125,0.019457946942766785,5.047520353363404e-05,40.938
DNK,Denmark,2038,2050,baseline,6.744508923394825,0.012513386448511125,0.051670700957225896,4.946569946296137e-05,40.938
DNK,Denmark,2038,2050,ndc,11.618146935282006,0.012513386448511125,0.08823019298528065,4.946569946296137e-05,40.938
DNK,Denmark,2038,2050,ambitious,5.122079752477967,0.012513386448511125,0.012066640246733623,4.946569946296137e-05,40.938
DNK,Denmark,2039,2050,baseline,5.4292425739723775,0.012513386448511125,0.044586557082687134,4.8476385473702133e-05,40.938
DNK,Denmark,2039,2050,ndc,10.649968024008505,0.012513386448511125,0.08636677456077804,4.8476385473702133e-05,40.938
DNK,Denmark,2039,2050,ambitious,4.123208046025938,0.012513386448511125,0.003676461844248441,4.8476385473702133e-05,40.938
DNK,Denmark,2040,2050,baseline,4.113976224549931,0.012513386448511125,0.03618714685872593,4.750685776422809e-05,40.938
DNK,Denmark,2040,2050,ndc,9.681789112735004,0.012513386448511125,0.0835351772250019,4.750685776422809e-05,40.938
DNK,Denmark,2040,2050,ambitious,3.1243363395739085,0.012513386448511125,-0.005712588264688789,4.750685776422809e-05,40.938
DNK,Denmark,2041,2050,baseline,2.7951064056770054,0.012513386448511125,0.026468866815891806,4.655672060894353e-05,40.938
DNK,Denmark,2041,2050,ndc,8.713610201461503,0.012513386448511125,0.07973540097795226,4.655672060894353e-05,40.938
DNK,Denmark,2041,2050,ambitious,2.122727998309678,0.012513386448511125,-0.016103246714890246,4.655672060894353e-05,40.938
DNK,Denmark,2042,2050,baseline,1.479840056254558,0.012513386448511125,0.01543532042363524,4.562558619676466e-05,40.938
DNK,Denmark,2042,2050,ndc,7.745431290188003,0.012513386448511125,0.07496744581962914,4.562558619676466e-05,40.938
DNK,Denmark,2042,2050,ambitious,1.1238562918576482,0.012513386448511125,-0.027492776871543723,4.562558619676466e-05,40.938
DNK,Denmark,2043,2050,baseline,0.16457370683210215,0.012513386448511125,0.00308650768195623,4.471307447282936e-05,40.938
DNK,Denmark,2043,2050,ndc,6.777252378914504,0.012513386448511125,0.06923131175003255,4.471307447282936e-05,40.938
DNK,Denmark,2043,2050,ambitious,0.12498458540561239,0.012513386448511125,-0.03988117873464922,4.471307447282936e-05,40.938
DNK,Denmark,2044,2050,baseline,0.0,0.012513386448511125,-0.009426878766554903,4.3818812983372774e-05,40.938
DNK,Denmark,2044,2050,ndc,5.809073467641001,0.012513386448511125,0.0625269987691624,4.3818812983372774e-05,40.938
DNK,Denmark,2044,2050,ambitious,0.0,0.012513386448511125,-0.05239456518316035,4.3818812983372774e-05,40.938
DNK,Denmark,2045,2050,baseline,0.0,0.012513386448511125,-0.021940265215066035,4.294243672370532e-05,40.938
DNK,Denmark,2045,2050,ndc,4.840894556367502,0.012513386448511125,0.05485450687701876,4.294243672370532e-05,40.938
DNK,Denmark,2045,2050,ambitious,0.0,0.012513386448511125,-0.06490795163167148,4.294243672370532e-05,40.938
DNK,Denmark,2046,2050,baseline,0.0,0.012513386448511125,-0.03445365166357717,4.2083587989231215e-05,40.938
DNK,Denmark,2046,2050,ndc,3.8727156450940017,0.012513386448511125,0.04621383607360163,4.2083587989231215e-05,40.938
DNK,Denmark,2046,2050,ambitious,0.0,0.012513386448511125,-0.07742133808018262,4.2083587989231215e-05,40.938
DNK,Denmark,2047,2050,baseline,0.0,0.012513386448511125,-0.0469670381120883,4.124191622944659e-05,40.938
DNK,Denmark,2047,2050,ndc,2.904536733820502,0.012513386448511125,0.03660498635891102,4.124191622944659e-05,40.938
DNK,Denmark,2047,2050,ambitious,0.0,0.012513386448511125,-0.08993472452869375,4.124191622944659e-05,40.938
DNK,Denmark,2048,2050,baseline,0.0,0.012513386448511125,-0.05948042456059943,4.041707790485766e-05,40.938
DNK,Denmark,2048,2050,ndc,1.9363578225469995,0.012513386448511125,0.02602795773294686,4.041707790485766e-05,40.938
DNK,Denmark,2048,2050,ambitious,0.0,0.012513386448511125,-0.10244811097720488,4.041707790485766e-05,40.938
DNK,Denmark,2049,2050,baseline,0.0,0.012513386448511125,-0.07199381100911056,3.96087363467605e-05,40.938
DNK,Denmark,2049,2050,ndc,0.9681789112734998,0.012513386448511125,0.014482750195709215,3.96087363467605e-05,40.938
DNK,Denmark,2049,2050,ambitious,0.0,0.012513386448511125,-0.11496149742571601,3.96087363467605e-05,40.938
DNK,Denmark,2050,2050,baseline,0.0,0.012513386448511125,-0.0845071974576217,3.881656161982529e-05,40.938
DNK,Denmark,2050,2050,ndc,0.0,0.012513386448511125,0.001969363747198083,3.881656161982529e-05,40.938
DNK,Denmark,2050,2050,ambitious,0.0,0.012513386448511125,-0.12747488387422715,3.881656161982529e-05,40.938
DZA,Algeria,2024,2050,baseline,187.795860552978,0.09713727510171594,0.09065858545126207,0.00070497535189109,0.227
DZA,Algeria,2024,2050,ndc,187.795860552978,0.09713727510171594,0.09065858545126207,0.00070497535189109,0.227
DZA,Algeria,2024,2050,ambitious,187.795860552978,0.09713727510171594,0.09065858545126207,0.00070497535189109,0.227
DZA,Algeria,2025,2050,baseline,191.0716065634432,0.09713727510171595,0.18459291691298935,0.0006908758448532682,0.227
DZA,Algeria,2025,2050,ndc,180.57294283940195,0.09713727510171595,0.1740942531889481,0.0006908758448532682,0.227
DZA,Algeria,2025,2050,ambitious,184.90800637799575,0.09713727510171595,0.17842931672754192,0.0006908758448532682,0.227
DZA,Algeria,2026,2050,baseline,194.33840244819672,0.09713727510171595,0.28179404425947013,0.0006770583279562028,0.227
DZA,Algeria,2026,2050,ndc,173.35002512582588,0.09713727510171595,0.25030700321305804,0.0006770583279562028,0.227
DZA,Algeria,2026,2050,ambitious,182.1922523453475,0.09713727510171595,0.2634842939711735,0.0006770583279562028,0.227
DZA,Algeria,2027,2050,baseline,197.60519833295027,0.09713727510171594,0.3822619674907044,0.0006635171613970787,0.227
DZA,Algeria,2027,2050,ndc,166.12710741224979,0.09713727510171594,0.3192968355235919,0.0006635171613970787,0.227
DZA,Algeria,2027,2050,ambitious,179.64108946553392,0.09713727510171594,0.3459881083349915,0.0006635171613970787,0.227
DZA,Algeria,2028,2050,baseline,200.87199421770373,0.09713727510171594,0.4859966866066922,0.0006502468181691372,0.227
DZA,Algeria,2028,2050,ndc,158.9041896986737,0.09713727510171594,0.38106375012054966,0.0006502468181691372,0.227
DZA,Algeria,2028,2050,ambitious,177.23999498983187,0.09713727510171594,0.42609082822310745,0.0006502468181691372,0.227
DZA,Algeria,2029,2050,baseline,204.14774022816894,0.09713727510171592,0.5930071517331453,0.0006372418818057544,0.227
DZA,Algeria,2029,2050,ndc,151.68127198509762,0.09713727510171592,0.43560774700393134,0.0006372418818057544,0.227
DZA,Algeria,2029,2050,ambitious,174.98377744855244,0.09713727510171592,0.503937330569944,0.0006372418818057544,0.227
DZA,Algeria,2030,2050,baseline,207.41453611292246,0.09713727510171594,0.7032844127443518,0.0006244970441696393,0.227
DZA,Algeria,2030,2050,ndc,144.45835427152153,0.09713727510171594,0.482928826173737,0.0006244970441696393,0.227
DZA,Algeria,2030,2050,ambitious,172.8454468876743,0.09713727510171594,0.5796455023559024,0.0006244970441696393,0.227
DZA,Algeria,2031,2050,baseline,210.68133199767595,0.09713727510171592,0.8168284696403119,0.0006120071032862466,0.227
DZA,Algeria,2031,2050,ndc,137.2354365579455,0.09713727510171592,0.5230269876299667,0.0006120071032862466,0.227
DZA,Algeria,2031,2050,ambitious,175.56777679363435,0.09713727510171592,0.6580760040478209,0.0006120071032862466,0.227
DZA,Algeria,2032,2050,baseline,213.9481278824295,0.09713727510171595,0.9336393224210254,0.0005997669612205215,0.227
DZA,Algeria,2032,2050,ndc,130.0125188443694,0.09713727510171595,0.5559022313726202,0.0005997669612205215,0.227
DZA,Algeria,2032,2050,ambitious,178.29010669959442,0.09713727510171595,0.7392288356456992,0.0005997669612205215,0.227
DZA,Algeria,2033,2050,baseline,217.22387389289466,0.09713727510171594,1.053725921212204,0.000587771621996111,0.227
DZA,Algeria,2033,2050,ndc,122.78960113079332,0.09713727510171594,0.5815545574016976,0.000587771621996111,0.227
DZA,Algeria,2033,2050,ambitious,181.01989504365295,0.09713727510171594,0.8231114555876362,0.000587771621996111,0.227
DZA,Algeria,2034,2050,baseline,220.4906697776482,0.09713727510171594,1.1770793158881365,0.0005760161895561889,0.227
DZA,Algeria,2034,2050,ndc,115.56668341721725,0.09713727510171594,0.599983965717199,0.0005760161895561889,0.227
DZA,Algeria,2034,2050,ambitious,183.74222494961302,0.09713727510171594,0.9097164054355333,0.0005760161895561889,0.227
DZA,Algeria,2035,2050,baseline,223.7574656624017,0.09713727510171595,1.3036995064488222,0.000564495865765065,0.227
DZA,Algeria,2035,2050,ndc,108.34376570364115,0.09713727510171595,0.6111904563191244,0.000564495865765065,0.227
DZA,Algeria,2035,2050,ambitious,186.46455485557303,0.09713727510171595,0.9990436851893907,0.000564495865765065,0.227
DZA,Algeria,2036,2050,baseline,227.02426154715522,0.09713727510171594,1.4335864928942614,0.0005532059484497638,0.227
DZA,Algeria,2036,2050,ndc,101.12084799006507,0.09713727510171594,0.6151740292074737,0.0005532059484497638,0.227
DZA,Algeria,2036,2050,ambitious,189.18688476153307,0.09713727510171594,1.091093294849208,0.0005532059484497638,0.227
DZA,Algeria,2037,2050,baseline,230.30000755762035,0.09713727510171595,1.566749225350166,0.0005421418294807685,0.227
DZA,Algeria,2037,2050,ndc,93.897930276489,0.09713727510171595,0.6119346843822469,0.0005421418294807685,0.227
DZA,Algeria,2037,2050,ambitious,191.9166731055916,0.09713727510171595,1.1858726928530838,0.0005421418294807685,0.227
DZA,Algeria,2038,2050,baseline,233.5668034423739,0.09713727510171594,1.7031787536908243,0.0005312989928911531,0.227
DZA,Algeria,2038,2050,ndc,86.67501256291294,0.09713727510171594,0.601472421843444,0.0005312989928911531,0.227
DZA,Algeria,2038,2050,ambitious,194.63900301155167,0.09713727510171594,1.2833744207629194,0.0005312989928911531,0.227
DZA,Algeria,2039,2050,baseline,236.83359932712742,0.09713727510171592,1.8428750779162357,0.00052067301303333,0.227
DZA,Algeria,2039,2050,ndc,79.45209484933686,0.09713727510171592,0.5837872415910648,0.00052067301303333,0.227
DZA,Algeria,2039,2050,ambitious,197.3613329175117,0.09713727510171592,1.3835984785787152,0.00052067301303333,0.227
DZA,Algeria,2040,2050,baseline,240.1003952118809,0.09713727510171595,1.9858381980264008,0.0005102595527726635,0.227
DZA,Algeria,2040,2050,ndc,72.22917713576076,0.09713727510171595,0.5588791436251097,0.0005102595527726635,0.227
DZA,Algeria,2040,2050,ambitious,200.0836628234717,0.09713727510171595,1.4865448663004712,0.0005102595527726635,0.227
DZA,Algeria,2041,2050,baseline,243.37614122234615,0.09713727510171592,2.1320770641470315,0.0005000543617172101,0.227
DZA,Algeria,2041,2050,ndc,65.0062594221847,0.09713727510171592,0.5267481279455783,0.0005000543617172101,0.227
DZA,Algeria,2041,2050,ambitious,202.81345116753033,0.09713727510171592,1.5922210423662857,0.0005000543617172101,0.227
DZA,Algeria,2042,2050,baseline,246.6429371070996,0.09713727510171595,2.2815827261524153,0.0004900532744828659,0.227
DZA,Algeria,2042,2050,ndc,57.783341708608624,0.09713727510171595,0.4873941945524711,0.0004900532744828659,0.227
DZA,Algeria,2042,2050,ambitious,205.53578107349034,0.09713727510171595,1.7006195483380604,0.0004900532744828659,0.227
DZA,Algeria,2043,2050,baseline,249.90973299185316,0.09713727510171594,2.434355184042553,0.0004802522089932086,0.227
DZA,Algeria,2043,2050,ndc,50.56042399503255,0.09713727510171594,0.4408173434457876,0.0004802522089932086,0.227
DZA,Algeria,2043,2050,ambitious,208.25811097945038,0.09713727510171594,1.8117403842157949,0.0004802522089932086,0.227
DZA,Algeria,2044,2050,baseline,253.17652887660662,0.09713727510171594,2.5903944378174435,0.0004706471648133444,0.227
DZA,Algeria,2044,2050,ndc,43.337506281456456,0.09713727510171594,0.3870175746255282,0.0004706471648133444,0.227
DZA,Algeria,2044,2050,ambitious,210.9804408854104,0.09713727510171594,1.9255835499994896,0.0004706471648133444,0.227
DZA,Algeria,2045,2050,baseline,256.45227488707184,0.09713727510171595,2.749709437602799,0.0004612342215170775,0.227
DZA,Algeria,2045,2050,ndc,36.11458856788038,0.09713727510171595,0.3259948880916923,0.0004612342215170775,0.227
DZA,Algeria,2045,2050,ambitious,213.71022922946898,0.09713727510171595,2.042156504127242,0.0004612342215170775,0.227
DZA,Algeria,2046,2050,baseline,259.71907077182533,0.09713727510171594,2.9122912332729083,0.000452009537086736,0.227
DZA,Algeria,2046,2050,ndc,28.891670854304312,0.09713727510171594,0.25774928384428053,0.000452009537086736,0.227
DZA,Algeria,2046,2050,ambitious,216.432559135429,0.09713727510171594,2.1614517881609547,0.000452009537086736,0.227
DZA,Algeria,2047,2050,baseline,262.9858666565789,0.09713727510171594,3.078139824827771,0.00044296934634500127,0.227
DZA,Algeria,2047,2050,ndc,21.66875314072824,0.09713727510171594,0.18228076188329245,0.00044296934634500127,0.227
DZA,Algeria,2047,2050,ambitious,219.15488904138905,0.09713727510171594,2.283469402100628,0.00044296934634500127,0.227
DZA,Algeria,2048,2050,baseline,266.2526625413324,0.09713727510171595,3.2472552122673877,0.00043410995941810124,0.227
DZA,Algeria,2048,2050,ndc,14.445835427152145,0.09713727510171595,0.09958932220872851,0.00043410995941810124,0.227
DZA,Algeria,2048,2050,ambitious,221.87721894734912,0.09713727510171595,2.4082093459462612,0.00043410995941810124,0.227
DZA,Algeria,2049,2050,baseline,269.52840855179755,0.09713727510171594,3.4196463457174695,0.0004254277602297392,0.227
DZA,Algeria,2049,2050,ndc,7.222917713576073,0.09713727510171594,0.009674964820588272,0.0004254277602297392,0.227
DZA,Algeria,2049,2050,ambitious,224.60700729140765,0.09713727510171594,2.5356790781359524,0.0004254277602297392,0.227
DZA,Algeria,2050,2050,baseline,272.7952044365511,0.09713727510171594,3.595304275052304,0.00041691920502514435,0.227
DZA,Algeria,2050,2050,ndc,0.0,0.09713727510171594,-0.08746231028112783,0.00041691920502514435,0.227
DZA,Algeria,2050,2050,ambitious,227.32933719736772,0.09713727510171594,2.665871140231604,0.00041691920502514435,0.227
ECU,Ecuador,2024,2050,baseline,39.14720900578005,0.03783311635192368,0.0013140926538563746,0.00034924117058816997,27.974
ECU,Ecuador,2024,2050,ndc,39.14720900578005,0.03783311635192368,0.0013140926538563746,0.00034924117058816997,27.974
ECU,Ecuador,2024,2050,ambitious,39.14720900578005,0.03783311635192368,0.0013140926538563746,0.00034924117058816997,27.974
ECU,Ecuador,2025,2050,baseline,39.04643180057924,0.03783311635192369,0.0025274081025119244,0.00034225634717640653,27.974
ECU,Ecuador,2025,2050,ndc,37.641547120942356,0.03783311635192369,0.0011225234228750408,0.00034225634717640653,27.974
ECU,Ecuador,2025,2050,ambitious,37.733849067771864,0.03783311635192369,0.0012148253697045475,0.00034225634717640653,27.974
ECU,Ecuador,2026,2050,baseline,38.94592994293363,0.037833116351923685,0.003640221693521878,0.0003354112202328784,27.974
ECU,Ecuador,2026,2050,ndc,36.13588523610466,0.037833116351923685,-0.0005747076929439876,0.0003354112202328784,27.974
ECU,Ecuador,2026,2050,ambitious,36.41267903246196,0.037833116351923685,-0.000205611949757184,0.0003354112202328784,27.974
ECU,Ecuador,2027,2050,baseline,38.84542808528802,0.037833116351923685,0.004652533426886207,0.0003287029958282208,27.974
ECU,Ecuador,2027,2050,ndc,34.63022335126696,0.037833116351923685,-0.0037776006936007245,0.0003287029958282208,27.974
ECU,Ecuador,2027,2050,ambitious,35.17473810710782,0.037833116351923685,-0.002863990194573063,0.0003287029958282208,27.974
ECU,Ecuador,2028,2050,baseline,38.74492622764241,0.037833116351923685,0.0055643433026049405,0.0003221289359116564,27.974
ECU,Ecuador,2028,2050,ndc,33.12456146642927,0.037833116351923685,-0.008486155579095128,0.0003221289359116564,27.974
ECU,Ecuador,2028,2050,ambitious,34.01240173593586,0.037833116351923685,-0.006684704810560882,0.0003221289359116564,27.974
ECU,Ecuador,2029,2050,baseline,38.6441490224416,0.03783311635192368,0.0063753759731228765,0.0003156863571934233,27.974
ECU,Ecuador,2029,2050,ndc,31.618899581591577,0.03783311635192368,-0.014700372349427226,0.0003156863571934233,27.974
ECU,Ecuador,2029,2050,ambitious,32.918714520828665,0.03783311635192368,-0.011599106641655893,0.0003156863571934233,27.974
ECU,Ecuador,2030,2050,baseline,38.543647164795985,0.037833116351923685,0.007085906785995133,0.0003093726300495548,27.974
ECU,Ecuador,2030,2050,ndc,30.11323769675388,0.037833116351923685,-0.022420251004597047,0.0003093726300495548,27.974
ECU,Ecuador,2030,2050,ambitious,31.888205143531213,0.037833116351923685,-0.017544017850048388,0.0003093726300495548,27.974
ECU,Ecuador,2031,2050,baseline,38.44314530715038,0.03783311635192368,0.007695935741221849,0.00030318517744856374,27.974
ECU,Ecuador,2031,2050,ndc,28.607575811916192,0.03783311635192368,-0.03164579154460451,0.00030318517744856374,27.974
ECU,Ecuador,2031,2050,ambitious,31.805057229681584,0.03783311635192368,-0.023572076972290468,0.00030318517744856374,27.974
ECU,Ecuador,2032,2050,baseline,38.34264344950476,0.03783311635192369,0.008205462838802913,0.00029712147389959244,27.974
ECU,Ecuador,2032,2050,ndc,27.101913927078495,0.03783311635192369,-0.04237699396944972,0.00029712147389959244,27.974
ECU,Ecuador,2032,2050,ambitious,31.721909315831944,0.03783311635192369,-0.029683284008382216,0.00029712147389959244,27.974
ECU,Ecuador,2033,2050,baseline,38.24186624430396,0.03783311635192368,0.008614212731183235,0.0002911790444216006,27.974
ECU,Ecuador,2033,2050,ndc,25.596252042240803,0.03783311635192368,-0.054613858279132566,0.0002911790444216006,27.974
ECU,Ecuador,2033,2050,ambitious,31.638533599478606,0.03783311635192368,-0.03587786676082727,0.0002911790444216006,27.974
ECU,Ecuador,2034,2050,baseline,38.141364386658346,0.037833116351923685,0.00892246076591785,0.0002853554635331686,27.974
ECU,Ecuador,2034,2050,ndc,24.09059015740311,0.037833116351923685,-0.06835638447365316,0.0002853554635331686,27.974
ECU,Ecuador,2034,2050,ambitious,31.55538568562897,0.037833116351923685,-0.042155597427121994,0.0002853554635331686,27.974
ECU,Ecuador,2035,2050,baseline,38.040862529012735,0.037833116351923685,0.009130206943006924,0.0002796483542625052,27.974
ECU,Ecuador,2035,2050,ndc,22.58492827256541,0.037833116351923685,-0.0836045725530114,0.0002796483542625052,27.974
ECU,Ecuador,2035,2050,ambitious,31.472237771779337,0.037833116351923685,-0.04851647600726633,0.0002796483542625052,27.974
ECU,Ecuador,2036,2050,baseline,37.940360671367124,0.03783311635192369,0.009237451262450291,0.0002740553871772551,27.974
ECU,Ecuador,2036,2050,ndc,21.079266387727717,0.03783311635192369,-0.10035842251720739,0.0002740553871772551,27.974
ECU,Ecuador,2036,2050,ambitious,31.3890898579297,0.03783311635192369,-0.05496050250126033,0.0002740553871772551,27.974
ECU,Ecuador,2037,2050,baseline,37.83958346616632,0.037833116351923685,0.009243918376692917,0.00026857427943370994,27.974
ECU,Ecuador,2037,2050,ndc,19.573604502890024,0.037833116351923685,-0.11861793436624107,0.00026857427943370994,27.974
ECU,Ecuador,2037,2050,ambitious,31.305714141576367,0.037833116351923685,-0.0614879047116077,0.00026857427943370994,27.974
ECU,Ecuador,2038,2050,baseline,37.7390816085207,0.03783311635192369,0.009149883633289946,0.0002632027938450358,27.974
ECU,Ecuador,2038,2050,ndc,18.06794261805233,0.03783311635192369,-0.1383831081001124,0.0002632027938450358,27.974
ECU,Ecuador,2038,2050,ambitious,31.222566227726723,0.03783311635192369,-0.06809845483580462,0.0002632027938450358,27.974
ECU,Ecuador,2039,2050,baseline,37.638579750875095,0.03783311635192368,0.008955347032241434,0.00025793873796813504,27.974
ECU,Ecuador,2039,2050,ndc,16.56228073321464,0.03783311635192368,-0.1596539437188214,0.00025793873796813504,27.974
ECU,Ecuador,2039,2050,ambitious,31.139418313877094,0.03783311635192368,-0.07479215287385121,0.00025793873796813504,27.974
ECU,Ecuador,2040,2050,baseline,37.538077893229485,0.037833116351923685,0.00866030857354727,0.00025277996320877236,27.974
ECU,Ecuador,2040,2050,ndc,15.05661884837694,0.037833116351923685,-0.18243044122236812,0.00025277996320877236,27.974
ECU,Ecuador,2040,2050,ambitious,31.056270400027458,0.037833116351923685,-0.08156899882574742,0.00025277996320877236,27.974
ECU,Ecuador,2041,2050,baseline,37.43730068802867,0.037833116351923685,0.008264492909652255,0.0002477243639445969,27.974
ECU,Ecuador,2041,2050,ndc,13.550956963539248,0.037833116351923685,-0.20671260061075253,0.0002477243639445969,27.974
ECU,Ecuador,2041,2050,ambitious,30.972894683674117,0.037833116351923685,-0.08842922049399693,0.0002477243639445969,27.974
ECU,Ecuador,2042,2050,baseline,37.33679883038307,0.037833116351923685,0.007768175388111698,0.00024276987666570495,27.974
ECU,Ecuador,2042,2050,ndc,12.045295078701555,0.037833116351923685,-0.23250042188397463,0.00024276987666570495,27.974
ECU,Ecuador,2042,2050,ambitious,30.889746769824487,0.037833116351923685,-0.09537259007609611,0.00024276987666570495,27.974
ECU,Ecuador,2043,2050,baseline,37.23629697273745,0.037833116351923685,0.007171356008925489,0.00023791447913239084,27.974
ECU,Ecuador,2043,2050,ndc,10.53963319386386,0.037833116351923685,-0.2597939050420344,0.00023791447913239084,27.974
ECU,Ecuador,2043,2050,ambitious,30.806598855974844,0.037833116351923685,-0.10239910757204496,0.00023791447913239084,27.974
ECU,Ecuador,2044,2050,baseline,37.13579511509184,0.037833116351923685,0.006474034772093629,0.00023315618954974302,27.974
ECU,Ecuador,2044,2050,ndc,9.033971309026164,0.037833116351923685,-0.28859305008493197,0.00023315618954974302,27.974
ECU,Ecuador,2044,2050,ambitious,30.72345094212521,0.037833116351923685,-0.10950877298184336,0.00023315618954974302,27.974
ECU,Ecuador,2045,2050,baseline,37.03501790989103,0.037833116351923685,0.005675936330061027,0.00022849306575874816,27.974
ECU,Ecuador,2045,2050,ndc,7.52830942418847,0.037833116351923685,-0.31889785701266715,0.00022849306575874816,27.974
ECU,Ecuador,2045,2050,ambitious,30.640075225771874,0.037833116351923685,-0.11670181410799518,0.00022849306575874816,27.974
ECU,Ecuador,2046,2050,baseline,36.93451605224542,0.03783311635192368,0.004777336030382773,0.0002239232044435732,27.974
ECU,Ecuador,2046,2050,ndc,6.0226475393507775,0.03783311635192368,-0.35070832582524003,0.0002239232044435732,27.974
ECU,Ecuador,2046,2050,ambitious,30.556927311922237,0.03783311635192368,-0.12397800314799656,0.0002239232044435732,27.974
ECU,Ecuador,2047,2050,baseline,36.83401419459981,0.037833116351923685,0.003778233873058978,0.00021944474035470176,27.974
ECU,Ecuador,2047,2050,ndc,4.516985654513084,0.037833116351923685,-0.3840244565226506,0.00021944474035470176,27.974
ECU,Ecuador,2047,2050,ambitious,30.473779398072605,0.037833116351923685,-0.1313373401018476,0.00021944474035470176,27.974
ECU,Ecuador,2048,2050,baseline,36.7335123369542,0.03783311635192368,0.002678629858089532,0.0002150558455476077,27.974
ECU,Ecuador,2048,2050,ndc,3.0113237696753865,0.03783311635192368,-0.41884624910489887,0.0002150558455476077,27.974
ECU,Ecuador,2048,2050,ambitious,30.39063148422297,0.03783311635192368,-0.13877982496954833,0.0002150558455476077,27.974
ECU,Ecuador,2049,2050,baseline,36.632735131753385,0.037833116351923685,0.0014782486379192328,0.00021075472863665555,27.974
ECU,Ecuador,2049,2050,ndc,1.5056618848376933,0.037833116351923685,-0.45517370357198483,0.00021075472863665555,27.974
ECU,Ecuador,2049,2050,ambitious,30.307255767869627,0.037833116351923685,-0.14630568555360235,0.00021075472863665555,27.974
ECU,Ecuador,2050,2050,baseline,36.53223327410778,0.037833116351923685,0.000177365560103393,0.0002065396340639224,27.974
ECU,Ecuador,2050,2050,ndc,0.0,0.037833116351923685,-0.4930068199239085,0.0002065396340639224,27.974
ECU,Ecuador,2050,2050,ambitious,30.224107854019998,0.037833116351923685,-0.15391469405150604,0.0002065396340639224,27.974
EGY,"Egypt, Arab Rep.",2024,2050,baseline,274.71990526501054,0.24100251308814327,0.033717392176867284,0.0006658462186190361,5.804
EGY,"Egypt, Arab Rep.",2024,2050,ndc,274.71990526501054,0.24100251308814327,0.033717392176867284,0.0006658462186190361,5.804
EGY,"Egypt, Arab Rep.",2024,2050,ambitious,274.71990526501054,0.24100251308814327,0.033717392176867284,0.0006658462186190361,5.804
EGY,"Egypt, Arab Rep.",2025,2050,baseline,279.3524313546196,0.24100251308814333,0.07206731044334358,0.0006525292942466553,5.804
EGY,"Egypt, Arab Rep.",2025,2050,ndc,264.15375506251013,0.24100251308814333,0.05686863415123411,0.0006525292942466553,5.804
EGY,"Egypt, Arab Rep.",2025,2050,ambitious,269.93506873884695,0.24100251308814333,0.06264994782757094,0.0006525292942466553,5.804
EGY,"Egypt, Arab Rep.",2026,2050,baseline,283.9723002691205,0.24100251308814327,0.1150370976243208,0.0006394787083617221,5.804
EGY,"Egypt, Arab Rep.",2026,2050,ndc,253.58760486000975,0.24100251308814327,0.06945372592310062,0.0006394787083617221,5.804
EGY,"Egypt, Arab Rep.",2026,2050,ambitious,265.45048683635144,0.24100251308814327,0.08709792157577911,0.0006394787083617221,5.804
EGY,"Egypt, Arab Rep.",2027,2050,baseline,288.5921691836214,0.24100251308814327,0.16262675371979884,0.0006266891341944877,5.804
EGY,"Egypt, Arab Rep.",2027,2050,ndc,243.0214546575093,0.24100251308814327,0.07147266749246672,0.0006266891341944877,5.804
EGY,"Egypt, Arab Rep.",2027,2050,ambitious,261.2491695414899,0.24100251308814327,0.10734457802912567,0.0006266891341944877,5.804
EGY,"Egypt, Arab Rep.",2028,2050,baseline,293.2120380981223,0.24100251308814327,0.21483627872977795,0.000614155351510598,5.804
EGY,"Egypt, Arab Rep.",2028,2050,ndc,232.45530445500893,0.24100251308814327,0.0629254588593322,0.000614155351510598,5.804
EGY,"Egypt, Arab Rep.",2028,2050,ambitious,257.3051002775238,0.24100251308814327,0.12364716521850605,0.000614155351510598,5.804
EGY,"Egypt, Arab Rep.",2029,2050,baseline,297.84456418773146,0.24100251308814327,0.2716783298293661,0.000601872244480386,5.804
EGY,"Egypt, Arab Rep.",2029,2050,ndc,221.88915425250852,0.24100251308814327,0.04381210002369751,0.000601872244480386,5.804
EGY,"Egypt, Arab Rep.",2029,2050,ambitious,253.60613105481778,0.24100251308814327,0.13625078318518047,0.000601872244480386,5.804
EGY,"Egypt, Arab Rep.",2030,2050,baseline,302.4644331022324,0.24100251308814333,0.33314024984345547,0.0005898347995907783,5.804
EGY,"Egypt, Arab Rep.",2030,2050,ndc,211.32300405000808,0.24100251308814333,0.014132590985562299,0.0005898347995907783,5.804
EGY,"Egypt, Arab Rep.",2030,2050,ambitious,250.11011676062145,0.24100251308814333,0.14535838685765867,0.0005898347995907783,5.804
EGY,"Egypt, Arab Rep.",2031,2050,baseline,307.08430201673326,0.24100251308814327,0.3992220387720453,0.0005780381035989626,5.804
EGY,"Egypt, Arab Rep.",2031,2050,ndc,200.75685384750773,0.24100251308814327,-0.026113068255073202,0.0005780381035989626,5.804
EGY,"Egypt, Arab Rep.",2031,2050,ambitious,253.93032114555825,0.24100251308814327,0.15828619491507356,0.0005780381035989626,5.804
EGY,"Egypt, Arab Rep.",2032,2050,baseline,311.7041709312342,0.24100251308814333,0.46992369661513633,0.0005664773415269835,5.804
EGY,"Egypt, Arab Rep.",2032,2050,ndc,190.1907036450073,0.24100251308814333,-0.07692487769820922,0.0005664773415269835,5.804
EGY,"Egypt, Arab Rep.",2032,2050,ambitious,257.75052553049517,0.24100251308814333,0.1750342073574256,0.0005664773415269835,5.804
EGY,"Egypt, Arab Rep.",2033,2050,baseline,316.33669702084336,0.24100251308814333,0.5452578805478363,0.0005551477946964437,5.804
EGY,"Egypt, Arab Rep.",2033,2050,ndc,179.62455344250688,0.24100251308814333,-0.13830283734384574,0.0005551477946964437,5.804
EGY,"Egypt, Arab Rep.",2033,2050,ambitious,261.58119622881543,0.24100251308814333,0.1956128904980976,0.0005551477946964437,5.804
EGY,"Egypt, Arab Rep.",2034,2050,baseline,320.9565659353442,0.24100251308814327,0.625211933395037,0.0005440448388025149,5.804
EGY,"Egypt, Arab Rep.",2034,2050,ndc,169.0584032400065,0.24100251308814327,-0.21024694719198278,0.0005440448388025149,5.804
EGY,"Egypt, Arab Rep.",2034,2050,ambitious,265.40140061375223,0.24100251308814327,0.2200117780237063,0.0005440448388025149,5.804
EGY,"Egypt, Arab Rep.",2035,2050,baseline,325.5764348498452,0.24100251308814333,0.7097858551567389,0.0005331639420264646,5.804
EGY,"Egypt, Arab Rep.",2035,2050,ndc,158.49225303750606,0.24100251308814333,-0.29275720724262033,0.0005331639420264646,5.804
EGY,"Egypt, Arab Rep.",2035,2050,ambitious,269.22160499868914,0.24100251308814333,0.24823086993425214,0.0005331639420264646,5.804
EGY,"Egypt, Arab Rep.",2036,2050,baseline,330.19630376434606,0.24100251308814327,0.7989796458329415,0.0005225006631859352,5.804
EGY,"Egypt, Arab Rep.",2036,2050,ndc,147.92610283500568,0.24100251308814327,-0.38583361749575795,0.0005225006631859352,5.804
EGY,"Egypt, Arab Rep.",2036,2050,ambitious,273.04180938362595,0.24100251308814327,0.28027016622973466,0.0005225006631859352,5.804
EGY,"Egypt, Arab Rep.",2037,2050,baseline,334.8288298539552,0.24100251308814333,0.8928059625987528,0.0005120506499222165,5.804
EGY,"Egypt, Arab Rep.",2037,2050,ndc,137.35995263250527,0.24100251308814333,-0.4894761779513961,0.0005120506499222165,5.804
EGY,"Egypt, Arab Rep.",2037,2050,ambitious,276.8724800819462,0.24100251308814333,0.3161401332235374,0.0005120506499222165,5.804
EGY,"Egypt, Arab Rep.",2038,2050,baseline,339.4486987684561,0.24100251308814333,0.9912521482790657,0.0005018096369237723,5.804
EGY,"Egypt, Arab Rep.",2038,2050,ndc,126.79380243000487,0.24100251308814333,-0.6036848886095347,0.0005018096369237723,5.804
EGY,"Egypt, Arab Rep.",2038,2050,ambitious,280.69268446688307,0.24100251308814333,0.3558303046022768,0.0005018096369237723,5.804
EGY,"Egypt, Arab Rep.",2039,2050,baseline,344.068567682957,0.24100251308814327,1.094318202873879,0.0004917734441852968,5.804
EGY,"Egypt, Arab Rep.",2039,2050,ndc,116.22765222750448,0.24100251308814327,-0.7284597494701739,0.0004917734441852968,5.804
EGY,"Egypt, Arab Rep.",2039,2050,ambitious,284.51288885181987,0.24100251308814327,0.3993406803659534,0.0004917734441852968,5.804
EGY,"Egypt, Arab Rep.",2040,2050,baseline,348.6884365974579,0.24100251308814327,1.2020041263831933,0.0004819379753015908,5.804
EGY,"Egypt, Arab Rep.",2040,2050,ndc,105.66150202500404,0.24100251308814327,-0.8638007605333131,0.0004819379753015908,5.804
EGY,"Egypt, Arab Rep.",2040,2050,ambitious,288.3330932367567,0.24100251308814327,0.4466712605145666,0.0004819379753015908,5.804
EGY,"Egypt, Arab Rep.",2041,2050,baseline,353.32096268706704,0.24100251308814327,1.3143225759821169,0.0004722992157955589,5.804
EGY,"Egypt, Arab Rep.",2041,2050,ndc,95.09535182250364,0.24100251308814327,-1.0097079217989529,0.0004722992157955589,5.804
EGY,"Egypt, Arab Rep.",2041,2050,ambitious,292.163763935077,0.24100251308814327,0.49783251136150053,0.0004722992157955589,5.804
EGY,"Egypt, Arab Rep.",2042,2050,baseline,357.940831601568,0.24100251308814333,1.4312608944955416,0.0004628532314796478,5.804
EGY,"Egypt, Arab Rep.",2042,2050,ndc,84.52920162000325,0.24100251308814333,-1.166181233267093,0.0004628532314796478,5.804
EGY,"Egypt, Arab Rep.",2042,2050,ambitious,295.9839683200139,0.24100251308814333,0.5528139665933711,0.0004628532314796478,5.804
EGY,"Egypt, Arab Rep.",2043,2050,baseline,362.56070051606883,0.24100251308814333,1.5528190819234666,0.00045359616685005483,5.804
EGY,"Egypt, Arab Rep.",2043,2050,ndc,73.96305141750285,0.24100251308814333,-1.3332206949377339,0.00045359616685005483,5.804
EGY,"Egypt, Arab Rep.",2043,2050,ambitious,299.80417270495064,0.24100251308814333,0.6116156262101784,0.00045359616685005483,5.804
EGY,"Egypt, Arab Rep.",2044,2050,baseline,367.1805694305698,0.24100251308814327,1.6789971382658928,0.0004445242435130537,5.804
EGY,"Egypt, Arab Rep.",2044,2050,ndc,63.39690121500242,0.24100251308814327,-1.5108263068108747,0.0004445242435130537,5.804
EGY,"Egypt, Arab Rep.",2044,2050,ambitious,303.62437708988756,0.24100251308814327,0.6742374902119224,0.0004445242435130537,5.804
EGY,"Egypt, Arab Rep.",2045,2050,baseline,371.8130955201789,0.24100251308814327,1.8098077206979282,0.0004356337586427926,5.804
EGY,"Egypt, Arab Rep.",2045,2050,ndc,52.83075101250202,0.24100251308814327,-1.698998068886516,0.0004356337586427926,5.804
EGY,"Egypt, Arab Rep.",2045,2050,ambitious,307.45504778820776,0.24100251308814327,0.740690024911987,0.0004356337586427926,5.804
EGY,"Egypt, Arab Rep.",2046,2050,baseline,376.43296443467983,0.24100251308814333,1.9452381720444647,0.0004269210834699368,5.804
EGY,"Egypt, Arab Rep.",2046,2050,ndc,42.264600810001625,0.24100251308814333,-1.897735981164658,0.0004269210834699368,5.804
EGY,"Egypt, Arab Rep.",2046,2050,ambitious,311.2752521731447,0.24100251308814333,0.8109627639969883,0.0004269210834699368,5.804
EGY,"Egypt, Arab Rep.",2047,2050,baseline,381.05283334918073,0.24100251308814333,2.0852884923055015,0.00041838266180053806,5.804
EGY,"Egypt, Arab Rep.",2047,2050,ndc,31.698450607501226,0.24100251308814333,-2.1070400436453003,0.00041838266180053806,5.804
EGY,"Egypt, Arab Rep.",2047,2050,ambitious,315.0954565580815,0.24100251308814333,0.8850557074669263,0.00041838266180053806,5.804
EGY,"Egypt, Arab Rep.",2048,2050,baseline,385.67270226368163,0.24100251308814327,2.2299586814810395,0.0004100150085645273,5.804
EGY,"Egypt, Arab Rep.",2048,2050,ndc,21.132300405000798,0.24100251308814327,-2.326910256328443,0.0004100150085645273,5.804
EGY,"Egypt, Arab Rep.",2048,2050,ambitious,318.91566094301834,0.24100251308814327,0.962968855321801,0.0004100150085645273,5.804
EGY,"Egypt, Arab Rep.",2049,2050,baseline,390.3052283532908,0.24100251308814327,2.3792613967461875,0.0004018147083932367,5.804
EGY,"Egypt, Arab Rep.",2049,2050,ndc,10.566150202500399,0.24100251308814327,-2.557346619214086,0.0004018147083932367,5.804
EGY,"Egypt, Arab Rep.",2049,2050,ambitious,322.7463316413386,0.24100251308814327,1.0447126738749963,0.0004018147083932367,5.804
EGY,"Egypt, Arab Rep.",2050,2050,baseline,394.9250972677916,0.24100251308814327,2.533183980925835,0.00039377841422537195,5.804
EGY,"Egypt, Arab Rep.",2050,2050,ndc,0.0,0.24100251308814327,-2.7983491323022296,0.00039377841422537195,5.804
EGY,"Egypt, Arab Rep.",2050,2050,ambitious,326.5665360262754,0.24100251308814327,1.1302766968131284,0.00039377841422537195,5.804
ESP,Spain,2024,2050,baseline,213.92059725341025,0.10173212795526776,0.1121884692981425,0.00013405649159868,24.822
ESP,Spain,2024,2050,ndc,213.92059725341025,0.10173212795526776,0.1121884692981425,0.00013405649159868,24.822
ESP,Spain,2024,2050,ambitious,213.92059725341025,0.10173212795526776,0.1121884692981425,0.00013405649159868,24.822
ESP,Spain,2025,2050,baseline,207.50142835075562,0.10173212795526777,0.21795776969363034,0.0001313753617667064,24.822
ESP,Spain,2025,2050,ndc,205.69288197443294,0.10173212795526777,0.21614922331730768,0.0001313753617667064,24.822
ESP,Spain,2025,2050,ambitious,195.88919675858253,0.10173212795526777,0.20634553810145728,0.0001313753617667064,24.822
ESP,Spain,2026,2050,baseline,201.09979816094975,0.10173212795526776,0.3173254398993123,0.00012874785453137225,24.822
ESP,Spain,2026,2050,ndc,197.46516669545562,0.10173212795526776,0.3118822620574956,0.00012874785453137225,24.822
ESP,Spain,2026,2050,ambitious,179.78467403776676,0.10173212795526776,0.2843980841839563,0.00012874785453137225,24.822
ESP,Spain,2027,2050,baseline,194.69816797114387,0.10173212795526776,0.41029147991518844,0.0001261728974407448,24.822
ESP,Spain,2027,2050,ndc,189.23745141647828,0.10173212795526776,0.3993875855187061,0.0001261728974407448,24.822
ESP,Spain,2027,2050,ambitious,165.30120430126314,0.10173212795526776,0.3479671605299517,0.0001261728974407448,24.822
ESP,Spain,2028,2050,baseline,188.29653778133806,0.10173212795526775,0.4968558897412588,0.00012364943949192992,24.822
ESP,Spain,2028,2050,ndc,181.00973613750097,0.10173212795526775,0.4786651937009393,0.00012364943949192992,24.822
ESP,Spain,2028,2050,ambitious,152.20575723876684,0.10173212795526775,0.39844078981345077,0.00012364943949192992,24.822
ESP,Spain,2029,2050,baseline,181.8773688786834,0.10173212795526776,0.5770011306646745,0.00012117645070209131,24.822
ESP,Spain,2029,2050,ndc,172.78202085852368,0.10173212795526776,0.5497150866041951,0.00012117645070209131,24.822
ESP,Spain,2029,2050,ambitious,140.29439627115138,0.10173212795526776,0.4370030581293345,0.00012117645070209131,24.822
ESP,Spain,2030,2050,baseline,175.47573868887753,0.10173212795526776,0.6507447413982842,0.00011875292168804948,24.822
ESP,Spain,2030,2050,ndc,164.55430557954634,0.10173212795526776,0.6125372642284738,0.00011875292168804948,24.822
ESP,Spain,2030,2050,ambitious,129.43766657720235,0.10173212795526776,0.4647085967512691,0.00011875292168804948,24.822
ESP,Spain,2031,2050,baseline,169.07410849907168,0.10173212795526775,0.7180867219420881,0.00011637786325428849,24.822
ESP,Spain,2031,2050,ndc,156.32659030056905,0.10173212795526775,0.6671317265737751,0.00011637786325428849,24.822
ESP,Spain,2031,2050,ambitious,124.71557747103942,0.10173212795526775,0.48769204626704066,0.00011637786325428849,24.822
ESP,Spain,2032,2050,baseline,162.67247830926584,0.10173212795526777,0.7790270722960863,0.00011405030598920272,24.822
ESP,Spain,2032,2050,ndc,148.0988750215917,0.10173212795526777,0.713498473640099,0.00011405030598920272,24.822
ESP,Spain,2032,2050,ambitious,119.99348836487648,0.10173212795526777,0.5059534066766495,0.00011405030598920272,24.822
ESP,Spain,2033,2050,baseline,156.25330940661115,0.10173212795526777,0.8335482537474297,0.00011176929986941865,24.822
ESP,Spain,2033,2050,ndc,139.8711597426144,0.10173212795526777,0.7516375054274456,0.00011176929986941865,24.822
ESP,Spain,2033,2050,ambitious,115.25846202828568,0.10173212795526777,0.5194797407496674,0.00011176929986941865,24.822
ESP,Spain,2034,2050,baseline,149.85167921680534,0.10173212795526776,0.8816678050089672,0.00010953391387203029,24.822
ESP,Spain,2034,2050,ndc,131.64344446363708,0.10173212795526776,0.7815488219358149,0.00010953391387203029,24.822
ESP,Spain,2034,2050,ambitious,110.53637292212277,0.10173212795526776,0.5282839857165225,0.00010953391387203029,24.822
ESP,Spain,2035,2050,baseline,143.45004902699947,0.10173212795526776,0.9233857260806988,0.00010734323559458967,24.822
ESP,Spain,2035,2050,ndc,123.41572918465975,0.10173212795526776,0.8032324231652068,0.00010734323559458967,24.822
ESP,Spain,2035,2050,ambitious,105.81428381595981,0.10173212795526776,0.5323661415772145,0.00010734323559458967,24.822
ESP,Spain,2036,2050,baseline,137.04841883719365,0.10173212795526777,0.9587020169626244,0.00010519637088269787,24.822
ESP,Spain,2036,2050,ndc,115.18801390568244,0.10173212795526777,0.8166883091156212,0.00010519637088269787,24.822
ESP,Spain,2036,2050,ambitious,101.0921947097969,0.10173212795526777,0.5317262083317436,0.00010519637088269787,24.822
ESP,Spain,2037,2050,baseline,130.62924993453896,0.10173212795526776,0.9875991389418957,0.00010309244346504391,24.822
ESP,Spain,2037,2050,ndc,106.96029862670513,0.10173212795526776,0.8219164797870584,0.00010309244346504391,24.822
ESP,Spain,2037,2050,ambitious,96.3571683732061,0.10173212795526776,0.5263512487496818,0.00010309244346504391,24.822
ESP,Spain,2038,2050,baseline,124.2276197447331,0.10173212795526776,1.010094630731361,0.00010103059459574304,24.822
ESP,Spain,2038,2050,ndc,98.73258334772781,0.10173212795526776,0.8189169351795185,0.00010103059459574304,24.822
ESP,Spain,2038,2050,ambitious,91.63507926704315,0.10173212795526776,0.5162542000614572,0.00010103059459574304,24.822
ESP,Spain,2039,2050,baseline,117.82598955492728,0.10173212795526775,1.0261884923310205,9.900998270382817e-05,24.822
ESP,Spain,2039,2050,ndc,90.5048680687505,0.10173212795526775,0.8076896752930012,9.900998270382817e-05,24.822
ESP,Spain,2039,2050,ambitious,86.91299016088023,0.10173212795526775,0.5014350622670698,9.900998270382817e-05,24.822
ESP,Spain,2040,2050,baseline,111.42435936512136,0.10173212795526777,1.0358807237408738,9.702978304975161e-05,24.822
ESP,Spain,2040,2050,ndc,82.27715278977317,0.10173212795526777,0.7882347001275065,9.702978304975161e-05,24.822
ESP,Spain,2040,2050,ambitious,82.19090105471724,0.10173212795526777,0.4818938353665192,9.702978304975161e-05,24.822
ESP,Spain,2041,2050,baseline,105.00519046246674,0.10173212795526776,1.039153786248073,9.508918738875657e-05,24.822
ESP,Spain,2041,2050,ndc,74.04943751079585,0.10173212795526776,0.7605520096830349,9.508918738875657e-05,24.822
ESP,Spain,2041,2050,ambitious,77.45587471812648,0.10173212795526776,0.457617582129378,9.508918738875657e-05,24.822
ESP,Spain,2042,2050,baseline,98.60356027266091,0.10173212795526776,1.0360252185654661,9.318740364098144e-05,24.822
ESP,Spain,2042,2050,ndc,65.82172223181854,0.10173212795526776,0.7246416039595855,9.318740364098144e-05,24.822
ESP,Spain,2042,2050,ambitious,72.73378561196357,0.10173212795526776,0.4286192397860735,9.318740364098144e-05,24.822
ESP,Spain,2043,2050,baseline,92.201930082855,0.10173212795526776,1.0264950206930532,9.132365556816181e-05,24.822
ESP,Spain,2043,2050,ndc,57.594006952841234,0.10173212795526776,0.680503482957159,9.132365556816181e-05,24.822
ESP,Spain,2043,2050,ambitious,68.01169650580059,0.10173212795526776,0.39489880833660607,9.132365556816181e-05,24.822
ESP,Spain,2044,2050,baseline,85.80029989304917,0.10173212795526776,1.0105631926308347,8.949718245679857e-05,24.822
ESP,Spain,2044,2050,ndc,49.36629167386389,0.10173212795526776,0.6281376466757549,8.949718245679857e-05,24.822
ESP,Spain,2044,2050,ambitious,63.28960739963767,0.10173212795526776,0.35645628778097604,8.949718245679857e-05,24.822
ESP,Spain,2045,2050,baseline,79.38113099039454,0.10173212795526777,0.9882121956659615,8.77072388076626e-05,24.822
ESP,Spain,2045,2050,ndc,41.138576394886584,0.10173212795526777,0.5675440951153736,8.77072388076626e-05,24.822
ESP,Spain,2045,2050,ambitious,58.55458106304689,0.10173212795526777,0.3132787408887552,8.77072388076626e-05,24.822
ESP,Spain,2046,2050,baseline,72.97950080058868,0.10173212795526776,0.9594595685112823,8.595309403150935e-05,24.822
ESP,Spain,2046,2050,ndc,32.91086111590927,0.10173212795526776,0.4987228282760152,8.595309403150935e-05,24.822
ESP,Spain,2046,2050,ambitious,53.83249195688395,0.10173212795526776,0.2653791048903713,8.595309403150935e-05,24.822
ESP,Spain,2047,2050,baseline,66.57787061078281,0.10173212795526777,0.9243053111667971,8.423403215087917e-05,24.822
ESP,Spain,2047,2050,ndc,24.68314583693196,0.10173212795526777,0.4216738461576792,8.423403215087917e-05,24.822
ESP,Spain,2047,2050,ambitious,49.110402850721,0.10173212795526777,0.21275737978582443,8.423403215087917e-05,24.822
ESP,Spain,2048,2050,baseline,60.17624042097699,0.10173212795526776,0.8827494236325064,8.254935150786158e-05,24.822
ESP,Spain,2048,2050,ndc,16.455430557954625,0.10173212795526776,0.3363971487603661,8.254935150786158e-05,24.822
ESP,Spain,2048,2050,ambitious,44.38831374455809,0.10173212795526776,0.15541356557511454,8.254935150786158e-05,24.822
ESP,Spain,2049,2050,baseline,53.75707151832227,0.10173212795526775,0.834774367195561,8.089836447770435e-05,24.822
ESP,Spain,2049,2050,ndc,8.227715278977312,0.10173212795526775,0.24289273608407536,8.089836447770435e-05,24.822
ESP,Spain,2049,2050,ambitious,39.65328740796725,0.10173212795526775,0.09333472502781381,8.089836447770435e-05,24.822
ESP,Spain,2050,2050,baseline,47.35544132851645,0.10173212795526775,0.7803976805688095,7.928039718815025e-05,24.822
ESP,Spain,2050,2050,ndc,0.0,0.10173212795526775,0.14116060812880749,7.928039718815025e-05,24.822
ESP,Spain,2050,2050,ambitious,34.931198301804336,0.10173212795526775,0.026533795374350078,7.928039718815025e-05,24.822
EST,Estonia,2024,2050,baseline,8.159576311458999,0.002883312033287727,0.005276264278171272,0.00023778938966750797,14.305
EST,Estonia,2024,2050,ndc,8.159576311458999,0.002883312033287727,0.005276264278171272,0.00023778938966750797,14.305
EST,Estonia,2024,2050,ambitious,8.159576311458999,0.002883312033287727,0.005276264278171272,0.00023778938966750797,14.305
EST,Estonia,2025,2050,baseline,7.014888287518528,0.002883312033287727,0.009407840532402074,0.0002330336018741578,14.305
EST,Estonia,2025,2050,ndc,7.84574645332596,0.002883312033287727,0.010238698698209505,0.0002330336018741578,14.305
EST,Estonia,2025,2050,ambitious,6.788601568581627,0.002883312033287727,0.009181553813465172,0.0002330336018741578,14.305
EST,Estonia,2026,2050,baseline,5.873327826484987,0.0028833120332877275,0.012397856325599334,0.00022837292983667466,14.305
EST,Estonia,2026,2050,ndc,7.531916595192922,0.0028833120332877275,0.014887303260114702,0.00022837292983667466,14.305
EST,Estonia,2026,2050,ambitious,5.506244837353734,0.0028833120332877275,0.011804486617531178,0.00022837292983667466,14.305
EST,Estonia,2027,2050,baseline,4.731767365451453,0.002883312033287727,0.014246311657763059,0.00022380547123994116,14.305
EST,Estonia,2027,2050,ndc,7.218086737059883,0.002883312033287727,0.019222077963886856,0.00022380547123994116,14.305
EST,Estonia,2027,2050,ambitious,4.3016066958922945,0.002883312033287727,0.013222781280135746,0.00022380547123994116,14.305
EST,Estonia,2028,2050,baseline,3.5902069044179274,0.002883312033287727,0.01495320652889326,0.00021932936181514234,14.305
EST,Estonia,2028,2050,ndc,6.904256878926845,0.002883312033287727,0.023243022809525976,0.00021932936181514234,14.305
EST,Estonia,2028,2050,ambitious,3.167829621571283,0.002883312033287727,0.013507298868419303,0.00021932936181514234,14.305
EST,Estonia,2029,2050,baseline,2.4455188804774495,0.002883312033287727,0.014515413376082982,0.0002149427745788395,14.305
EST,Estonia,2029,2050,ndc,6.590427020793807,0.002883312033287727,0.026950137797032057,0.0002149427745788395,14.305
EST,Estonia,2029,2050,ambitious,2.0961590404301753,0.002883312033287727,0.012720145875561754,0.0002149427745788395,14.305
EST,Estonia,2030,2050,baseline,1.303958419443916,0.0028833120332877275,0.012936059762239174,0.0002106439190872627,14.305
EST,Estonia,2030,2050,ndc,6.276597162660767,0.0028833120332877275,0.0303434229264051,0.0002106439190872627,14.305
EST,Estonia,2030,2050,ambitious,1.0866320162159235,0.0028833120332877275,0.010923465858489953,0.0002106439190872627,14.305
EST,Estonia,2031,2050,baseline,0.16239795841038238,0.0028833120332877266,0.010215145687361829,0.00020643104070551744,14.305
EST,Estonia,2031,2050,ndc,5.9627673045277305,0.0028833120332877266,0.033422878197645105,0.00020643104070551744,14.305
EST,Estonia,2031,2050,ambitious,0.13533163201022871,0.0028833120332877266,0.008175485457212455,0.00020643104070551744,14.305
EST,Estonia,2032,2050,baseline,0.0,0.002883312033287727,0.007331833654074103,0.0002023024198914071,14.305
EST,Estonia,2032,2050,ndc,5.648937446394691,0.002883312033287727,0.03618850361075207,0.0002023024198914071,14.305
EST,Estonia,2032,2050,ambitious,0.0,0.002883312033287727,0.005292173423924729,0.0002023024198914071,14.305
EST,Estonia,2033,2050,baseline,0.0,0.002883312033287727,0.004448521620786378,0.00019825637149357893,14.305
EST,Estonia,2033,2050,ndc,5.3351075882616525,0.002883312033287727,0.038640299165726,0.00019825637149357893,14.305
EST,Estonia,2033,2050,ambitious,0.0,0.002883312033287727,0.0024088613906370036,0.00019825637149357893,14.305
EST,Estonia,2034,2050,baseline,0.0,0.002883312033287727,0.0015652095874986519,0.00019429124406370737,14.305
EST,Estonia,2034,2050,ndc,5.021277730128615,0.002883312033287727,0.04077826486256689,0.00019429124406370737,14.305
EST,Estonia,2034,2050,ambitious,0.0,0.002883312033287727,-0.0004744506426507221,0.00019429124406370737,14.305
EST,Estonia,2035,2050,baseline,0.0,0.0028833120332877275,-0.0013181024457890739,0.0001904054191824332,14.305
EST,Estonia,2035,2050,ndc,4.7074478719955755,0.0028833120332877275,0.04260240070127474,0.0001904054191824332,14.305
EST,Estonia,2035,2050,ambitious,0.0,0.0028833120332877275,-0.003357762675938448,0.0001904054191824332,14.305
EST,Estonia,2036,2050,baseline,0.0,0.0028833120332877275,-0.0042014144790768,0.0001865973107987845,14.305
EST,Estonia,2036,2050,ndc,4.393618013862538,0.0028833120332877275,0.04411270668184955,0.0001865973107987845,14.305
EST,Estonia,2036,2050,ambitious,0.0,0.0028833120332877275,-0.0062410747092261736,0.0001865973107987845,14.305
EST,Estonia,2037,2050,baseline,0.0,0.002883312033287727,-0.007084726512364525,0.00018286536458280884,14.305
EST,Estonia,2037,2050,ndc,4.079788155729499,0.002883312033287727,0.045309182804291324,0.00018286536458280884,14.305
EST,Estonia,2037,2050,ambitious,0.0,0.002883312033287727,-0.0091243867425139,0.00018286536458280884,14.305
EST,Estonia,2038,2050,baseline,0.0,0.002883312033287727,-0.009968038545652251,0.00017920805729115268,14.305
EST,Estonia,2038,2050,ndc,3.765958297596461,0.002883312033287727,0.04619182906860006,0.00017920805729115268,14.305
EST,Estonia,2038,2050,ambitious,0.0,0.002883312033287727,-0.012007698775801625,0.00017920805729115268,14.305
EST,Estonia,2039,2050,baseline,0.0,0.002883312033287727,-0.012851350578939977,0.0001756238961453296,14.305
EST,Estonia,2039,2050,ndc,3.452128439463423,0.002883312033287727,0.04676064547477576,0.0001756238961453296,14.305
EST,Estonia,2039,2050,ambitious,0.0,0.002883312033287727,-0.01489101080908935,0.0001756238961453296,14.305
EST,Estonia,2040,2050,baseline,0.0,0.002883312033287727,-0.015734662612227703,0.000172111418222423,14.305
EST,Estonia,2040,2050,ndc,3.1382985813303836,0.002883312033287727,0.047015632022818415,0.000172111418222423,14.305
EST,Estonia,2040,2050,ambitious,0.0,0.002883312033287727,-0.017774322842377076,0.000172111418222423,14.305
EST,Estonia,2041,2050,baseline,0.0,0.002883312033287727,-0.018617974645515428,0.00016866918985797454,14.305
EST,Estonia,2041,2050,ndc,2.8244687231973455,0.002883312033287727,0.046956788712728036,0.00016866918985797454,14.305
EST,Estonia,2041,2050,ambitious,0.0,0.002883312033287727,-0.020657634875664802,0.00016866918985797454,14.305
EST,Estonia,2042,2050,baseline,0.0,0.002883312033287727,-0.021501286678803154,0.00016529580606081506,14.305
EST,Estonia,2042,2050,ndc,2.5106388650643074,0.002883312033287727,0.04658411554450462,0.00016529580606081506,14.305
EST,Estonia,2042,2050,ambitious,0.0,0.002883312033287727,-0.023540946908952528,0.00016529580606081506,14.305
EST,Estonia,2043,2050,baseline,0.0,0.002883312033287727,-0.02438459871209088,0.00016198988993959874,14.305
EST,Estonia,2043,2050,ndc,2.1968090069312693,0.002883312033287727,0.04589761251814816,0.00016198988993959874,14.305
EST,Estonia,2043,2050,ambitious,0.0,0.002883312033287727,-0.026424258942240254,0.00016198988993959874,14.305
EST,Estonia,2044,2050,baseline,0.0,0.002883312033287727,-0.027267910745378605,0.00015875009214080677,14.305
EST,Estonia,2044,2050,ndc,1.8829791487982301,0.002883312033287727,0.044897279633658665,0.00015875009214080677,14.305
EST,Estonia,2044,2050,ambitious,0.0,0.002883312033287727,-0.02930757097552798,0.00015875009214080677,14.305
EST,Estonia,2045,2050,baseline,0.0,0.002883312033287727,-0.030151222778666338,0.00015557509029799063,14.305
EST,Estonia,2045,2050,ndc,1.5691492906651918,0.002883312033287727,0.043583116891036125,0.00015557509029799063,14.305
EST,Estonia,2045,2050,ambitious,0.0,0.002883312033287727,-0.032190883008815716,0.00015557509029799063,14.305
EST,Estonia,2046,2050,baseline,0.0,0.002883312033287727,-0.03303453481195407,0.00015246358849203083,14.305
EST,Estonia,2046,2050,ndc,1.2553194325321537,0.002883312033287727,0.041955124290280546,0.00015246358849203083,14.305
EST,Estonia,2046,2050,ambitious,0.0,0.002883312033287727,-0.03507419504210345,0.00015246358849203083,14.305
EST,Estonia,2047,2050,baseline,0.0,0.002883312033287727,-0.0359178468452418,0.0001494143167221902,14.305
EST,Estonia,2047,2050,ndc,0.9414895743991155,0.002883312033287727,0.04001330183139193,0.0001494143167221902,14.305
EST,Estonia,2047,2050,ambitious,0.0,0.002883312033287727,-0.03795750707539118,0.0001494143167221902,14.305
EST,Estonia,2048,2050,baseline,0.0,0.002883312033287727,-0.038801158878529536,0.0001464260303877464,14.305
EST,Estonia,2048,2050,ndc,0.6276597162660764,0.002883312033287727,0.03775764951437027,0.0001464260303877464,14.305
EST,Estonia,2048,2050,ambitious,0.0,0.002883312033287727,-0.040840819108678914,0.0001464260303877464,14.305
EST,Estonia,2049,2050,baseline,0.0,0.0028833120332877266,-0.04168447091181727,0.00014349750977999147,14.305
EST,Estonia,2049,2050,ndc,0.3138298581330382,0.0028833120332877266,0.03518816733921558,0.00014349750977999147,14.305
EST,Estonia,2049,2050,ambitious,0.0,0.0028833120332877266,-0.043724131141966646,0.00014349750977999147,14.305
EST,Estonia,2050,2050,baseline,0.0,0.002883312033287727,-0.044567782945105,0.00014062755958439162,14.305
EST,Estonia,2050,2050,ndc,0.0,0.002883312033287727,0.032304855305927846,0.00014062755958439162,14.305
EST,Estonia,2050,2050,ambitious,0.0,0.002883312033287727,-0.04660744317525438,0.00014062755958439162,14.305
FIN,Finland,2024,2050,baseline,31.674304407851437,0.011749487172099624,0.01992481723575182,0.000105066943521134,35.888
FIN,Finland,2024,2050,ndc,31.674304407851437,0.011749487172099624,0.01992481723575182,0.000105066943521134,35.888
FIN,Finland,2024,2050,ambitious,31.674304407851437,0.011749487172099624,0.01992481723575182,0.000105066943521134,35.888
FIN,Finland,2025,2050,baseline,29.831529050200416,0.011749487172099624,0.03800685911385261,0.00010296560465071131,35.888
FIN,Finland,2025,2050,ndc,30.456061930626383,0.011749487172099624,0.03863139199427858,0.00010296560465071131,35.888
FIN,Finland,2025,2050,ambitious,28.183723044026774,0.011749487172099624,0.036359053107678965,0.00010296560465071131,35.888
FIN,Finland,2026,2050,baseline,27.99378859789816,0.011749487172099624,0.05425116053965115,0.00010090629255769709,35.888
FIN,Finland,2026,2050,ndc,29.23781945340133,0.011749487172099624,0.05611972427558028,0.00010090629255769709,35.888
FIN,Finland,2026,2050,ambitious,25.06308292037582,0.011749487172099624,0.04967264885595517,0.00010090629255769709,35.888
FIN,Finland,2027,2050,baseline,26.156048145595904,0.011749487172099624,0.06865772151314745,9.888816670654315e-05,35.888
FIN,Finland,2027,2050,ndc,28.01957697617627,0.011749487172099624,0.07238981407965692,9.888816670654315e-05,35.888
FIN,Finland,2027,2050,ambitious,22.252895759094866,0.011749487172099624,0.06017605744295041,9.888816670654315e-05,35.888
FIN,Finland,2028,2050,baseline,24.318307693293658,0.011749487172099624,0.08122654203434147,9.691040337241229e-05,35.888
FIN,Finland,2028,2050,ndc,26.801334498951217,0.011749487172099624,0.08744166140650851,9.691040337241229e-05,35.888
FIN,Finland,2028,2050,ambitious,19.70902924949916,0.011749487172099624,0.06813559952034993,9.691040337241229e-05,35.888
FIN,Finland,2029,2050,baseline,22.47553233564263,0.011749487172099624,0.09195258719788446,9.497219530496404e-05,35.888
FIN,Finland,2029,2050,ndc,25.583092021726163,0.011749487172099624,0.10127526625613503,9.497219530496404e-05,35.888
FIN,Finland,2029,2050,ambitious,17.39144147923932,0.011749487172099624,0.07377755382748963,9.497219530496404e-05,35.888
FIN,Finland,2030,2050,baseline,20.637791883340366,0.011749487172099624,0.1008408919091252,9.307275139886475e-05,35.888
FIN,Finland,2030,2050,ndc,24.364849544501105,0.011749487172099624,0.11389062862853651,9.307275139886475e-05,35.888
FIN,Finland,2030,2050,ambitious,15.278205120175553,0.011749487172099624,0.07730627177556555,9.307275139886475e-05,35.888
FIN,Finland,2031,2050,baseline,18.800051431038117,0.011749487172099622,0.10789145616806367,9.121129637088746e-05,35.888
FIN,Finland,2031,2050,ndc,23.14660706727605,0.011749487172099622,0.12528774852371294,9.121129637088746e-05,35.888
FIN,Finland,2031,2050,ambitious,13.91772160785837,0.011749487172099622,0.07947450621132429,9.121129637088746e-05,35.888
FIN,Finland,2032,2050,baseline,16.96231097873587,0.011749487172099626,0.11310427997469992,8.93870704434697e-05,35.888
FIN,Finland,2032,2050,ndc,21.928364590050993,0.011749487172099626,0.1354666259416643,8.93870704434697e-05,35.888
FIN,Finland,2032,2050,ambitious,12.557238095541189,0.011749487172099626,0.08028225713476585,8.93870704434697e-05,35.888
FIN,Finland,2033,2050,baseline,15.119535621084843,0.011749487172099622,0.11647432842368513,8.75993290346003e-05,35.888
FIN,Finland,2033,2050,ndc,20.71012211282594,0.011749487172099622,0.1444272608823906,8.75993290346003e-05,35.888
FIN,Finland,2033,2050,ambitious,11.19302723113546,0.011749487172099622,0.07972579719380168,8.75993290346003e-05,35.888
FIN,Finland,2034,2050,baseline,13.281795168782596,0.011749487172099624,0.1180066364203681,8.584734245390831e-05,35.888
FIN,Finland,2034,2050,ndc,19.491879635600885,0.011749487172099624,0.1521696533458919,8.584734245390831e-05,35.888
FIN,Finland,2034,2050,ambitious,9.832543718818279,0.011749487172099624,0.07780885374052035,8.584734245390831e-05,35.888
FIN,Finland,2035,2050,baseline,11.444054716480332,0.011749487172099624,0.11770120396474881,8.413039560483013e-05,35.888
FIN,Finland,2035,2050,ndc,18.273637158375827,0.011749487172099624,0.1586938033321681,8.413039560483013e-05,35.888
FIN,Finland,2035,2050,ambitious,8.472060206501085,0.011749487172099624,0.07453142677492183,8.413039560483013e-05,35.888
FIN,Finland,2036,2050,baseline,9.606314264178085,0.011749487172099624,0.11555803105682727,8.244778769273353e-05,35.888
FIN,Finland,2036,2050,ndc,17.055394681150773,0.011749487172099624,0.16399971084121923,8.244778769273353e-05,35.888
FIN,Finland,2036,2050,ambitious,7.111576694183903,0.011749487172099624,0.06989351629700613,8.244778769273353e-05,35.888
FIN,Finland,2037,2050,baseline,7.763538906527057,0.011749487172099626,0.11157208279125469,8.079883193887885e-05,35.888
FIN,Finland,2037,2050,ndc,15.837152203925719,0.011749487172099626,0.16808737587304534,8.079883193887885e-05,35.888
FIN,Finland,2037,2050,ambitious,5.747365829778175,0.011749487172099626,0.06389139495468468,8.079883193887885e-05,35.888
FIN,Finland,2038,2050,baseline,5.925798454224809,0.011749487172099624,0.10574839407337988,7.918285530010128e-05,35.888
FIN,Finland,2038,2050,ndc,14.618909726700664,0.011749487172099624,0.17095679842764638,7.918285530010128e-05,35.888
FIN,Finland,2038,2050,ambitious,4.3868823174609926,0.011749487172099624,0.05652879010004605,7.918285530010128e-05,35.888
FIN,Finland,2039,2050,baseline,4.088058001922562,0.011749487172099624,0.09808696490320284,7.759919819409925e-05,35.888
FIN,Finland,2039,2050,ndc,13.40066724947561,0.011749487172099624,0.17260797850502235,7.759919819409925e-05,35.888
FIN,Finland,2039,2050,ambitious,3.026398805143811,0.011749487172099624,0.04780570173309023,7.759919819409925e-05,35.888
FIN,Finland,2040,2050,baseline,2.2503175496202985,0.011749487172099624,0.08858779528072352,7.604721423021726e-05,35.888
FIN,Finland,2040,2050,ndc,12.182424772250553,0.011749487172099624,0.1730409161051733,7.604721423021726e-05,35.888
FIN,Finland,2040,2050,ambitious,1.6659152928266172,0.011749487172099624,0.03772212985381723,7.604721423021726e-05,35.888
FIN,Finland,2041,2050,baseline,0.4075421919692699,0.011749487172099622,0.07724585030059317,7.452626994561291e-05,35.888
FIN,Finland,2041,2050,ndc,10.964182295025497,0.011749487172099622,0.17225561122809918,7.452626994561291e-05,35.888
FIN,Finland,2041,2050,ambitious,0.30170442842088896,0.011749487172099622,0.026274347110138513,7.452626994561291e-05,35.888
FIN,Finland,2042,2050,baseline,0.0,0.011749487172099622,0.06549636312849355,7.303574454670065e-05,35.888
FIN,Finland,2042,2050,ndc,9.745939817800442,0.011749487172099622,0.17025206387379999,7.303574454670065e-05,35.888
FIN,Finland,2042,2050,ambitious,0.0,0.011749487172099622,0.014524859938038898,7.303574454670065e-05,35.888
FIN,Finland,2043,2050,baseline,0.0,0.011749487172099624,0.053746875956393936,7.157502965576664e-05,35.888
FIN,Finland,2043,2050,ndc,8.527697340575388,0.011749487172099624,0.16703027404227577,7.157502965576664e-05,35.888
FIN,Finland,2043,2050,ambitious,0.0,0.011749487172099624,0.0027753727659392824,7.157502965576664e-05,35.888
FIN,Finland,2044,2050,baseline,0.0,0.011749487172099622,0.04199738878429432,7.014352906265131e-05,35.888
FIN,Finland,2044,2050,ndc,7.3094548633503305,0.011749487172099622,0.16259024173352649,7.014352906265131e-05,35.888
FIN,Finland,2044,2050,ambitious,0.0,0.011749487172099622,-0.008974114406160333,7.014352906265131e-05,35.888
FIN,Finland,2045,2050,baseline,0.0,0.011749487172099622,0.030247901612194705,6.874065848139828e-05,35.888
FIN,Finland,2045,2050,ndc,6.091212386125276,0.011749487172099622,0.15693196694755213,6.874065848139828e-05,35.888
FIN,Finland,2045,2050,ambitious,0.0,0.011749487172099622,-0.020723601578259948,6.874065848139828e-05,35.888
FIN,Finland,2046,2050,baseline,0.0,0.011749487172099622,0.01849841444009509,6.736584531177032e-05,35.888
FIN,Finland,2046,2050,ndc,4.872969908900221,0.011749487172099622,0.15005544968435275,6.736584531177032e-05,35.888
FIN,Finland,2046,2050,ambitious,0.0,0.011749487172099622,-0.03247308875035956,6.736584531177032e-05,35.888
FIN,Finland,2047,2050,baseline,0.0,0.011749487172099626,0.006748927267995475,6.601852840553492e-05,35.888
FIN,Finland,2047,2050,ndc,3.654727431675167,0.011749487172099626,0.1419606899439283,6.601852840553492e-05,35.888
FIN,Finland,2047,2050,ambitious,0.0,0.011749487172099626,-0.04422257592245918,6.601852840553492e-05,35.888
FIN,Finland,2048,2050,baseline,0.0,0.011749487172099624,-0.00500055990410414,6.469815783742421e-05,35.888
FIN,Finland,2048,2050,ndc,2.436484954450109,0.011749487172099624,0.13264768772627877,6.469815783742421e-05,35.888
FIN,Finland,2048,2050,ambitious,0.0,0.011749487172099624,-0.055972063094558794,6.469815783742421e-05,35.888
FIN,Finland,2049,2050,baseline,0.0,0.011749487172099622,-0.016750047076203756,6.340419468067573e-05,35.888
FIN,Finland,2049,2050,ndc,1.2182424772250544,0.011749487172099622,0.12211644303140423,6.340419468067573e-05,35.888
FIN,Finland,2049,2050,ambitious,0.0,0.011749487172099622,-0.06772155026665841,6.340419468067573e-05,35.888
FIN,Finland,2050,2050,baseline,0.0,0.011749487172099622,-0.02849953424830337,6.21361107870622e-05,35.888
FIN,Finland,2050,2050,ndc,0.0,0.011749487172099622,0.11036695585930462,6.21361107870622e-05,35.888
FIN,Finland,2050,2050,ambitious,0.0,0.011749487172099622,-0.07947103743875802,6.21361107870622e-05,35.888
FRA,France,2024,2050,baseline,272.2058349208928,0.14368834899435534,0.1285174859265375,8.749712107439555e-05,15.867
FRA,France,2024,2050,ndc,272.2058349208928,0.14368834899435534,0.1285174859265375,8.749712107439555e-05,15.867
FRA,France,2024,2050,ambitious,272.2058349208928,0.14368834899435534,0.1285174859265375,8.749712107439555e-05,15.867
FRA,France,2025,2050,baseline,264.6652799789873,0.14368834899435537,0.24949441691116947,8.574717865290764e-05,15.867
FRA,France,2025,2050,ndc,261.7363797316277,0.14368834899435537,0.24656551666380988,8.574717865290764e-05,15.867
FRA,France,2025,2050,ambitious,256.12769030276655,0.14368834899435537,0.2409568272349487,8.574717865290764e-05,15.867
FRA,France,2026,2050,baseline,257.14532764621265,0.14368834899435537,0.3629513955630268,8.403223507984949e-05,15.867
FRA,France,2026,2050,ndc,251.2669245423626,0.14368834899435537,0.3541440922118172,8.403223507984949e-05,15.867
FRA,France,2026,2050,ambitious,241.07374466927394,0.14368834899435537,0.33834222290986726,8.403223507984949e-05,15.867
FRA,France,2027,2050,baseline,249.625375313438,0.14368834899435534,0.46888842188210944,8.23515903782525e-05,15.867
FRA,France,2027,2050,ndc,240.79746935309748,0.14368834899435534,0.4512532125705593,8.23515903782525e-05,15.867
FRA,France,2027,2050,ambitious,226.93215937715294,0.14368834899435534,0.42158603329266486,8.23515903782525e-05,15.867
FRA,France,2028,2050,baseline,242.1054229806634,0.14368834899435534,0.5673054958684175,8.070455857068744e-05,15.867
FRA,France,2028,2050,ndc,230.32801416383236,0.14368834899435534,0.5378928777400364,8.070455857068744e-05,15.867
FRA,France,2028,2050,ambitious,213.62243204334578,0.14368834899435534,0.49152011634165527,8.070455857068744e-05,15.867
FRA,France,2029,2050,baseline,234.56486803875788,0.14368834899435534,0.6581820149128201,7.90904673992737e-05,15.867
FRA,France,2029,2050,ndc,219.85855897456727,0.14368834899435534,0.6140630877202482,7.90904673992737e-05,15.867
FRA,France,2029,2050,ambitious,201.05560117788838,0.14368834899435534,0.5488873685251883,7.90904673992737e-05,15.867
FRA,France,2030,2050,baseline,227.0449157059832,0.14368834899435534,0.741538581624448,7.750865805128823e-05,15.867
FRA,France,2030,2050,ndc,209.38910378530215,0.14368834899435534,0.6797638425111949,7.750865805128823e-05,15.867
FRA,France,2030,2050,ambitious,189.20409642364007,0.14368834899435534,0.5944031159544729,7.750865805128823e-05,15.867
FRA,France,2031,2050,baseline,219.5249633732086,0.14368834899435534,0.8173751960033013,7.595848489026246e-05,15.867
FRA,France,2031,2050,ndc,198.91964859603706,0.14368834899435534,0.7349951421128766,7.595848489026246e-05,15.867
FRA,France,2031,2050,ambitious,182.93746947959542,0.14368834899435534,0.6336522364397132,7.595848489026246e-05,15.867
FRA,France,2032,2050,baseline,212.0050110404339,0.14368834899435534,0.88569185804938,7.443931519245721e-05,15.867
FRA,France,2032,2050,ndc,188.45019340677194,0.14368834899435534,0.7797569865252933,7.443931519245721e-05,15.867
FRA,France,2032,2050,ambitious,176.6708425355507,0.14368834899435534,0.6666347299809088,7.443931519245721e-05,15.867
FRA,France,2033,2050,baseline,204.4644560985284,0.14368834899435534,0.9464679651535532,7.295052888860805e-05,15.867
FRA,France,2033,2050,ndc,177.98073821750685,0.14368834899435534,0.814049375748445,7.295052888860805e-05,15.867
FRA,France,2033,2050,ambitious,170.3870467505634,0.14368834899435534,0.6933334277371168,7.295052888860805e-05,15.867
FRA,France,2034,2050,baseline,196.94450376575378,0.14368834899435534,0.9997241199249518,7.14915183108359e-05,15.867
FRA,France,2034,2050,ndc,167.51128302824173,0.14368834899435534,0.8378723097823317,7.14915183108359e-05,15.867
FRA,France,2034,2050,ambitious,164.12041980651875,0.14368834899435534,0.7137654985492805,7.14915183108359e-05,15.867
FRA,France,2035,2050,baseline,189.42455143297911,0.14368834899435537,1.0454603223635754,7.006168794461918e-05,15.867
FRA,France,2035,2050,ndc,157.04182783897662,0.14368834899435537,0.8512257886269528,7.006168794461918e-05,15.867
FRA,France,2035,2050,ambitious,157.85379286247402,0.14368834899435537,0.7279309424173992,7.006168794461918e-05,15.867
FRA,France,2036,2050,baseline,181.9045991002045,0.14368834899435537,1.0836765724694244,6.866045418572679e-05,15.867
FRA,France,2036,2050,ndc,146.5723726497115,0.14368834899435537,0.8541098122823088,6.866045418572679e-05,15.867
FRA,France,2036,2050,ambitious,151.58716591842938,0.14368834899435537,0.7358297593414731,6.866045418572679e-05,15.867
FRA,France,2037,2050,baseline,174.36404415829898,0.14368834899435537,1.1143522676333681,6.728724510201225e-05,15.867
FRA,France,2037,2050,ndc,136.1029174604464,0.14368834899435537,0.8465243807484,6.728724510201225e-05,15.867
FRA,France,2037,2050,ambitious,145.3033701334421,0.14368834899435537,0.7374447804805597,6.728724510201225e-05,15.867
FRA,France,2038,2050,baseline,166.84409182552432,0.14368834899435537,1.1375080104645372,6.594150019997202e-05,15.867
FRA,France,2038,2050,ndc,125.6334622711813,0.14368834899435537,0.8284694940252262,6.594150019997202e-05,15.867
FRA,France,2038,2050,ambitious,139.03674318939738,0.14368834899435537,0.732793174675602,6.594150019997202e-05,15.867
FRA,France,2039,2050,baseline,159.3241394927497,0.14368834899435534,1.1531438009629316,6.462267019597256e-05,15.867
FRA,France,2039,2050,ndc,115.16400708191621,0.14368834899435534,0.7999451521127869,6.462267019597256e-05,15.867
FRA,France,2039,2050,ambitious,132.7701162453527,0.14368834899435534,0.7218749419265995,6.462267019597256e-05,15.867
FRA,France,2040,2050,baseline,151.80418715997504,0.14368834899435537,1.1612596391285512,6.333021679205312e-05,15.867
FRA,France,2040,2050,ndc,104.69455189265108,0.14368834899435537,0.7609513550110827,6.333021679205312e-05,15.867
FRA,France,2040,2050,ambitious,126.50348930130801,0.14368834899435537,0.7046900822335522,6.333021679205312e-05,15.867
FRA,France,2041,2050,baseline,144.26363221806952,0.14368834899435534,1.1618349223522655,6.206361245621205e-05,15.867
FRA,France,2041,2050,ndc,94.22509670338597,0.14368834899435534,0.7114881027201134,6.206361245621205e-05,15.867
FRA,France,2041,2050,ambitious,120.21969351632072,0.14368834899435534,0.6812214267555179,6.206361245621205e-05,15.867
FRA,France,2042,2050,baseline,136.7436798852949,0.14368834899435534,1.154890253243205,6.0822340207087804e-05,15.867
FRA,France,2042,2050,ndc,83.75564151412087,0.14368834899435534,0.6515553952398792,6.0822340207087804e-05,15.867
FRA,France,2042,2050,ambitious,113.95306657227606,0.14368834899435534,0.6514861443334388,6.0822340207087804e-05,15.867
FRA,France,2043,2050,baseline,129.22372755252027,0.14368834899435534,1.1404256318013704,5.9605893402946054e-05,15.867
FRA,France,2043,2050,ndc,73.28618632485576,0.14368834899435534,0.5811532325703799,5.9605893402946054e-05,15.867
FRA,France,2043,2050,ambitious,107.68643962823137,0.14368834899435534,0.6154842349673149,5.9605893402946054e-05,15.867
FRA,France,2044,2050,baseline,121.70377521974565,0.14368834899435534,1.1184410580267605,5.841377553488713e-05,15.867
FRA,France,2044,2050,ndc,62.816731135590636,0.14368834899435534,0.5002816147116151,5.841377553488713e-05,15.867
FRA,France,2044,2050,ambitious,101.4198126841867,0.14368834899435534,0.5732156986571462,5.841377553488713e-05,15.867
FRA,France,2045,2050,baseline,114.16322027784013,0.14368834899435534,1.0889159293102453,5.724550002418938e-05,15.867
FRA,France,2045,2050,ndc,52.34727594632554,0.14368834899435534,0.4089405416635854,5.724550002418938e-05,15.867
FRA,France,2045,2050,ambitious,95.13601689919942,0.14368834899435534,0.5246633665619904,5.724550002418938e-05,15.867
FRA,France,2046,2050,baseline,106.64326794506542,0.14368834899435537,1.0518708482609553,5.61005900237056e-05,15.867
FRA,France,2046,2050,ndc,41.877820757060434,0.14368834899435537,0.30713001342629065,5.61005900237056e-05,15.867
FRA,France,2046,2050,ambitious,88.86938995515467,0.14368834899435537,0.4698444075227899,5.61005900237056e-05,15.867
FRA,France,2047,2050,baseline,99.12331561229085,0.14368834899435537,1.0073058148788907,5.497857822323149e-05,15.867
FRA,France,2047,2050,ndc,31.408365567795332,0.14368834899435537,0.1948500299997309,5.497857822323149e-05,15.867
FRA,France,2047,2050,ambitious,82.60276301111004,0.14368834899435537,0.40875882153954457,5.497857822323149e-05,15.867
FRA,France,2048,2050,baseline,91.6033632795162,0.14368834899435534,0.9552208291640514,5.387900665876686e-05,15.867
FRA,France,2048,2050,ndc,20.938910378530203,0.14368834899435534,0.07210059138390568,5.387900665876686e-05,15.867
FRA,France,2048,2050,ambitious,76.33613606706534,0.14368834899435534,0.34140660861225447,5.387900665876686e-05,15.867
FRA,France,2049,2050,baseline,84.06280833761062,0.14368834899435534,0.8955952885073066,5.2801426525591516e-05,15.867
FRA,France,2049,2050,ndc,10.469455189265101,0.14368834899435534,-0.061118302421184545,5.2801426525591516e-05,15.867
FRA,France,2049,2050,ambitious,70.05234028207802,0.14368834899435534,0.26777059989997687,5.2801426525591516e-05,15.867
FRA,France,2050,2050,baseline,76.54285600483607,0.14368834899435534,0.8284497955177872,5.174539799507968e-05,15.867
FRA,France,2050,2050,ndc,0.0,0.14368834899435534,-0.20480665141553978,5.174539799507968e-05,15.867
FRA,France,2050,2050,ambitious,63.785713338033396,0.14368834899435534,0.18786796424365493,5.174539799507968e-05,15.867
GBR,United Kingdom,2024,2050,baseline,288.2953612210861,0.14411867871666426,0.14417668250442187,8.874045579688344e-05,19.976
GBR,United Kingdom,2024,2050,ndc,288.2953612210861,0.14411867871666426,0.14417668250442187,8.874045579688344e-05,19.976
GBR,United Kingdom,2024,2050,ambitious,288.2953612210861,0.14411867871666426,0.14417668250442187,8.874045579688344e-05,19.976
GBR,United Kingdom,2025,2050,baseline,273.88931094308225,0.14411867871666426,0.27394731473083983,8.696564668094576e-05,19.976
GBR,United Kingdom,2025,2050,ndc,277.2070780971982,0.14411867871666426,0.27726508188495586,8.696564668094576e-05,19.976
GBR,United Kingdom,2025,2050,ambitious,261.7460827416169,0.14411867871666426,0.26180408652937454,8.696564668094576e-05,19.976
GBR,United Kingdom,2026,2050,baseline,259.5226214581876,0.14411867871666428,0.38935125747236315,8.522633374732684e-05,19.976
GBR,United Kingdom,2026,2050,ndc,266.1187949733103,0.14411867871666428,0.39926519814160194,8.522633374732684e-05,19.976
GBR,United Kingdom,2026,2050,ambitious,237.48706966233618,0.14411867871666428,0.3551724774750464,8.522633374732684e-05,19.976
GBR,United Kingdom,2027,2050,baseline,245.15593197329295,0.14411867871666426,0.4903885107289919,8.352180707238031e-05,19.976
GBR,United Kingdom,2027,2050,ndc,255.03051184942234,0.14411867871666426,0.51017703127436,8.352180707238031e-05,19.976
GBR,United Kingdom,2027,2050,ambitious,215.20395646510187,0.14411867871666426,0.42625775522348397,8.352180707238031e-05,19.976
GBR,United Kingdom,2028,2050,baseline,230.78924248839834,0.14411867871666426,0.577059074500726,8.18513709309327e-05,19.976
GBR,United Kingdom,2028,2050,ndc,243.94222872553442,0.14411867871666426,0.6100005812832301,8.18513709309327e-05,19.976
GBR,United Kingdom,2028,2050,ambitious,194.66478374508986,0.14411867871666426,0.4768038602519096,8.18513709309327e-05,19.976
GBR,United Kingdom,2029,2050,baseline,216.38319221039436,0.14411867871666426,0.649323587994456,8.021434351231404e-05,19.976
GBR,United Kingdom,2029,2050,ndc,232.8539456016465,0.14411867871666426,0.6987358481682123,8.021434351231404e-05,19.976
GBR,United Kingdom,2029,2050,ambitious,175.64058286806556,0.14411867871666426,0.5083257644033109,8.021434351231404e-05,19.976
GBR,United Kingdom,2030,2050,baseline,202.0165027254997,0.14411867871666426,0.7072214120032914,7.861005664206777e-05,19.976
GBR,United Kingdom,2030,2050,ndc,221.76566247775853,0.14411867871666426,0.7763828319293067,7.861005664206777e-05,19.976
GBR,United Kingdom,2030,2050,ambitious,158.02799365444125,0.14411867871666426,0.5222350793410879,7.861005664206777e-05,19.976
GBR,United Kingdom,2031,2050,baseline,187.64981324060517,0.14411867871666426,0.7507525465272324,7.703785550922641e-05,19.976
GBR,United Kingdom,2031,2050,ndc,210.67737935387066,0.14411867871666426,0.8429415325665133,7.703785550922641e-05,19.976
GBR,United Kingdom,2031,2050,ambitious,146.789609244633,0.14411867871666426,0.5249060098690568,7.703785550922641e-05,19.976
GBR,United Kingdom,2032,2050,baseline,173.28312375571045,0.14411867871666428,0.7799169915662789,7.549709839904188e-05,19.976
GBR,United Kingdom,2032,2050,ndc,199.5890962299827,0.14411867871666428,0.898411950079832,7.549709839904188e-05,19.976
GBR,United Kingdom,2032,2050,ambitious,135.5512248348246,0.14411867871666428,0.5163385559872173,7.549709839904188e-05,19.976
GBR,United Kingdom,2033,2050,baseline,158.87707347770646,0.14411867871666428,0.794675386327321,7.398715643106104e-05,19.976
GBR,United Kingdom,2033,2050,ndc,188.50081310609477,0.14411867871666428,0.9427940844692624,7.398715643106104e-05,19.976
GBR,United Kingdom,2033,2050,ambitious,124.28205033074279,0.14411867871666428,0.49650192760129563,7.398715643106104e-05,19.976
GBR,United Kingdom,2034,2050,baseline,144.51038399281194,0.14411867871666426,0.795067091603469,7.250741330243983e-05,19.976
GBR,United Kingdom,2034,2050,ndc,177.41252998220685,0.14411867871666426,0.9760879357348051,7.250741330243983e-05,19.976
GBR,United Kingdom,2034,2050,ambitious,113.04366592093456,0.14411867871666426,0.4654269148055661,7.250741330243983e-05,19.976
GBR,United Kingdom,2035,2050,baseline,130.14369450791727,0.14411867871666428,0.7810921073947221,7.105726503639102e-05,19.976
GBR,United Kingdom,2035,2050,ndc,166.3242468583189,0.14411867871666428,0.99829350387646,7.105726503639102e-05,19.976
GBR,United Kingdom,2035,2050,ambitious,101.80528151112621,0.14411867871666428,0.423113517600028,7.105726503639102e-05,19.976
GBR,United Kingdom,2036,2050,baseline,115.77700502302275,0.14411867871666428,0.7527504337010806,6.963611973566319e-05,19.976
GBR,United Kingdom,2036,2050,ndc,155.23596373443098,0.14411867871666428,1.0094107888942268,6.963611973566319e-05,19.976
GBR,United Kingdom,2036,2050,ambitious,90.56689710131796,0.14411867871666428,0.36956173598468167,6.963611973566319e-05,19.976
GBR,United Kingdom,2037,2050,baseline,101.37095474501876,0.14411867871666426,0.710002709729435,6.824339734094993e-05,19.976
GBR,United Kingdom,2037,2050,ndc,144.14768061054306,0.14411867871666426,1.0094397907881056,6.824339734094993e-05,19.976
GBR,United Kingdom,2037,2050,ambitious,79.29772259723616,0.14411867871666426,0.3047407798652535,6.824339734094993e-05,19.976
GBR,United Kingdom,2038,2050,baseline,87.0042652601241,0.14411867871666426,0.6528882962728946,6.687852939413094e-05,19.976
GBR,United Kingdom,2038,2050,ndc,133.05939748665514,0.14411867871666426,0.9983805095580962,6.687852939413094e-05,19.976
GBR,United Kingdom,2038,2050,ambitious,68.0593381874278,0.14411867871666426,0.2286814393360168,6.687852939413094e-05,19.976
GBR,United Kingdom,2039,2050,baseline,72.63757577522958,0.14411867871666426,0.5814071933314597,6.55409588062483e-05,19.976
GBR,United Kingdom,2039,2050,ndc,121.97111436276722,0.14411867871666426,0.9762329452041989,6.55409588062483e-05,19.976
GBR,United Kingdom,2039,2050,ambitious,56.820953777619565,0.14411867871666426,0.14138371439697206,6.55409588062483e-05,19.976
GBR,United Kingdom,2040,2050,baseline,58.270886290334786,0.14411867871666426,0.49555940090513007,6.423013963012334e-05,19.976
GBR,United Kingdom,2040,2050,ndc,110.88283123887926,0.14411867871666426,0.9429970977264137,6.423013963012334e-05,19.976
GBR,United Kingdom,2040,2050,ambitious,45.58256936781112,0.14411867871666426,0.0428476050481188,6.423013963012334e-05,19.976
GBR,United Kingdom,2041,2050,baseline,43.86483601233093,0.14411867871666426,0.3953055582007967,6.294553683752088e-05,19.976
GBR,United Kingdom,2041,2050,ndc,99.79454811499134,0.14411867871666426,0.8986729671247407,6.294553683752088e-05,19.976
GBR,United Kingdom,2041,2050,ambitious,34.31339486372941,0.14411867871666426,-0.06695767880481629,6.294553683752088e-05,19.976
GBR,United Kingdom,2042,2050,baseline,29.498146527436273,0.14411867871666426,0.28068502601156853,6.168662610077045e-05,19.976
GBR,United Kingdom,2042,2050,ndc,88.70626499110342,0.14411867871666426,0.8432605533991797,6.168662610077045e-05,19.976
GBR,United Kingdom,2042,2050,ambitious,23.07501045392106,0.14411867871666426,-0.18800134706755944,6.168662610077045e-05,19.976
GBR,United Kingdom,2043,2050,baseline,15.131457042541614,0.14411867871666426,0.15169780433744595,6.045289357875505e-05,19.976
GBR,United Kingdom,2043,2050,ndc,77.6179818672155,0.14411867871666426,0.7767598565497309,6.045289357875505e-05,19.976
GBR,United Kingdom,2043,2050,ambitious,11.836626044112712,0.14411867871666426,-0.3202833997401111,6.045289357875505e-05,19.976
GBR,United Kingdom,2044,2050,baseline,0.7647675576470903,0.14411867871666426,0.00834389317842854,5.924383570717994e-05,19.976
GBR,United Kingdom,2044,2050,ndc,66.52969874332756,0.14411867871666426,0.6991708765763942,5.924383570717994e-05,19.976
GBR,United Kingdom,2044,2050,ambitious,0.5982416343044727,0.14411867871666426,-0.46380383682247084,5.924383570717994e-05,19.976
GBR,United Kingdom,2045,2050,baseline,0.0,0.14411867871666426,-0.13577478553823585,5.805895899303634e-05,19.976
GBR,United Kingdom,2045,2050,ndc,55.44141561943963,0.14411867871666426,0.6104936134791696,5.805895899303634e-05,19.976
GBR,United Kingdom,2045,2050,ambitious,0.0,0.14411867871666426,-0.6079225155391352,5.805895899303634e-05,19.976
GBR,United Kingdom,2046,2050,baseline,0.0,0.14411867871666426,-0.27989346425490025,5.689777981317562e-05,19.976
GBR,United Kingdom,2046,2050,ndc,44.35313249555171,0.14411867871666426,0.5107280672580568,5.689777981317562e-05,19.976
GBR,United Kingdom,2046,2050,ambitious,0.0,0.14411867871666426,-0.7520411942557996,5.689777981317562e-05,19.976
GBR,United Kingdom,2047,2050,baseline,0.0,0.14411867871666428,-0.42401214297156464,5.575982421691211e-05,19.976
GBR,United Kingdom,2047,2050,ndc,33.26484937166379,0.14411867871666428,0.399874237913056,5.575982421691211e-05,19.976
GBR,United Kingdom,2047,2050,ambitious,0.0,0.14411867871666428,-0.896159872972464,5.575982421691211e-05,19.976
GBR,United Kingdom,2048,2050,baseline,0.0,0.14411867871666428,-0.568130821688229,5.464462773257386e-05,19.976
GBR,United Kingdom,2048,2050,ndc,22.176566247775842,0.14411867871666428,0.27793212544416734,5.464462773257386e-05,19.976
GBR,United Kingdom,2048,2050,ambitious,0.0,0.14411867871666428,-1.0402785516891284,5.464462773257386e-05,19.976
GBR,United Kingdom,2049,2050,baseline,0.0,0.14411867871666423,-0.7122495004048934,5.355173517792239e-05,19.976
GBR,United Kingdom,2049,2050,ndc,11.088283123887921,0.14411867871666423,0.14490172985139083,5.355173517792239e-05,19.976
GBR,United Kingdom,2049,2050,ambitious,0.0,0.14411867871666423,-1.1843972304057928,5.355173517792239e-05,19.976
GBR,United Kingdom,2050,2050,baseline,0.0,0.14411867871666426,-0.8563681791215578,5.248070047436393e-05,19.976
GBR,United Kingdom,2050,2050,ndc,0.0,0.14411867871666426,0.0007830511347264313,5.248070047436393e-05,19.976
GBR,United Kingdom,2050,2050,ambitious,0.0,0.14411867871666426,-1.3285159091224572,5.248070047436393e-05,19.976
GRC,Greece,2024,2050,baseline,50.82334790448074,0.021895105907696912,0.028928241996783833,0.00022214558629923798,20.754
GRC,Greece,2024,2050,ndc,50.82334790448074,0.021895105907696912,0.028928241996783833,0.00022214558629923798,20.754
GRC,Greece,2024,2050,ambitious,50.82334790448074,0.021895105907696912,0.028928241996783833,0.00022214558629923798,20.754
GRC,Greece,2025,2050,baseline,47.99160288951129,0.021895105907696916,0.055024738978598206,0.0002177026745732532,20.754
GRC,Greece,2025,2050,ndc,48.8686037543084,0.021895105907696916,0.05590173984339532,0.0002177026745732532,20.754
GRC,Greece,2025,2050,ambitious,46.31483609538081,0.021895105907696916,0.053347972184467726,0.0002177026745732532,20.754
GRC,Greece,2026,2050,baseline,45.16759488277943,0.021895105907696916,0.07829722795368071,0.00021334862108178814,20.754
GRC,Greece,2026,2050,ndc,46.91385960413607,0.021895105907696916,0.08092049353983446,0.00021334862108178814,20.754
GRC,Greece,2026,2050,ambitious,42.11794683704841,0.021895105907696916,0.07357081311381922,0.00021334862108178814,20.754
GRC,Greece,2027,2050,baseline,42.34358687604757,0.021895105907696916,0.09874570892203138,0.00020908164866015238,20.754
GRC,Greece,2027,2050,ndc,44.95911545396373,0.021895105907696916,0.1039845030861013,0.00020908164866015238,20.754
GRC,Greece,2027,2050,ambitious,38.19517135188947,0.021895105907696916,0.08987087855801176,0.00020908164866015238,20.754
GRC,Greece,2028,2050,baseline,39.51957886931572,0.021895105907696912,0.1163701818836502,0.00020490001568694935,20.754
GRC,Greece,2028,2050,ndc,43.004371303791395,0.021895105907696912,0.12509376848219578,0.00020490001568694935,20.754
GRC,Greece,2028,2050,ambitious,34.52050388505698,0.021895105907696912,0.10249627653537183,0.00020490001568694935,20.754
GRC,Greece,2029,2050,baseline,36.687833854346245,0.021895105907696912,0.13116290983029955,0.00020080201537321033,20.754
GRC,Greece,2029,2050,ndc,41.04962715361906,0.021895105907696912,0.14424828972811793,0.00020080201537321033,20.754
GRC,Greece,2029,2050,ambitious,31.064576334439515,0.021895105907696912,0.11166574696211443,0.00020080201537321033,20.754
GRC,Greece,2030,2050,baseline,33.863825847614386,0.021895105907696912,0.143131629770217,0.00019678597506574613,20.754
GRC,Greece,2030,2050,ndc,39.09488300344672,0.021895105907696912,0.16144806682386773,0.00019678597506574613,20.754
GRC,Greece,2030,2050,ambitious,27.820583414459545,0.021895105907696912,0.11759122446887707,0.00019678597506574613,20.754
GRC,Greece,2031,2050,baseline,31.039817840882552,0.021895105907696912,0.15227634170340265,0.00019285025556443122,20.754
GRC,Greece,2031,2050,ndc,37.140138853274394,0.021895105907696912,0.1766930997694452,0.00019285025556443122,20.754
GRC,Greece,2031,2050,ambitious,25.500539876912256,0.021895105907696912,0.12119665843809241,0.00019285025556443122,20.754
GRC,Greece,2032,2050,baseline,28.21580983415069,0.021895105907696916,0.1585970456298564,0.00018899325045314258,20.754
GRC,Greece,2032,2050,ndc,35.18539470310205,0.021895105907696916,0.18998338856485034,0.00018899325045314258,20.754
GRC,Greece,2032,2050,ambitious,23.180496339364943,0.021895105907696916,0.12248204886976041,0.00018899325045314258,20.754
GRC,Greece,2033,2050,baseline,25.3840648191812,0.021895105907696912,0.1620860045413407,0.00018521338544407972,20.754
GRC,Greece,2033,2050,ndc,33.23065055292972,0.021895105907696912,0.20131893321008315,0.00018521338544407972,20.754
GRC,Greece,2033,2050,ambitious,20.854096518153113,0.021895105907696912,0.12144103948021662,0.00018521338544407972,20.754
GRC,Greece,2034,2050,baseline,22.560056812449368,0.021895105907696912,0.16275095544609317,0.00018150911773519814,20.754
GRC,Greece,2034,2050,ndc,31.275906402757382,0.021895105907696912,0.21069973370514364,0.00018150911773519814,20.754
GRC,Greece,2034,2050,ambitious,18.534052980605825,0.021895105907696912,0.11807998655312554,0.00018150911773519814,20.754
GRC,Greece,2035,2050,baseline,19.736048805717505,0.021895105907696912,0.16059189834411375,0.00017787893538049416,20.754
GRC,Greece,2035,2050,ndc,29.32116225258504,0.021895105907696912,0.21812579005003174,0.00017787893538049416,20.754
GRC,Greece,2035,2050,ambitious,16.21400944305851,0.021895105907696912,0.11239889008848714,0.00017787893538049416,20.754
GRC,Greece,2036,2050,baseline,16.91204079898567,0.021895105907696916,0.15560883323540248,0.00017432135667288427,20.754
GRC,Greece,2036,2050,ndc,27.366418102412705,0.021895105907696916,0.2235971022447475,0.00017432135667288427,20.754
GRC,Greece,2036,2050,ambitious,13.893965905511221,0.021895105907696916,0.10439775008630142,0.00017432135667288427,20.754
GRC,Greece,2037,2050,baseline,14.080295784016183,0.021895105907696916,0.14779402311172174,0.00017083492953942658,20.754
GRC,Greece,2037,2050,ndc,25.41167395224037,0.021895105907696916,0.22711367028929097,0.00017083492953942658,20.754
GRC,Greece,2037,2050,ambitious,11.567566084299392,0.021895105907696916,0.09407021026290385,0.00017083492953942658,20.754
GRC,Greece,2038,2050,baseline,11.256287777284323,0.021895105907696912,0.13715520498130918,0.00016741823094863805,20.754
GRC,Greece,2038,2050,ndc,23.456929802068036,0.021895105907696912,0.22867549418366212,0.00016741823094863805,20.754
GRC,Greece,2038,2050,ambitious,9.24752254675208,0.021895105907696912,0.08142262690195906,0.00016741823094863805,20.754
GRC,Greece,2039,2050,baseline,8.432279770552487,0.021895105907696912,0.12369237884416479,0.0001640698663296653,20.754
GRC,Greece,2039,2050,ndc,21.5021856518957,0.021895105907696912,0.2282825739278609,0.0001640698663296653,20.754
GRC,Greece,2039,2050,ambitious,6.92747900920479,0.021895105907696912,0.06645500000346694,0.0001640698663296653,20.754
GRC,Greece,2040,2050,baseline,5.608271763820627,0.021895105907696916,0.10740554470028846,0.00016078846900307198,20.754
GRC,Greece,2040,2050,ndc,19.54744150172336,0.021895105907696916,0.22593490952188733,0.00016078846900307198,20.754
GRC,Greece,2040,2050,ambitious,4.607435471657479,0.021895105907696916,0.049167329567427476,0.00016078846900307198,20.754
GRC,Greece,2041,2050,baseline,2.7765267488511634,0.021895105907696912,0.08828696554144272,0.00015757269962301051,20.754
GRC,Greece,2041,2050,ndc,17.592697351551024,0.021895105907696912,0.22163250096574144,0.00015757269962301051,20.754
GRC,Greece,2041,2050,ambitious,2.2810356504456695,0.021895105907696912,0.029553259310176272,0.00015757269962301051,20.754
GRC,Greece,2042,2050,baseline,0.0,0.021895105907696912,0.06639185963374583,0.00015442124563055031,20.754
GRC,Greece,2042,2050,ndc,15.637953201378691,0.021895105907696912,0.21537534825942328,0.00015442124563055031,20.754
GRC,Greece,2042,2050,ambitious,0.0,0.021895105907696912,0.007658153402479384,0.00015442124563055031,20.754
GRC,Greece,2043,2050,baseline,0.0,0.021895105907696916,0.04449675372604889,0.0001513328207179393,20.754
GRC,Greece,2043,2050,ndc,13.683209051206356,0.021895105907696916,0.20716345140293269,0.0001513328207179393,20.754
GRC,Greece,2043,2050,ambitious,0.0,0.021895105907696916,-0.01423695250521756,0.0001513328207179393,20.754
GRC,Greece,2044,2050,baseline,0.0,0.021895105907696912,0.022601647818352,0.00014830616430358052,20.754
GRC,Greece,2044,2050,ndc,11.728464901034014,0.021895105907696912,0.19699681039626976,0.00014830616430358052,20.754
GRC,Greece,2044,2050,ambitious,0.0,0.021895105907696912,-0.03613205841291445,0.00014830616430358052,20.754
GRC,Greece,2045,2050,baseline,0.0,0.021895105907696912,0.0007065419106551118,0.0001453400410175089,20.754
GRC,Greece,2045,2050,ndc,9.77372075086168,0.021895105907696912,0.18487542523943457,0.0001453400410175089,20.754
GRC,Greece,2045,2050,ambitious,0.0,0.021895105907696912,-0.058027164320611335,0.0001453400410175089,20.754
GRC,Greece,2046,2050,baseline,0.0,0.021895105907696912,-0.02118856399704183,0.00014243324019715874,20.754
GRC,Greece,2046,2050,ndc,7.8189766006893455,0.021895105907696912,0.17079929593242693,0.00014243324019715874,20.754
GRC,Greece,2046,2050,ambitious,0.0,0.021895105907696912,-0.07992227022830828,0.00014243324019715874,20.754
GRC,Greece,2047,2050,baseline,0.0,0.021895105907696916,-0.043083669904738775,0.00013958457539321557,20.754
GRC,Greece,2047,2050,ndc,5.864232450517011,0.021895105907696916,0.15476842247524703,0.00013958457539321557,20.754
GRC,Greece,2047,2050,ambitious,0.0,0.021895105907696916,-0.10181737613600522,0.00013958457539321557,20.754
GRC,Greece,2048,2050,baseline,0.0,0.021895105907696912,-0.06497877581243572,0.00013679288388535125,20.754
GRC,Greece,2048,2050,ndc,3.9094883003446697,0.021895105907696912,0.13678280486789474,0.00013679288388535125,20.754
GRC,Greece,2048,2050,ambitious,0.0,0.021895105907696912,-0.12371248204370217,0.00013679288388535125,20.754
GRC,Greece,2049,2050,baseline,0.0,0.021895105907696912,-0.08687388172013266,0.00013405702620764422,20.754
GRC,Greece,2049,2050,ndc,1.9547441501723348,0.021895105907696912,0.11684244311037018,0.00013405702620764422,20.754
GRC,Greece,2049,2050,ambitious,0.0,0.021895105907696912,-0.1456075879513991,0.00013405702620764422,20.754
GRC,Greece,2050,2050,baseline,0.0,0.021895105907696912,-0.1087689876278296,0.00013137588568349132,20.754
GRC,Greece,2050,2050,ndc,0.0,0.021895105907696912,0.09494733720267323,0.00013137588568349132,20.754
GRC,Greece,2050,2050,ambitious,0.0,0.021895105907696912,-0.16750269385909605,0.00013137588568349132,20.754
HKG,"Hong Kong SAR, China",2024,2050,baseline,30.399063893501136,0.015857220911590458,0.01454184298191068,8.710707656550116e-05,1.048
HKG,"Hong Kong SAR, China",2024,2050,ndc,30.399063893501136,0.015857220911590458,0.01454184298191068,8.710707656550116e-05,1.048
HKG,"Hong Kong SAR, China",2024,2050,ambitious,30.399063893501136,0.015857220911590458,0.01454184298191068,8.710707656550116e-05,1.048
HKG,"Hong Kong SAR, China",2025,2050,baseline,28.751124740850663,0.015857220911590458,0.027435746811170884,8.536493503419114e-05,1.048
HKG,"Hong Kong SAR, China",2025,2050,ndc,29.229869128366477,0.015857220911590458,0.0279144911986867,8.536493503419114e-05,1.048
HKG,"Hong Kong SAR, China",2025,2050,ambitious,27.82366910490546,0.015857220911590458,0.026508291175225678,8.536493503419114e-05,1.048
HKG,"Hong Kong SAR, China",2026,2050,baseline,27.107688154191013,0.015857220911590458,0.03868621405377144,8.36576363335073e-05,1.048
HKG,"Hong Kong SAR, China",2026,2050,ndc,28.06067436323182,0.015857220911590458,0.04011794465032806,8.36576363335073e-05,1.048
HKG,"Hong Kong SAR, China",2026,2050,ambitious,25.41345764606967,0.015857220911590458,0.036064527909704894,8.36576363335073e-05,1.048
HKG,"Hong Kong SAR, China",2027,2050,baseline,25.464251567531374,0.015857220911590458,0.04829324470971236,8.198448360683716e-05,1.048
HKG,"Hong Kong SAR, China",2027,2050,ndc,26.891479598097156,0.015857220911590458,0.05115220333683475,8.198448360683716e-05,1.048
HKG,"Hong Kong SAR, China",2027,2050,ambitious,23.149319608854796,0.015857220911590458,0.043356626606969234,8.198448360683716e-05,1.048
HKG,"Hong Kong SAR, China",2028,2050,baseline,23.820814980871738,0.015857220911590458,0.05625683877899362,8.034479393470043e-05,1.048
HKG,"Hong Kong SAR, China",2028,2050,ndc,25.7222848329625,0.015857220911590458,0.0610172672582068,8.034479393470043e-05,1.048
HKG,"Hong Kong SAR, China",2028,2050,ambitious,21.018366161952205,0.015857220911590458,0.04851777185733097,8.034479393470043e-05,1.048
HKG,"Hong Kong SAR, China",2029,2050,baseline,22.17287582822125,0.015857220911590458,0.06257249369562441,7.87378980560064e-05,1.048
HKG,"Hong Kong SAR, China",2029,2050,ndc,24.553090067827842,0.015857220911590458,0.0697131364144442,7.87378980560064e-05,1.048
HKG,"Hong Kong SAR, China",2029,2050,ambitious,19.00532214106605,0.015857220911590458,0.05166587308680655,7.87378980560064e-05,1.048
HKG,"Hong Kong SAR, China",2030,2050,baseline,20.529439241561604,0.015857220911590458,0.06724471202559557,7.716314009488629e-05,1.048
HKG,"Hong Kong SAR, China",2030,2050,ndc,23.38389530269318,0.015857220911590458,0.07723981080554693,7.716314009488629e-05,1.048
HKG,"Hong Kong SAR, China",2030,2050,ambitious,17.107866037355386,0.015857220911590458,0.052916518212571484,7.716314009488629e-05,1.048
HKG,"Hong Kong SAR, China",2031,2050,baseline,18.886002654901976,0.015857220911590454,0.0702734937689071,7.561987729298856e-05,1.048
HKG,"Hong Kong SAR, China",2031,2050,ndc,22.214700537558524,0.015857220911590454,0.08359729043151501,7.561987729298856e-05,1.048
HKG,"Hong Kong SAR, China",2031,2050,ambitious,15.738335548254561,0.015857220911590454,0.05279763284923561,7.561987729298856e-05,1.048
HKG,"Hong Kong SAR, China",2032,2050,baseline,17.242566068242326,0.015857220911590458,0.07165883892555897,7.410747974712878e-05,1.048
HKG,"Hong Kong SAR, China",2032,2050,ndc,21.045505772423862,0.015857220911590458,0.08878557529234843,7.410747974712878e-05,1.048
HKG,"Hong Kong SAR, China",2032,2050,ambitious,14.368805059153718,0.015857220911590458,0.051309216996798884,7.410747974712878e-05,1.048
HKG,"Hong Kong SAR, China",2033,2050,baseline,15.594626915591842,0.015857220911590458,0.07139624492956037,7.26253301521862e-05,1.048
HKG,"Hong Kong SAR, China",2033,2050,ndc,19.876311007289203,0.015857220911590458,0.09280466538804719,7.26253301521862e-05,1.048
HKG,"Hong Kong SAR, China",2033,2050,ambitious,12.995522431726585,0.015857220911590458,0.04844751851693502,7.26253301521862e-05,1.048
HKG,"Hong Kong SAR, China",2034,2050,baseline,13.951190328932205,0.015857220911590458,0.06949021434690214,7.117282354914248e-05,1.048
HKG,"Hong Kong SAR, China",2034,2050,ndc,18.707116242154548,0.015857220911590458,0.09565456071861128,7.117282354914248e-05,1.048
HKG,"Hong Kong SAR, China",2034,2050,ambitious,11.625991942625753,0.015857220911590458,0.04421628954797033,7.117282354914248e-05,1.048
HKG,"Hong Kong SAR, China",2035,2050,baseline,12.307753742272556,0.015857220911590458,0.06594074717758427,6.974936707815963e-05,1.048
HKG,"Hong Kong SAR, China",2035,2050,ndc,17.537921477019886,0.015857220911590458,0.09733526128404071,6.974936707815963e-05,1.048
HKG,"Hong Kong SAR, China",2035,2050,ambitious,10.256461453524912,0.015857220911590458,0.03861553008990479,6.974936707815963e-05,1.048
HKG,"Hong Kong SAR, China",2036,2050,baseline,10.664317155612927,0.015857220911590458,0.06074784342160677,6.835437973659643e-05,1.048
HKG,"Hong Kong SAR, China",2036,2050,ndc,16.368726711885227,0.015857220911590458,0.09784676708433548,6.835437973659643e-05,1.048
HKG,"Hong Kong SAR, China",2036,2050,ambitious,8.886930964424089,0.015857220911590458,0.03164524014273842,6.835437973659643e-05,1.048
HKG,"Hong Kong SAR, China",2037,2050,baseline,9.016378002962433,0.015857220911590458,0.05390700051297878,6.69872921418645e-05,1.048
HKG,"Hong Kong SAR, China",2037,2050,ndc,15.199531946750568,0.015857220911590458,0.09718907811949559,6.69872921418645e-05,1.048
HKG,"Hong Kong SAR, China",2037,2050,ambitious,7.513648336996946,0.015857220911590458,0.023301667568144918,6.69872921418645e-05,1.048
HKG,"Hong Kong SAR, China",2038,2050,baseline,7.372941416302795,0.015857220911590458,0.045422721017691126,6.564754629902722e-05,1.048
HKG,"Hong Kong SAR, China",2038,2050,ndc,14.03033718161591,0.015857220911590458,0.09536219438952104,6.564754629902722e-05,1.048
HKG,"Hong Kong SAR, China",2038,2050,ambitious,6.144117847896113,0.015857220911590458,0.013588564504450562,6.564754629902722e-05,1.048
HKG,"Hong Kong SAR, China",2039,2050,baseline,5.729504829643156,0.015857220911590454,0.03529500493574378,6.433459537304666e-05,1.048
HKG,"Hong Kong SAR, China",2039,2050,ndc,12.861142416481252,0.015857220911590454,0.0923661158944118,6.433459537304666e-05,1.048
HKG,"Hong Kong SAR, China",2039,2050,ambitious,4.77458735879528,0.015857220911590454,0.002505930951655355,6.433459537304666e-05,1.048
HKG,"Hong Kong SAR, China",2040,2050,baseline,4.086068242983518,0.015857220911590458,0.023523852267136824,6.304790346558573e-05,1.048
HKG,"Hong Kong SAR, China",2040,2050,ndc,11.69194765134659,0.015857220911590458,0.08820084263416789,6.304790346558573e-05,1.048
HKG,"Hong Kong SAR, China",2040,2050,ambitious,3.4050568696944477,0.015857220911590458,-0.009946233090240675,6.304790346558573e-05,1.048
HKG,"Hong Kong SAR, China",2041,2050,baseline,2.4381290903330233,0.015857220911590458,0.01010476044587938,6.178694539627401e-05,1.048
HKG,"Hong Kong SAR, China",2041,2050,ndc,10.522752886211931,0.015857220911590458,0.08286637460878932,6.178694539627401e-05,1.048
HKG,"Hong Kong SAR, China",2041,2050,ambitious,2.0317742422673053,0.015857220911590458,-0.023771679759563846,6.178694539627401e-05,1.048
HKG,"Hong Kong SAR, China",2042,2050,baseline,0.7946925036733951,0.015857220911590458,-0.0049577679620376736,6.055120648834853e-05,1.048
HKG,"Hong Kong SAR, China",2042,2050,ndc,9.353558121077274,0.015857220911590458,0.07636271181827614,6.055120648834853e-05,1.048
HKG,"Hong Kong SAR, China",2042,2050,ambitious,0.6622437531664811,0.015857220911590458,-0.03896665691798784,6.055120648834853e-05,1.048
HKG,"Hong Kong SAR, China",2043,2050,baseline,0.0,0.015857220911590458,-0.02081498887362815,5.934018235858156e-05,1.048
HKG,"Hong Kong SAR, China",2043,2050,ndc,8.184363355942615,0.015857220911590458,0.0686898542626283,5.934018235858156e-05,1.048
HKG,"Hong Kong SAR, China",2043,2050,ambitious,0.0,0.015857220911590458,-0.054823877829578316,5.934018235858156e-05,1.048
HKG,"Hong Kong SAR, China",2044,2050,baseline,0.0,0.015857220911590458,-0.036672209785218624,5.8153378711409926e-05,1.048
HKG,"Hong Kong SAR, China",2044,2050,ndc,7.015168590807953,0.015857220911590458,0.0598478019418458,5.8153378711409926e-05,1.048
HKG,"Hong Kong SAR, China",2044,2050,ambitious,0.0,0.015857220911590458,-0.07068109874116879,5.8153378711409926e-05,1.048
HKG,"Hong Kong SAR, China",2045,2050,baseline,0.0,0.015857220911590458,-0.0525294306968091,5.699031113718173e-05,1.048
HKG,"Hong Kong SAR, China",2045,2050,ndc,5.845973825673295,0.015857220911590458,0.04983655485592864,5.699031113718173e-05,1.048
HKG,"Hong Kong SAR, China",2045,2050,ambitious,0.0,0.015857220911590458,-0.08653831965275927,5.699031113718173e-05,1.048
HKG,"Hong Kong SAR, China",2046,2050,baseline,0.0,0.015857220911590458,-0.06838665160839957,5.58505049144381e-05,1.048
HKG,"Hong Kong SAR, China",2046,2050,ndc,4.676779060538637,0.015857220911590458,0.03865611300487681,5.58505049144381e-05,1.048
HKG,"Hong Kong SAR, China",2046,2050,ambitious,0.0,0.015857220911590458,-0.10239554056434974,5.58505049144381e-05,1.048
HKG,"Hong Kong SAR, China",2047,2050,baseline,0.0,0.015857220911590458,-0.08424387251999005,5.473349481614934e-05,1.048
HKG,"Hong Kong SAR, China",2047,2050,ndc,3.507584295403978,0.015857220911590458,0.026306476388690325,5.473349481614934e-05,1.048
HKG,"Hong Kong SAR, China",2047,2050,ambitious,0.0,0.015857220911590458,-0.11825276147594022,5.473349481614934e-05,1.048
HKG,"Hong Kong SAR, China",2048,2050,baseline,0.0,0.015857220911590458,-0.10010109343158052,5.363882491982635e-05,1.048
HKG,"Hong Kong SAR, China",2048,2050,ndc,2.3383895302693167,0.015857220911590458,0.012787645007369175,5.363882491982635e-05,1.048
HKG,"Hong Kong SAR, China",2048,2050,ambitious,0.0,0.015857220911590458,-0.1341099823875307,5.363882491982635e-05,1.048
HKG,"Hong Kong SAR, China",2049,2050,baseline,0.0,0.015857220911590454,-0.115958314343171,5.256604842142982e-05,1.048
HKG,"Hong Kong SAR, China",2049,2050,ndc,1.1691947651346584,0.015857220911590454,-0.0019003811390866376,5.256604842142982e-05,1.048
HKG,"Hong Kong SAR, China",2049,2050,ambitious,0.0,0.015857220911590454,-0.14996720329912117,5.256604842142982e-05,1.048
HKG,"Hong Kong SAR, China",2050,2050,baseline,0.0,0.015857220911590458,-0.13181553525476147,5.151472745300122e-05,1.048
HKG,"Hong Kong SAR, China",2050,2050,ndc,0.0,0.015857220911590458,-0.017757602050677113,5.151472745300122e-05,1.048
HKG,"Hong Kong SAR, China",2050,2050,ambitious,0.0,0.015857220911590458,-0.16582442421071164,5.151472745300122e-05,1.048
HRV,Croatia,2024,2050,baseline,17.260752935770658,0.008121428000076023,0.009139324935694634,0.000203492684476998,29.586
HRV,Croatia,2024,2050,ndc,17.260752935770658,0.008121428000076023,0.009139324935694634,0.000203492684476998,29.586
HRV,Croatia,2024,2050,ambitious,17.260752935770658,0.008121428000076023,0.009139324935694634,0.000203492684476998,29.586
HRV,Croatia,2025,2050,baseline,17.170324871159323,0.008121428000076024,0.018188221806777934,0.00019942283078745802,29.586
HRV,Croatia,2025,2050,ndc,16.596877822856403,0.008121428000076024,0.01761477475847502,0.00019942283078745802,29.586
HRV,Croatia,2025,2050,ambitious,16.152323762722904,0.008121428000076024,0.017170220698341516,0.00019942283078745802,29.586
HRV,Croatia,2026,2050,baseline,17.08014387776278,0.008121428000076023,0.02714693768446469,0.00019543437417170886,29.586
HRV,Croatia,2026,2050,ndc,15.933002709942146,0.008121428000076023,0.025426349468341145,0.00019543437417170886,29.586
HRV,Croatia,2026,2050,ambitious,15.168191626706582,0.008121428000076023,0.024216984324972074,0.00019543437417170886,29.586
HRV,Croatia,2027,2050,baseline,16.98996288436623,0.008121428000076023,0.0360154725687549,0.0001915256866882747,29.586
HRV,Croatia,2027,2050,ndc,15.26912759702789,0.008121428000076023,0.032574049065293015,0.0001915256866882747,29.586
HRV,Croatia,2027,2050,ambitious,14.28838423750109,0.008121428000076023,0.03038394056239714,0.0001915256866882747,29.586
HRV,Croatia,2028,2050,baseline,16.89978189096968,0.008121428000076023,0.044793826459648564,0.0001876951729545092,29.586
HRV,Croatia,2028,2050,ndc,14.605252484113633,0.008121428000076023,0.03905787354933063,0.0001876951729545092,29.586
HRV,Croatia,2028,2050,ambitious,13.497147888947332,0.008121428000076023,0.03575966045126845,0.0001876951729545092,29.586
HRV,Croatia,2029,2050,baseline,16.80935382635835,0.008121428000076023,0.0534817522859309,0.000183941269495419,29.586
HRV,Croatia,2029,2050,ndc,13.941377371199378,0.008121428000076023,0.04487782292045399,0.000183941269495419,29.586
HRV,Croatia,2029,2050,ambitious,12.781560880087275,0.008121428000076023,0.04041979333127971,0.000183941269495419,29.586
HRV,Croatia,2030,2050,baseline,16.7191728329618,0.008121428000076023,0.062079497118816676,0.00018026244410551063,29.586
HRV,Croatia,2030,2050,ndc,13.27750225828512,0.008121428000076023,0.05003389717866309,0.00018026244410551063,29.586
HRV,Croatia,2030,2050,ambitious,12.131603063765281,0.008121428000076023,0.04442996839496896,0.00018026244410551063,29.586
HRV,Croatia,2031,2050,baseline,16.628991839565256,0.008121428000076023,0.07058706095830591,0.00017665719522340042,29.586
HRV,Croatia,2031,2050,ndc,12.613627145370867,0.008121428000076023,0.05452609632395794,0.00017665719522340042,29.586
HRV,Croatia,2031,2050,ambitious,12.066166811223768,0.008121428000076023,0.04837470720611671,0.00017665719522340042,29.586
HRV,Croatia,2032,2050,baseline,16.53881084616871,0.008121428000076024,0.0790044438043986,0.0001731240513189324,29.586
HRV,Croatia,2032,2050,ndc,11.949752032456608,0.008121428000076024,0.05835442035633852,0.0001731240513189324,29.586
HRV,Croatia,2032,2050,ambitious,12.000730558682251,0.008121428000076024,0.05225400976472293,0.0001731240513189324,29.586
HRV,Croatia,2033,2050,baseline,16.448382781557374,0.008121428000076023,0.08733139858587996,0.00016966157029255373,29.586
HRV,Croatia,2033,2050,ndc,11.285876919542353,0.008121428000076023,0.061518869275804855,0.00016966157029255373,29.586
HRV,Croatia,2033,2050,ambitious,11.93511502873651,0.008121428000076023,0.056067696793383415,0.00016966157029255373,29.586
HRV,Croatia,2034,2050,baseline,16.358201788160827,0.008121428000076024,0.09556817237396477,0.00016626833888670268,29.586
HRV,Croatia,2034,2050,ndc,10.622001806628097,0.008121428000076024,0.06401944308235692,0.00016626833888670268,29.586
HRV,Croatia,2034,2050,ambitious,11.869678776194993,0.008121428000076024,0.059815947569502384,0.00016626833888670268,29.586
HRV,Croatia,2035,2050,baseline,16.26802079476428,0.008121428000076023,0.10371476516865302,0.0001629429721089686,29.586
HRV,Croatia,2035,2050,ndc,9.95812669371384,0.008121428000076023,0.06585614177599475,0.0001629429721089686,29.586
HRV,Croatia,2035,2050,ambitious,11.804242523653476,0.008121428000076023,0.06349876209307984,0.0001629429721089686,29.586
HRV,Croatia,2036,2050,baseline,16.177839801367732,0.008121428000076024,0.11177117696994472,0.00015968411266678923,29.586
HRV,Croatia,2036,2050,ndc,9.294251580799584,0.008121428000076024,0.0670289653567183,0.00015968411266678923,29.586
HRV,Croatia,2036,2050,ambitious,11.73880627111196,0.008121428000076024,0.06711614036411577,0.00015968411266678923,29.586
HRV,Croatia,2037,2050,baseline,16.087411736756398,0.008121428000076024,0.1197371607066251,0.00015649043041345346,29.586
HRV,Croatia,2037,2050,ndc,8.630376467885329,0.008121428000076024,0.06753791382452762,0.00015649043041345346,29.586
HRV,Croatia,2037,2050,ambitious,11.673190741166218,0.008121428000076024,0.07066790310520596,0.00015649043041345346,29.586
HRV,Croatia,2038,2050,baseline,15.99723074335985,0.008121428000076024,0.1276129634499089,0.0001533606218051844,29.586
HRV,Croatia,2038,2050,ndc,7.966501354971073,0.008121428000076024,0.06738298717942266,0.0001533606218051844,29.586
HRV,Croatia,2038,2050,ambitious,11.607754488624701,0.008121428000076024,0.07415422959375463,0.0001533606218051844,29.586
HRV,Croatia,2039,2050,baseline,15.907049749963306,0.008121428000076023,0.1353985851997962,0.00015029340936908067,29.586
HRV,Croatia,2039,2050,ndc,7.302626242056817,0.008121428000076023,0.06656418542140347,0.00015029340936908067,29.586
HRV,Croatia,2039,2050,ambitious,11.542318236083188,0.008121428000076023,0.07757511982976178,0.00015029340936908067,29.586
HRV,Croatia,2040,2050,baseline,15.816868756566755,0.008121428000076024,0.1430940259562869,0.00014728754118169908,29.586
HRV,Croatia,2040,2050,ndc,6.63875112914256,0.008121428000076024,0.06508150855046999,0.00014728754118169908,29.586
HRV,Croatia,2040,2050,ambitious,11.47688198354167,0.008121428000076024,0.08093057381322741,0.00014728754118169908,29.586
HRV,Croatia,2041,2050,baseline,15.726440691955425,0.008121428000076023,0.1506990386481663,0.00014434179035806508,29.586
HRV,Croatia,2041,2050,ndc,5.974876016228304,0.008121428000076023,0.06293495656662226,0.00014434179035806508,29.586
HRV,Croatia,2041,2050,ambitious,11.41126645359593,0.008121428000076023,0.08422041226674731,0.00014434179035806508,29.586
HRV,Croatia,2042,2050,baseline,15.636259698558876,0.008121428000076024,0.15821387034664913,0.00014145495455090377,29.586
HRV,Croatia,2042,2050,ndc,5.311000903314048,0.008121428000076024,0.06012452946986027,0.00014145495455090377,29.586
HRV,Croatia,2042,2050,ambitious,11.345830201054413,0.008121428000076024,0.0874448144677257,0.00014145495455090377,29.586
HRV,Croatia,2043,2050,baseline,15.546078705162328,0.008121428000076023,0.16563852105173543,0.0001386258554598857,29.586
HRV,Croatia,2043,2050,ndc,4.647125790399794,0.008121428000076023,0.05665022726018404,0.0001386258554598857,29.586
HRV,Croatia,2043,2050,ambitious,11.280393948512897,0.008121428000076023,0.09060378041616257,0.0001386258554598857,29.586
HRV,Croatia,2044,2050,baseline,15.455897711765783,0.008121428000076023,0.1729729907634252,0.00013585333835068798,29.586
HRV,Croatia,2044,2050,ndc,3.9832506774855356,0.008121428000076023,0.052512049937593536,0.00013585333835068798,29.586
HRV,Croatia,2044,2050,ambitious,11.21495769597138,0.008121428000076023,0.0936973101120579,0.00013585333835068798,29.586
HRV,Croatia,2045,2050,baseline,15.36546964715445,0.008121428000076024,0.18021703241050363,0.00013313627158367423,29.586
HRV,Croatia,2045,2050,ndc,3.31937556457128,0.008121428000076024,0.04770999750208879,0.00013313627158367423,29.586
HRV,Croatia,2045,2050,ambitious,11.14934216602564,0.008121428000076024,0.0967252242780075,0.00013313627158367423,29.586
HRV,Croatia,2046,2050,baseline,15.275288653757901,0.008121428000076024,0.18737089306418547,0.00013047354615200075,29.586
HRV,Croatia,2046,2050,ndc,2.655500451657024,0.008121428000076024,0.04224406995366978,0.00013047354615200075,29.586
HRV,Croatia,2046,2050,ambitious,11.083905913484124,0.008121428000076024,0.0996877021914156,0.00013047354615200075,29.586
HRV,Croatia,2047,2050,baseline,15.185107660361354,0.008121428000076024,0.1944345727244708,0.00012786407522896072,29.586
HRV,Croatia,2047,2050,ndc,1.9916253387427687,0.008121428000076024,0.03611426729233652,0.00012786407522896072,29.586
HRV,Croatia,2047,2050,ambitious,11.018469660942607,0.008121428000076024,0.10258474385228217,0.00012786407522896072,29.586
HRV,Croatia,2048,2050,baseline,15.094926666964804,0.008121428000076024,0.20140807139135958,0.00012530679372438152,29.586
HRV,Croatia,2048,2050,ndc,1.3277502258285112,0.008121428000076024,0.029320589518088996,0.00012530679372438152,29.586
HRV,Croatia,2048,2050,ambitious,10.953033408401089,0.008121428000076024,0.10541634926060722,0.00012530679372438152,29.586
HRV,Croatia,2049,2050,baseline,15.004498602353475,0.008121428000076023,0.20829114199363702,0.0001228006578498939,29.586
HRV,Croatia,2049,2050,ndc,0.6638751129142556,0.008121428000076023,0.0218630366309272,0.0001228006578498939,29.586
HRV,Croatia,2049,2050,ambitious,10.887417878455352,0.008121428000076023,0.10818233913898656,0.0001228006578498939,29.586
HRV,Croatia,2050,2050,baseline,14.914317608956926,0.008121428000076023,0.21508403160251793,0.00012034464469289599,29.586
HRV,Croatia,2050,2050,ndc,0.0,0.008121428000076023,0.013741608630851165,0.00012034464469289599,29.586
HRV,Croatia,2050,2050,ambitious,10.821981625913834,0.008121428000076023,0.11088289276482438,0.00012034464469289599,29.586
HUN,Hungary,2024,2050,baseline,43.53488473299093,0.020183571399937,0.023351313333053934,0.000184028253462606,10.886
HUN,Hungary,2024,2050,ndc,43.53488473299093,0.020183571399937,0.023351313333053934,0.000184028253462606,10.886
HUN,Hungary,2024,2050,ambitious,43.53488473299093,0.020183571399937,0.023351313333053934,0.000184028253462606,10.886
HUN,Hungary,2025,2050,baseline,42.83239660790077,0.020183571399937,0.046000138541017706,0.00018034768839335388,10.886
HUN,Hungary,2025,2050,ndc,41.86046608941436,0.020183571399937,0.04502820802253129,0.00018034768839335388,10.886
HUN,Hungary,2025,2050,ambitious,41.45070639486551,0.020183571399937,0.044618448327982445,0.00018034768839335388,10.886
HUN,Hungary,2026,2050,baseline,42.13182784927259,0.020183571399937,0.0679483949903533,0.0001767407346254868,10.886
HUN,Hungary,2026,2050,ndc,40.18604744583779,0.020183571399937,0.06503068406843207,0.0001767407346254868,10.886
HUN,Hungary,2026,2050,ambitious,39.498588608919825,0.020183571399937,0.06393346553696527,0.0001767407346254868,10.886
HUN,Hungary,2027,2050,baseline,41.4312590906444,0.020183571399937,0.0891960826810607,0.00017320591993297705,10.886
HUN,Hungary,2027,2050,ndc,38.51162880226121,0.020183571399937,0.08335874147075627,0.00017320591993297705,10.886
HUN,Hungary,2027,2050,ambitious,37.66478099180945,0.020183571399937,0.08141467512883772,0.00017320591993297705,10.886
HUN,Hungary,2028,2050,baseline,40.73069033201623,0.020183571399936998,0.10974320161313994,0.00016974180153431752,10.886
HUN,Hungary,2028,2050,ndc,36.837210158684634,0.020183571399936998,0.1000123802295039,0.00016974180153431752,10.886
HUN,Hungary,2028,2050,ambitious,35.93884441099095,0.020183571399936998,0.09716994813989169,0.00016974180153431752,10.886
HUN,Hungary,2029,2050,baseline,40.02820220692607,0.020183571399936998,0.129587832420129,0.00016634696550363117,10.886
HUN,Hungary,2029,2050,ndc,35.16279151510806,0.020183571399936998,0.11499160034467497,0.00016634696550363117,10.886
HUN,Hungary,2029,2050,ambitious,34.30988760638688,0.020183571399936998,0.11129626434634156,0.00016634696550363117,10.886
HUN,Hungary,2030,2050,baseline,39.32763344829788,0.020183571399937,0.1487318944684899,0.00016302002619355855,10.886
HUN,Hungary,2030,2050,ndc,33.48837287153148,0.020183571399937,0.12829640181626945,0.00016302002619355855,10.886
HUN,Hungary,2030,2050,ambitious,32.773027874083326,0.020183571399937,0.12388572082048788,0.00016302002619355855,10.886
HUN,Hungary,2031,2050,baseline,38.62706468966971,0.020183571399936998,0.1671753877582226,0.00015975962566968735,10.886
HUN,Hungary,2031,2050,ndc,31.813954227954916,0.020183571399936998,0.13992678464428737,0.00015975962566968735,10.886
HUN,Hungary,2031,2050,ambitious,32.18922057521758,0.020183571399936998,0.13589136999576845,0.00015975962566968735,10.886
HUN,Hungary,2032,2050,baseline,37.926495931041536,0.020183571399937,0.18491831228932712,0.00015656443315629362,10.886
HUN,Hungary,2032,2050,ndc,30.139535584378336,0.020183571399937,0.14988274882872868,0.00015656443315629362,10.886
HUN,Hungary,2032,2050,ambitious,31.605413276351833,0.020183571399937,0.1473132118721833,0.00015656443315629362,10.886
HUN,Hungary,2033,2050,baseline,37.22400780595136,0.020183571399937,0.20195874869534147,0.00015343314449316772,10.886
HUN,Hungary,2033,2050,ndc,28.465116940801764,0.020183571399937,0.15816429436959345,0.00015343314449316772,10.886
HUN,Hungary,2033,2050,ambitious,31.020006505434388,0.020183571399937,0.1581496469776807,0.00015343314449316772,10.886
HUN,Hungary,2034,2050,baseline,36.52343904732318,0.020183571399936998,0.21829861634272768,0.00015036448160330438,10.886
HUN,Hungary,2034,2050,ndc,26.79069829722519,0.020183571399936998,0.16477142126688166,0.00015036448160330438,10.886
HUN,Hungary,2034,2050,ambitious,30.436199206568634,0.020183571399936998,0.16840227478431236,0.00015036448160330438,10.886
HUN,Hungary,2035,2050,baseline,35.822870288695,0.020183571399936998,0.23393791523148572,0.00014735719197123828,10.886
HUN,Hungary,2035,2050,ndc,25.11627965364861,0.020183571399936998,0.16970412952059327,0.00014735719197123828,10.886
HUN,Hungary,2035,2050,ambitious,29.85239190770288,0.020183571399936998,0.17807109529207826,0.00014735719197123828,10.886
HUN,Hungary,2036,2050,baseline,35.12230153006683,0.020183571399937,0.24887664536161552,0.0001444100481318135,10.886
HUN,Hungary,2036,2050,ndc,23.44186101007204,0.020183571399937,0.17296241913072835,0.0001444100481318135,10.886
HUN,Hungary,2036,2050,ambitious,29.26858460883713,0.020183571399937,0.1871561085009784,0.0001444100481318135,10.886
HUN,Hungary,2037,2050,baseline,34.41981340497666,0.020183571399937,0.2631128873666552,0.00014152184716917723,10.886
HUN,Hungary,2037,2050,ndc,21.767442366495466,0.020183571399937,0.17454629009728684,0.00014152184716917723,10.886
HUN,Hungary,2037,2050,ambitious,28.683177837919693,0.020183571399937,0.1956557149389611,0.00014152184716917723,10.886
HUN,Hungary,2038,2050,baseline,33.71924464634848,0.020183571399937,0.2766485606130667,0.00013869141022579371,10.886
HUN,Hungary,2038,2050,ndc,20.093023722918893,0.020183571399937,0.17445574242026873,0.00013869141022579371,10.886
HUN,Hungary,2038,2050,ambitious,28.09937053905394,0.020183571399937,0.2035715140780781,0.00013869141022579371,10.886
HUN,Hungary,2039,2050,baseline,33.018675887720306,0.020183571399936998,0.28948366510085005,0.00013591758202127782,10.886
HUN,Hungary,2039,2050,ndc,18.41860507934232,0.020183571399936998,0.1726907760996741,0.00013591758202127782,10.886
HUN,Hungary,2039,2050,ambitious,27.51556324018819,0.020183571399936998,0.21090350591832935,0.00013591758202127782,10.886
HUN,Hungary,2040,2050,baseline,32.31810712909212,0.020183571399937,0.3016182008300052,0.00013319923038085225,10.886
HUN,Hungary,2040,2050,ndc,16.74418643576574,0.020183571399937,0.16925139113550286,0.00013319923038085225,10.886
HUN,Hungary,2040,2050,ambitious,26.93175594132243,0.020183571399937,0.21765169045971483,0.00013319923038085225,10.886
HUN,Hungary,2041,2050,baseline,31.61561900400195,0.020183571399936998,0.3130502484340701,0.00013053524577323522,10.886
HUN,Hungary,2041,2050,ndc,15.069767792189168,0.020183571399936998,0.16413758752775504,0.00013053524577323522,10.886
HUN,Hungary,2041,2050,ambitious,26.34634917040499,0.020183571399936998,0.22381446823018286,0.00013053524577323522,10.886
HUN,Hungary,2042,2050,baseline,30.915050245373777,0.020183571399936998,0.3237817272795069,0.0001279245408577705,10.886
HUN,Hungary,2042,2050,ndc,13.395349148612596,0.020183571399936998,0.15734936527643067,0.0001279245408577705,10.886
HUN,Hungary,2042,2050,ambitious,25.762541871539245,0.020183571399936998,0.22939343870178514,0.0001279245408577705,10.886
HUN,Hungary,2043,2050,baseline,30.214481486745598,0.020183571399937,0.33381263736631545,0.0001253660500406151,10.886
HUN,Hungary,2043,2050,ndc,11.720930505036023,0.020183571399937,0.14888672438152967,0.0001253660500406151,10.886
HUN,Hungary,2043,2050,ambitious,25.17873457267349,0.020183571399937,0.23438860187452165,0.0001253660500406151,10.886
HUN,Hungary,2044,2050,baseline,29.513912728117425,0.020183571399936998,0.3431429786944959,0.00012285872903980278,10.886
HUN,Hungary,2044,2050,ndc,10.046511861459443,0.020183571399936998,0.13874966484305212,0.00012285872903980278,10.886
HUN,Hungary,2044,2050,ambitious,24.59492727380774,0.020183571399936998,0.2387999577483924,0.00012285872903980278,10.886
HUN,Hungary,2045,2050,baseline,28.81142460302725,0.020183571399936998,0.3517708318975861,0.00012040155445900672,10.886
HUN,Hungary,2045,2050,ndc,8.37209321788287,0.020183571399936998,0.12693818666099804,0.00012040155445900672,10.886
HUN,Hungary,2045,2050,ambitious,24.009520502890297,0.020183571399936998,0.24262590685134572,0.00012040155445900672,10.886
HUN,Hungary,2046,2050,baseline,28.110855844399076,0.020183571399937,0.35969811634204824,0.0001179935233698266,10.886
HUN,Hungary,2046,2050,ndc,6.697674574306298,0.020183571399937,0.11345228983536731,0.0001179935233698266,10.886
HUN,Hungary,2046,2050,ambitious,23.42571320402455,0.020183571399937,0.24586804865543327,0.0001179935233698266,10.886
HUN,Hungary,2047,2050,baseline,27.4102870857709,0.020183571399937,0.3669248320278821,0.00011563365290243007,10.886
HUN,Hungary,2047,2050,ndc,5.023255930729724,0.020183571399937,0.09829197436616005,0.00011563365290243007,10.886
HUN,Hungary,2047,2050,ambitious,22.841905905158796,0.020183571399937,0.24852638316065506,0.00011563365290243007,10.886
HUN,Hungary,2048,2050,baseline,26.709718327142717,0.020183571399936998,0.37345097895508783,0.00011332097984438146,10.886
HUN,Hungary,2048,2050,ndc,3.348837287153146,0.020183571399936998,0.0814572402533762,0.00011332097984438146,10.886
HUN,Hungary,2048,2050,ambitious,22.25809860629304,0.020183571399936998,0.25060091036701104,0.00011332097984438146,10.886
HUN,Hungary,2049,2050,baseline,26.007230202052543,0.020183571399936998,0.3792746377572034,0.00011105456024749383,10.886
HUN,Hungary,2049,2050,ndc,1.674418643576573,0.020183571399936998,0.06294808749701575,0.00011105456024749383,10.886
HUN,Hungary,2049,2050,ambitious,21.6726918353756,0.020183571399936998,0.2520900308024496,0.00011105456024749383,10.886
HUN,Hungary,2050,2050,baseline,25.306661443424368,0.020183571399936998,0.3843977278006908,0.00010883346904254393,10.886
HUN,Hungary,2050,2050,ndc,0.0,0.020183571399936998,0.042764516097078764,0.00010883346904254393,10.886
HUN,Hungary,2050,2050,ambitious,21.08888453650985,0.020183571399936998,0.25299534393902245,0.00010883346904254393,10.886
IDN,Indonesia,2024,2020,baseline,746.6066646606328,0.5916711575700855,0.15493550709054726,0.000524048721905086,10.695
IDN,Indonesia,2024,2020,ndc,746.6066646606328,0.5916711575700855,0.15493550709054726,0.000524048721905086,10.695
IDN,Indonesia,2024,2020,ambitious,746.6066646606328,0.5916711575700855,0.15493550709054726,0.000524048721905086,10.695
IDN,Indonesia,2025,2020,baseline,772.2280468195057,0.5916711575700857,0.3354923963399672,0.0005135677474669843,10.695
IDN,Indonesia,2025,2020,ndc,0.0,0.5916711575700857,-0.43673565047953844,0.0005135677474669843,10.695
IDN,Indonesia,2025,2020,ambitious,740.6914451953179,0.5916711575700857,0.3039557947157794,0.0005135677474669843,10.695
IDN,Indonesia,2026,2020,baseline,797.7794252019884,0.5916711575700856,0.5416006639718702,0.0005032963925176446,10.695
IDN,Indonesia,2026,2020,ndc,0.0,0.5916711575700856,-1.028406808049624,0.0005032963925176446,10.695
IDN,Indonesia,2026,2020,ambitious,735.1758957601703,0.5916711575700856,0.4474605329058643,0.0005032963925176446,10.695
IDN,Indonesia,2027,2020,baseline,823.3308035844713,0.5916711575700856,0.7732603099862558,0.0004932304646672916,10.695
IDN,Indonesia,2027,2020,ndc,0.0,0.5916711575700856,-1.6200779656197097,0.0004932304646672916,10.695
IDN,Indonesia,2027,2020,ambitious,730.0768228603105,0.5916711575700856,0.5858661981960891,0.0004932304646672916,10.695
IDN,Indonesia,2028,2020,baseline,848.8821819669535,0.5916711575700855,1.0304713343831242,0.00048336585537394586,10.695
IDN,Indonesia,2028,2020,ndc,0.0,0.5916711575700855,-2.211749123189795,0.00048336585537394586,10.695
IDN,Indonesia,2028,2020,ambitious,725.3487707468211,0.5916711575700855,0.7195438113728247,0.00048336585537394586,10.695
IDN,Indonesia,2029,2020,baseline,874.5035641258268,0.5916711575700855,1.3133037409388653,0.0004736985382664669,10.695
IDN,Indonesia,2029,2020,ndc,0.0,0.5916711575700855,-2.8034202807598807,0.0004736985382664669,10.695
IDN,Indonesia,2029,2020,ambitious,721.0103830866509,0.5916711575700855,0.84888303688939,0.0004736985382664669,10.695
IDN,Indonesia,2030,2020,baseline,900.0549425083094,0.5916711575700856,1.621687525877089,0.0004642245675011376,10.695
IDN,Indonesia,2030,2020,ndc,0.0,0.5916711575700856,-3.3950914383299664,0.0004642245675011376,10.695
IDN,Indonesia,2030,2020,ambitious,716.9104965252448,0.5916711575700856,0.9741223758445487,0.0004642245675011376,10.695
IDN,Indonesia,2031,2020,baseline,925.606320890792,0.5916711575700855,1.9556226891977957,0.0004549400761511148,10.695
IDN,Indonesia,2031,2020,ndc,0.0,0.5916711575700855,-3.986762595900052,0.0004549400761511148,10.695
IDN,Indonesia,2031,2020,ambitious,737.2626444863909,0.5916711575700855,1.1197138627608538,0.0004549400761511148,10.695
IDN,Indonesia,2032,2020,baseline,951.1576992732746,0.5916711575700855,2.315109230900985,0.0004458412746280925,10.695
IDN,Indonesia,2032,2020,ndc,0.0,0.5916711575700855,-4.578433753470137,0.0004458412746280925,10.695
IDN,Indonesia,2032,2020,ambitious,757.6147924475371,0.5916711575700855,1.2856574976383053,0.0004458412746280925,10.695
IDN,Indonesia,2033,2020,baseline,976.7790814321476,0.5916711575700856,2.7002171547630462,0.0004369244491355306,10.695
IDN,Indonesia,2033,2020,ndc,0.0,0.5916711575700856,-5.170104911040223,0.0004369244491355306,10.695
IDN,Indonesia,2033,2020,ambitious,778.0226997181658,0.5916711575700856,1.4720090397863856,0.0004369244491355306,10.695
IDN,Indonesia,2034,2020,baseline,1002.3304598146301,0.5916711575700855,3.11087645700759,0.0004281859601528201,10.695
IDN,Indonesia,2034,2020,ndc,0.0,0.5916711575700855,-5.761776068610309,0.0004281859601528201,10.695
IDN,Indonesia,2034,2020,ambitious,798.3748476793119,0.5916711575700855,1.6787127298956115,0.0004281859601528201,10.695
IDN,Indonesia,2035,2020,baseline,1027.881838197113,0.5916711575700855,3.547087137634617,0.0004196222409497636,10.695
IDN,Indonesia,2035,2020,ndc,0.0,0.5916711575700855,-6.3534472261803945,0.0004196222409497636,10.695
IDN,Indonesia,2035,2020,ambitious,818.7269956404583,0.5916711575700855,1.9057685679659846,0.0004196222409497636,10.695
IDN,Indonesia,2036,2020,baseline,1053.4332165795956,0.5916711575700856,4.008849196644126,0.00041122979613076834,10.695
IDN,Indonesia,2036,2020,ndc,0.0,0.5916711575700856,-6.94511838375048,0.00041122979613076834,10.695
IDN,Indonesia,2036,2020,ambitious,839.0791436016044,0.5916711575700856,2.153176553997504,0.00041122979613076834,10.695
IDN,Indonesia,2037,2020,baseline,1079.0545987384685,0.5916711575700856,4.4962326378125095,0.00040300520020815296,10.695
IDN,Indonesia,2037,2020,ndc,0.0,0.5916711575700856,-7.536789541320565,0.00040300520020815296,10.695
IDN,Indonesia,2037,2020,ambitious,859.4870508722331,0.5916711575700856,2.4209924472996516,0.00040300520020815296,10.695
IDN,Indonesia,2038,2020,baseline,1104.6059771209511,0.5916711575700856,5.009167457363375,0.00039494509620398993,10.695
IDN,Indonesia,2038,2020,ndc,0.0,0.5916711575700856,-8.12846069889065,0.00039494509620398993,10.695
IDN,Indonesia,2038,2020,ambitious,879.8391988333793,0.5916711575700856,2.7091604885629454,0.00039494509620398993,10.695
IDN,Indonesia,2039,2020,baseline,1130.1573555034338,0.5916711575700855,5.547653655296724,0.0003870461942799101,10.695
IDN,Indonesia,2039,2020,ndc,0.0,0.5916711575700855,-8.720131856460736,0.0003870461942799101,10.695
IDN,Indonesia,2039,2020,ambitious,900.1913467945255,0.5916711575700855,3.0176806777873857,0.0003870461942799101,10.695
IDN,Indonesia,2040,2020,baseline,1155.7087338859164,0.5916711575700856,6.111691231612555,0.0003793052703943119,10.695
IDN,Indonesia,2040,2020,ndc,0.0,0.5916711575700856,-9.31180301403082,0.0003793052703943119,10.695
IDN,Indonesia,2040,2020,ambitious,920.5434947556716,0.5916711575700856,3.3465530149729723,0.0003793052703943119,10.695
IDN,Indonesia,2041,2020,baseline,1181.3301160447897,0.5916711575700856,6.701350190087261,0.00037171916498642563,10.695
IDN,Indonesia,2041,2020,ndc,0.0,0.5916711575700856,-9.903474171600905,0.00037171916498642563,10.695
IDN,Indonesia,2041,2020,ambitious,940.9514020263007,0.5916711575700856,3.695833259429188,0.00037171916498642563,10.695
IDN,Indonesia,2042,2020,baseline,1206.881494427272,0.5916711575700856,7.316560526944448,0.0003642847816866971,10.695
IDN,Indonesia,2042,2020,ndc,0.0,0.5916711575700856,-10.49514532917099,0.0003642847816866971,10.695
IDN,Indonesia,2042,2020,ambitious,961.3035499874466,0.5916711575700856,4.06546565184655,0.0003642847816866971,10.695
IDN,Indonesia,2043,2020,baseline,1232.4328728097548,0.5916711575700855,7.957322242184119,0.0003569990860529632,10.695
IDN,Indonesia,2043,2020,ndc,0.0,0.5916711575700855,-11.086816486741075,0.0003569990860529632,10.695
IDN,Indonesia,2043,2020,ambitious,981.6556979485929,0.5916711575700855,4.455450192225058,0.0003569990860529632,10.695
IDN,Indonesia,2044,2020,baseline,1257.9842511922375,0.5916711575700856,8.623635335806272,0.0003498591043319039,10.695
IDN,Indonesia,2044,2020,ndc,0.0,0.5916711575700856,-11.67848764431116,0.0003498591043319039,10.695
IDN,Indonesia,2044,2020,ambitious,1002.0078459097391,0.5916711575700856,4.865786880564711,0.0003498591043319039,10.695
IDN,Indonesia,2045,2020,baseline,1283.6056333511103,0.5916711575700856,9.315569811587299,0.0003428619222452658,10.695
IDN,Indonesia,2045,2020,ndc,0.0,0.5916711575700856,-12.270158801881244,0.0003428619222452658,10.695
IDN,Indonesia,2045,2020,ambitious,1022.4157531803678,0.5916711575700856,5.296531476174994,0.0003428619222452658,10.695
IDN,Indonesia,2046,2020,baseline,1309.157011733593,0.5916711575700856,10.033055665750807,0.0003360046838003605,10.695
IDN,Indonesia,2046,2020,ndc,0.0,0.5916711575700856,-12.86182995945133,0.0003360046838003605,10.695
IDN,Indonesia,2046,2020,ambitious,1042.767901141514,0.5916711575700856,5.747628219746423,0.0003360046838003605,10.695
IDN,Indonesia,2047,2020,baseline,1334.7083901160756,0.5916711575700856,10.776092898296799,0.0003292845901243533,10.695
IDN,Indonesia,2047,2020,ndc,0.0,0.5916711575700856,-13.453501117021414,0.0003292845901243533,10.695
IDN,Indonesia,2047,2020,ambitious,1063.1200491026602,0.5916711575700856,6.219077111278999,0.0003292845901243533,10.695
IDN,Indonesia,2048,2020,baseline,1360.2597684985585,0.5916711575700856,11.544681509225272,0.00032269889832186623,10.695
IDN,Indonesia,2048,2020,ndc,0.0,0.5916711575700856,-14.045172274591499,0.00032269889832186623,10.695
IDN,Indonesia,2048,2020,ambitious,1083.4721970638066,0.5916711575700856,6.71087815077272,0.00032269889832186623,10.695
IDN,Indonesia,2049,2020,baseline,1385.8811506574314,0.5916711575700855,12.33889150231262,0.0003162449203554289,10.695
IDN,Indonesia,2049,2020,ndc,0.0,0.5916711575700855,-14.636843432161584,0.0003162449203554289,10.695
IDN,Indonesia,2049,2020,ambitious,1103.8801043344351,0.5916711575700855,7.223087097537071,0.0003162449203554289,10.695
IDN,Indonesia,2050,2020,baseline,1411.432529039914,0.5916711575700856,13.158652873782449,0.00030992002194832026,10.695
IDN,Indonesia,2050,2020,ndc,0.0,0.5916711575700856,-15.228514589731668,0.00030992002194832026,10.695
IDN,Indonesia,2050,2020,ambitious,1124.2322522955815,0.5916711575700856,7.7556481922625675,0.00030992002194832026,10.695
IND,India,2024,2020,baseline,3005.8211177623643,3.0259401109345205,-0.020118993172156152,0.0008248142129300781,8.861
IND,India,2024,2020,ndc,3005.8211177623643,3.0259401109345205,-0.020118993172156152,0.0008248142129300781,8.861
IND,India,2024,2020,ambitious,3005.8211177623643,3.0259401109345205,-0.020118993172156152,0.0008248142129300781,8.861
IND,India,2025,2020,baseline,3091.2761164899075,3.0259401109345205,0.04521701238323139,0.0008083179286714764,8.861
IND,India,2025,2020,ndc,0.0,3.0259401109345205,-3.0460591041066767,0.0008083179286714764,8.861
IND,India,2025,2020,ambitious,2991.557532097898,3.0259401109345205,-0.054501572008778254,0.0008083179286714764,8.861
IND,India,2026,2020,baseline,3176.497631614371,3.0259401109345205,0.1957745330630818,0.0007921515700980468,8.861
IND,India,2026,2020,ndc,0.0,3.0259401109345205,-6.071999215041197,0.0007921515700980468,8.861
IND,India,2026,2020,ambitious,2977.9665296594776,3.0259401109345205,-0.10247515328382129,0.0007921515700980468,8.861
IND,India,2027,2020,baseline,3261.719146738835,3.0259401109345205,0.4315535688673968,0.000776308538696086,8.861
IND,India,2027,2020,ndc,0.0,3.0259401109345205,-9.097939325975718,0.000776308538696086,8.861
IND,India,2027,2020,ambitious,2965.1992243384534,3.0259401109345205,-0.1632160398798881,0.000776308538696086,8.861
IND,India,2028,2020,baseline,3346.9406618632984,3.0259401109345205,0.7525541197961747,0.0007607823679221642,8.861
IND,India,2028,2020,ndc,0.0,3.0259401109345205,-12.123879436910238,0.0007607823679221642,8.861
IND,India,2028,2020,ambitious,2953.182936977414,3.0259401109345205,-0.23597321383699388,0.0007607823679221642,8.861
IND,India,2029,2020,baseline,3432.3956605908425,3.0259401109345205,1.159009669452498,0.0007455667205637209,8.861
IND,India,2029,2020,ndc,0.0,3.0259401109345205,-15.149819547844759,0.0007455667205637209,8.861
IND,India,2029,2020,ambitious,2942.053423411011,3.0259401109345205,-0.3198599013605019,0.0007455667205637209,8.861
IND,India,2030,2020,baseline,3517.6171757153056,3.0259401109345205,1.6506867342332825,0.0007306553861524466,8.861
IND,India,2030,2020,ndc,0.0,3.0259401109345205,-18.175759658779278,0.0007306553861524466,8.861
IND,India,2030,2020,ambitious,2931.3476464845576,3.0259401109345205,-0.4144523658104653,0.0007306553861524466,8.861
IND,India,2031,2020,baseline,3602.8386908397692,3.02594011093452,2.22758531413853,0.0007160422784293976,8.861
IND,India,2031,2020,ndc,0.0,3.02594011093452,-21.201699769713798,0.0007160422784293976,8.861
IND,India,2031,2020,ambitious,3002.3655757562797,3.02594011093452,-0.43802690098870656,0.0007160422784293976,8.861
IND,India,2032,2020,baseline,3688.0602059642324,3.025940110934521,2.8897054091682435,0.0007017214328608096,8.861
IND,India,2032,2020,ndc,0.0,3.025940110934521,-24.22763988064832,0.0007017214328608096,8.861
IND,India,2032,2020,ambitious,3073.3835050280013,3.025940110934521,-0.3905835068952257,0.0007017214328608096,8.861
IND,India,2033,2020,baseline,3773.5152046917774,3.0259401109345205,3.637280502925499,0.0006876870042035933,8.861
IND,India,2033,2020,ndc,0.0,3.0259401109345205,-27.25357999158284,0.0006876870042035933,8.861
IND,India,2033,2020,ambitious,3144.5960039689617,3.0259401109345205,-0.271927613860786,0.0006876870042035933,8.861
IND,India,2034,2020,baseline,3858.73671981624,3.0259401109345205,4.470077111807221,0.0006739332641195215,8.861
IND,India,2034,2020,ndc,0.0,3.0259401109345205,-30.27952010251736,0.0006739332641195215,8.861
IND,India,2034,2020,ambitious,3215.613933240683,3.0259401109345205,-0.08225379155462065,0.0006739332641195215,8.861
IND,India,2035,2020,baseline,3943.958234940704,3.02594011093452,5.388095235813402,0.000660454598837131,8.861
IND,India,2035,2020,ndc,0.0,3.02594011093452,-33.30546021345188,0.000660454598837131,8.861
IND,India,2035,2020,ambitious,3286.6318625124054,3.02594011093452,0.17843796002326684,0.000660454598837131,8.861
IND,India,2036,2020,baseline,4029.179750065167,3.0259401109345205,6.39133487494405,0.0006472455068603884,8.861
IND,India,2036,2020,ndc,0.0,3.0259401109345205,-36.3314003243864,0.0006472455068603884,8.861
IND,India,2036,2020,ambitious,3357.649791784127,3.0259401109345205,0.5101476408728729,0.0006472455068603884,8.861
IND,India,2037,2020,baseline,4114.634748792711,3.025940110934521,7.48002951280224,0.0006343005967231806,8.861
IND,India,2037,2020,ndc,0.0,3.025940110934521,-39.35734043532092,0.0006343005967231806,8.861
IND,India,2037,2020,ambitious,3428.862290725087,3.025940110934521,0.9130698206634378,0.0006343005967231806,8.861
IND,India,2038,2020,baseline,4199.856263917175,3.0259401109345205,8.653945665784896,0.0006216145847887171,8.861
IND,India,2038,2020,ndc,0.0,3.0259401109345205,-42.38328054625544,0.0006216145847887171,8.861
IND,India,2038,2020,ambitious,3499.880219996809,3.0259401109345205,1.3870099297257283,0.0006216145847887171,8.861
IND,India,2039,2020,baseline,4285.077779041638,3.02594011093452,9.913083333892011,0.0006091822930929426,8.861
IND,India,2039,2020,ndc,0.0,3.02594011093452,-45.40922065718996,0.0006091822930929426,8.861
IND,India,2039,2020,ambitious,3570.8981492685302,3.02594011093452,1.9319679680597375,0.0006091822930929426,8.861
IND,India,2040,2020,baseline,4370.299294166101,3.0259401109345205,11.257442517123593,0.0005969986472310838,8.861
IND,India,2040,2020,ndc,0.0,3.0259401109345205,-48.43516076812448,0.0005969986472310838,8.861
IND,India,2040,2020,ambitious,3641.9160785402523,3.0259401109345205,2.5479439356654723,0.0005969986472310838,8.861
IND,India,2041,2020,baseline,4455.7542928936455,3.02594011093452,12.687256699082724,0.0005850586742864621,8.861
IND,India,2041,2020,ndc,0.0,3.02594011093452,-51.461100879059,0.0005850586742864621,8.861
IND,India,2041,2020,ambitious,3713.128577481212,3.02594011093452,3.235132402212166,0.0005850586742864621,8.861
IND,India,2042,2020,baseline,4540.975808018109,3.0259401109345205,14.202292396166307,0.0005733575008007328,8.861
IND,India,2042,2020,ndc,0.0,3.0259401109345205,-54.487040989993524,0.0005733575008007328,8.861
IND,India,2042,2020,ambitious,3784.146506752934,3.0259401109345205,3.993338798030578,0.0005733575008007328,8.861
IND,India,2043,2020,baseline,4626.197323142573,3.02594011093452,15.802549608374363,0.0005618903507847182,8.861
IND,India,2043,2020,ndc,0.0,3.02594011093452,-57.512981100928044,0.0005618903507847182,8.861
IND,India,2043,2020,ambitious,3855.1644360246564,3.02594011093452,4.822563123120716,0.0005618903507847182,8.861
IND,India,2044,2020,baseline,4711.418838267035,3.02594011093452,17.48802833570688,0.0005506525437690238,8.861
IND,India,2044,2020,ndc,0.0,3.02594011093452,-60.538921211862565,0.0005506525437690238,8.861
IND,India,2044,2020,ambitious,3926.1823652963776,3.02594011093452,5.72280537748258,0.0005506525437690238,8.861
IND,India,2045,2020,baseline,4796.8738369945795,3.0259401109345205,19.258962061766937,0.0005396394928936433,8.861
IND,India,2045,2020,ndc,0.0,3.0259401109345205,-63.564861322797086,0.0005396394928936433,8.861
IND,India,2045,2020,ambitious,3997.394864237337,3.0259401109345205,6.694260130785395,0.0005396394928936433,8.861
IND,India,2046,2020,baseline,4882.095352119044,3.025940110934521,21.115117302951447,0.0005288467030357705,8.861
IND,India,2046,2020,ndc,0.0,3.025940110934521,-66.59080143373161,0.0005288467030357705,8.861
IND,India,2046,2020,ambitious,4068.41279350906,3.025940110934521,7.736732813359922,0.0005288467030357705,8.861
IND,India,2047,2020,baseline,4967.316867243507,3.0259401109345205,23.056494059260444,0.0005182697689750551,8.861
IND,India,2047,2020,ndc,0.0,3.0259401109345205,-69.61674154466613,0.0005182697689750551,8.861
IND,India,2047,2020,ambitious,4139.430722780781,3.0259401109345205,8.850223425206195,0.0005182697689750551,8.861
IND,India,2048,2020,baseline,5052.53838236797,3.02594011093452,25.0830923306939,0.0005079043735955539,8.861
IND,India,2048,2020,ndc,0.0,3.02594011093452,-72.64268165560064,0.0005079043735955539,8.861
IND,India,2048,2020,ambitious,4210.448652052503,3.02594011093452,10.034731966324188,0.0005079043735955539,8.861
IND,India,2049,2020,baseline,5137.993381095514,3.02594011093452,27.1951456008549,0.0004977462861236429,8.861
IND,India,2049,2020,ndc,0.0,3.02594011093452,-75.66862176653515,0.0004977462861236429,8.861
IND,India,2049,2020,ambitious,4281.661150993463,3.02594011093452,11.290453006383132,0.0004977462861236429,8.861
IND,India,2050,2020,baseline,5223.214896219978,3.02594011093452,29.39242038614036,0.00048779136040116996,8.861
IND,India,2050,2020,ndc,0.0,3.02594011093452,-78.69456187746967,0.00048779136040116996,8.861
IND,India,2050,2020,ambitious,4352.679080265185,3.02594011093452,12.617191975713808,0.00048779136040116996,8.861
IRL,Ireland,2024,2050,baseline,34.48365068170219,0.011168082391470059,0.023315568290232125,6.119813703823833e-05,21.82
IRL,Ireland,2024,2050,ndc,34.48365068170219,0.011168082391470059,0.023315568290232125,6.119813703823833e-05,21.82
IRL,Ireland,2024,2050,ambitious,34.48365068170219,0.011168082391470059,0.023315568290232125,6.119813703823833e-05,21.82
IRL,Ireland,2025,2050,baseline,33.8420144211923,0.011168082391470059,0.04598950031995437,5.997417429747357e-05,21.82
IRL,Ireland,2025,2050,ndc,33.15735642471364,0.011168082391470059,0.0453048423234757,5.997417429747357e-05,21.82
IRL,Ireland,2025,2050,ambitious,32.19899975108937,0.011168082391470059,0.04434648564985144,5.997417429747357e-05,21.82
IRL,Ireland,2026,2050,baseline,33.20213126521932,0.011168082391470059,0.06802354919370365,5.87746908115241e-05,21.82
IRL,Ireland,2026,2050,ndc,31.831062167725097,0.011168082391470059,0.06596782209973076,5.87746908115241e-05,21.82
IRL,Ireland,2026,2050,ambitious,30.1275057037134,0.011168082391470059,0.06330590896209479,5.87746908115241e-05,21.82
IRL,Ireland,2027,2050,baseline,32.56224810924634,0.011168082391470059,0.08941771491147993,5.7599196995293615e-05,21.82
IRL,Ireland,2027,2050,ndc,30.50476791073655,0.011168082391470059,0.08530450761899724,5.7599196995293615e-05,21.82
IRL,Ireland,2027,2050,ambitious,28.23934989687292,0.011168082391470059,0.08037717646749765,5.7599196995293615e-05,21.82
IRL,Ireland,2028,2050,baseline,31.922364953273366,0.011168082391470059,0.11017199747328324,5.644721305538774e-05,21.82
IRL,Ireland,2028,2050,ndc,29.178473653748004,0.011168082391470059,0.10331489888127521,5.644721305538774e-05,21.82
IRL,Ireland,2028,2050,ambitious,26.511224164814127,0.011168082391470059,0.09572031824084173,5.644721305538774e-05,21.82
IRL,Ireland,2029,2050,baseline,31.28072869276347,0.011168082391470059,0.13028464377457666,5.531826879427999e-05,21.82
IRL,Ireland,2029,2050,ndc,27.85217939675946,0.011168082391470059,0.11999899588656461,5.531826879427999e-05,21.82
IRL,Ireland,2029,2050,ambitious,24.92221392434232,0.011168082391470059,0.109474449773714,5.531826879427999e-05,21.82
IRL,Ireland,2030,2050,baseline,30.64084553679049,0.011168082391470059,0.14975740691989708,5.421190341839439e-05,21.82
IRL,Ireland,2030,2050,ndc,26.52588513977091,0.011168082391470059,0.13535679863486547,5.421190341839439e-05,21.82
IRL,Ireland,2030,2050,ambitious,23.45869935568867,0.011168082391470059,0.12176506673793261,5.421190341839439e-05,21.82
IRL,Ireland,2031,2050,baseline,30.000962380817516,0.011168082391470059,0.16859028690924455,5.31276653500265e-05,21.82
IRL,Ireland,2031,2050,ndc,25.19959088278237,0.011168082391470059,0.1493883071261778,5.31276653500265e-05,21.82
IRL,Ireland,2031,2050,ambitious,22.96880339114305,0.011168082391470059,0.13356578773760558,5.31276653500265e-05,21.82
IRL,Ireland,2032,2050,baseline,29.361079224844534,0.011168082391470059,0.18678328374261904,5.206511204302597e-05,21.82
IRL,Ireland,2032,2050,ndc,23.87329662579382,0.011168082391470059,0.16209352136050154,5.206511204302597e-05,21.82
IRL,Ireland,2032,2050,ambitious,22.47890742659743,0.011168082391470059,0.14487661277273295,5.206511204302597e-05,21.82
IRL,Ireland,2033,2050,baseline,28.71944296433464,0.011168082391470059,0.20433464431548365,5.1023809802165445e-05,21.82
IRL,Ireland,2033,2050,ndc,22.547002368805277,0.011168082391470059,0.1734724413378368,5.1023809802165445e-05,21.82
IRL,Ireland,2033,2050,ambitious,21.987669281327026,0.011168082391470059,0.1556961996625899,5.1023809802165445e-05,21.82
IRL,Ireland,2034,2050,baseline,28.079559808361665,0.011168082391470059,0.22124612173237526,5.000333360612214e-05,21.82
IRL,Ireland,2034,2050,ndc,21.22070811181673,0.011168082391470059,0.18352506705818347,5.000333360612214e-05,21.82
IRL,Ireland,2034,2050,ambitious,21.49777331678141,0.011168082391470059,0.16602589058790126,5.000333360612214e-05,21.82
IRL,Ireland,2035,2050,baseline,27.439676652388684,0.011168082391470059,0.23751771599329388,4.900326693399969e-05,21.82
IRL,Ireland,2035,2050,ndc,19.894413854828183,0.011168082391470059,0.19225139852154163,4.900326693399969e-05,21.82
IRL,Ireland,2035,2050,ambitious,21.007877352235784,0.011168082391470059,0.17586568554866702,4.900326693399969e-05,21.82
IRL,Ireland,2036,2050,baseline,26.799793496415703,0.011168082391470059,0.2531494270982395,4.802320159531969e-05,21.82
IRL,Ireland,2036,2050,ndc,18.568119597839637,0.011168082391470059,0.19965143572791125,4.802320159531969e-05,21.82
IRL,Ireland,2036,2050,ambitious,20.517981387690163,0.011168082391470059,0.18521558454488715,4.802320159531969e-05,21.82
IRL,Ireland,2037,2050,baseline,26.158157235905815,0.011168082391470059,0.26813950194267533,4.70627375634133e-05,21.82
IRL,Ireland,2037,2050,ndc,17.241825340851094,0.011168082391470059,0.20572517867729231,4.70627375634133e-05,21.82
IRL,Ireland,2037,2050,ambitious,20.026743242419762,0.011168082391470059,0.19407424539583687,4.70627375634133e-05,21.82
IRL,Ireland,2038,2050,baseline,25.518274079932834,0.011168082391470059,0.2824896936311381,4.612148281214504e-05,21.82
IRL,Ireland,2038,2050,ndc,15.915531083862549,0.011168082391470059,0.21047262736968483,4.612148281214504e-05,21.82
IRL,Ireland,2038,2050,ambitious,19.536847277874138,0.011168082391470059,0.20244301028224096,4.612148281214504e-05,21.82
IRL,Ireland,2039,2050,baseline,24.87839092395986,0.011168082391470059,0.29620000216362796,4.519905315590213e-05,21.82
IRL,Ireland,2039,2050,ndc,14.589236826874004,0.011168082391470059,0.2138937818050888,4.519905315590213e-05,21.82
IRL,Ireland,2039,2050,ambitious,19.04695131332852,0.011168082391470059,0.21032187920409942,4.519905315590213e-05,21.82
IRL,Ireland,2040,2050,baseline,24.238507767986874,0.011168082391470059,0.3092704275401448,4.429507209278409e-05,21.82
IRL,Ireland,2040,2050,ndc,13.262942569885455,0.011168082391470059,0.21598864198350423,4.429507209278409e-05,21.82
IRL,Ireland,2040,2050,ambitious,18.557055348782896,0.011168082391470059,0.21771085216141225,4.429507209278409e-05,21.82
IRL,Ireland,2041,2050,baseline,23.596871507476983,0.011168082391470057,0.32169921665615175,4.3409170650928403e-05,21.82
IRL,Ireland,2041,2050,ndc,11.93664831289691,0.011168082391470057,0.2167572079049311,4.3409170650928403e-05,21.82
IRL,Ireland,2041,2050,ambitious,18.065817203512495,0.011168082391470057,0.22460858697345473,4.3409170650928403e-05,21.82
IRL,Ireland,2042,2050,baseline,22.95698835150401,0.011168082391470059,0.33348812261618577,4.254098723790984e-05,21.82
IRL,Ireland,2042,2050,ndc,10.610354055908365,0.011168082391470059,0.21619947956936944,4.254098723790984e-05,21.82
IRL,Ireland,2042,2050,ambitious,17.575921238966878,0.011168082391470059,0.23101642582095158,4.254098723790984e-05,21.82
IRL,Ireland,2043,2050,baseline,22.317105195531028,0.011168082391470059,0.3446371454202467,4.169016749315164e-05,21.82
IRL,Ireland,2043,2050,ndc,9.284059798919822,0.011168082391470059,0.21431545697681922,4.169016749315164e-05,21.82
IRL,Ireland,2043,2050,ambitious,17.086025274421253,0.011168082391470059,0.2369343687039028,4.169016749315164e-05,21.82
IRL,Ireland,2044,2050,baseline,21.67722203955805,0.011168082391470059,0.3551462850683347,4.0856364143288605e-05,21.82
IRL,Ireland,2044,2050,ndc,7.9577655419312725,0.011168082391470059,0.21110514012728046,4.0856364143288605e-05,21.82
IRL,Ireland,2044,2050,ambitious,16.596129309875636,0.011168082391470059,0.2423624156223084,4.0856364143288605e-05,21.82
IRL,Ireland,2045,2050,baseline,21.03558577904816,0.011168082391470059,0.3650137884559128,4.003923686042284e-05,21.82
IRL,Ireland,2045,2050,ndc,6.6314712849427275,0.011168082391470059,0.20656852902075315,4.003923686042284e-05,21.82
IRL,Ireland,2045,2050,ambitious,16.10489116460523,0.011168082391470059,0.24729922439544358,4.003923686042284e-05,21.82
IRL,Ireland,2046,2050,baseline,20.39570262307518,0.011168082391470059,0.37424140868751793,3.923845212321438e-05,21.82
IRL,Ireland,2046,2050,ndc,5.3051770279541826,0.011168082391470059,0.20070562365723726,3.923845212321438e-05,21.82
IRL,Ireland,2046,2050,ambitious,15.614995200059612,0.011168082391470059,0.2517461372040331,3.923845212321438e-05,21.82
IRL,Ireland,2047,2050,baseline,19.7558194671022,0.011168082391470059,0.38282914576315014,3.845368308075009e-05,21.82
IRL,Ireland,2047,2050,ndc,3.978882770965638,0.011168082391470059,0.19351642403673286,3.845368308075009e-05,21.82
IRL,Ireland,2047,2050,ambitious,15.12509923551399,0.011168082391470059,0.25570315404807703,3.845368308075009e-05,21.82
IRL,Ireland,2048,2050,baseline,19.115936311129218,0.011168082391470059,0.39077699968280927,3.768460941913509e-05,21.82
IRL,Ireland,2048,2050,ndc,2.6525885139770895,0.011168082391470059,0.1850009301592399,3.768460941913509e-05,21.82
IRL,Ireland,2048,2050,ambitious,14.635203270968367,0.011168082391470059,0.25917027492757533,3.768460941913509e-05,21.82
IRL,Ireland,2049,2050,baseline,18.47430005061933,0.011168082391470057,0.39808321734195856,3.693091723075239e-05,21.82
IRL,Ireland,2049,2050,ndc,1.3262942569885448,0.011168082391470057,0.1751591420247584,3.693091723075239e-05,21.82
IRL,Ireland,2049,2050,ambitious,14.143965125697965,0.011168082391470057,0.2621461576618032,3.693091723075239e-05,21.82
IRL,Ireland,2050,2050,baseline,17.83441689464635,0.011168082391470059,0.4047495518451349,3.619229888613733e-05,21.82
IRL,Ireland,2050,2050,ndc,0.0,0.011168082391470059,0.16399105963328836,3.619229888613733e-05,21.82
IRL,Ireland,2050,2050,ambitious,13.654069161152343,0.011168082391470059,0.26463214443148547,3.619229888613733e-05,21.82
IRN,"Iran, Islamic Rep.",2024,2050,baseline,847.8183446586648,0.1906559471626667,0.6571623974959981,0.00198089861565715,1.68
IRN,"Iran, Islamic Rep.",2024,2050,ndc,847.8183446586648,0.1906559471626667,0.6571623974959981,0.00198089861565715,1.68
IRN,"Iran, Islamic Rep.",2024,2050,ambitious,847.8183446586648,0.1906559471626667,0.6571623974959981,0.00198089861565715,1.68
IRN,"Iran, Islamic Rep.",2025,2050,baseline,871.7522841140761,0.19065594716266673,1.3382587344474075,0.0019412806433440066,1.68
IRN,"Iran, Islamic Rep.",2025,2050,ndc,815.2099467871777,0.19065594716266673,1.2817163971205092,0.0019412806433440066,1.68
IRN,"Iran, Islamic Rep.",2025,2050,ambitious,843.6312427072403,0.19065594716266673,1.3101376930405717,0.0019412806433440066,1.68
IRN,"Iran, Islamic Rep.",2026,2050,baseline,895.6208302922871,0.1906559471626667,2.043223617577028,0.0019024550304771266,1.68
IRN,"Iran, Islamic Rep.",2026,2050,ndc,782.6015489156906,0.1906559471626667,1.8736619988735335,0.0019024550304771266,1.68
IRN,"Iran, Islamic Rep.",2026,2050,ambitious,839.644528430256,0.1906559471626667,1.959126274308161,0.0019024550304771266,1.68
IRN,"Iran, Islamic Rep.",2027,2050,baseline,919.4893764704982,0.19065594716266673,2.7720570468848598,0.001864405929867584,1.68
IRN,"Iran, Islamic Rep.",2027,2050,ndc,749.9931510442035,0.19065594716266673,2.43299920275507,0.001864405929867584,1.68
IRN,"Iran, Islamic Rep.",2027,2050,ambitious,835.8994332002311,0.19065594716266673,2.604369760345725,0.001864405929867584,1.68
IRN,"Iran, Islamic Rep.",2028,2050,baseline,943.3579226487088,0.1906559471626667,3.5247590223709016,0.0018271178112702325,1.68
IRN,"Iran, Islamic Rep.",2028,2050,ndc,717.3847531727164,0.1906559471626667,2.95972800876512,0.0018271178112702325,1.68
IRN,"Iran, Islamic Rep.",2028,2050,ambitious,832.3746376895032,0.1906559471626667,3.2460884508725614,0.0018271178112702325,1.68
IRN,"Iran, Islamic Rep.",2029,2050,baseline,967.2918621041205,0.19065594716266673,4.301394937312356,0.0017905754550448278,1.68
IRN,"Iran, Islamic Rep.",2029,2050,ndc,684.7763553012293,0.19065594716266673,3.453848416903683,0.0017905754550448278,1.68
IRN,"Iran, Islamic Rep.",2029,2050,ambitious,829.1073104454628,0.19065594716266673,3.8845398141553575,0.0017905754550448278,1.68
IRN,"Iran, Islamic Rep.",2030,2050,baseline,991.1604082823316,0.19065594716266673,5.10189939843202,0.0017547639459439312,1.68
IRN,"Iran, Islamic Rep.",2030,2050,ndc,652.1679574297422,0.19065594716266673,3.915360427170758,0.0017547639459439312,1.68
IRN,"Iran, Islamic Rep.",2030,2050,ambitious,825.9670069838842,0.19065594716266673,4.519850873976575,0.0017547639459439312,1.68
IRN,"Iran, Islamic Rep.",2031,2050,baseline,1015.0289544605424,0.1906559471626667,5.926272405729896,0.0017196686670250525,1.68
IRN,"Iran, Islamic Rep.",2031,2050,ndc,619.5595595582552,0.1906559471626667,4.3442640395663465,0.0017196686670250525,1.68
IRN,"Iran, Islamic Rep.",2031,2050,ambitious,845.8574621343665,0.1906559471626667,5.1750523889482745,0.0017196686670250525,1.68
IRN,"Iran, Islamic Rep.",2032,2050,baseline,1038.8975006387532,0.19065594716266673,6.774513959205983,0.0016852752936845515,1.68
IRN,"Iran, Islamic Rep.",2032,2050,ndc,586.9511616867679,0.19065594716266673,4.7405592540904475,0.0016852752936845515,1.68
IRN,"Iran, Islamic Rep.",2032,2050,ambitious,865.7479172848488,0.19065594716266673,5.850144359070457,0.0016852752936845515,1.68
IRN,"Iran, Islamic Rep.",2033,2050,baseline,1062.831440094165,0.1906559471626667,7.646689452137481,0.0016515697878108603,1.68
IRN,"Iran, Islamic Rep.",2033,2050,ndc,554.3427638152808,0.1906559471626667,5.104246070743062,0.0016515697878108603,1.68
IRN,"Iran, Islamic Rep.",2033,2050,ambitious,885.6928668330039,0.1906559471626667,6.545181278740794,0.0016515697878108603,1.68
IRN,"Iran, Islamic Rep.",2034,2050,baseline,1086.6999862723758,0.1906559471626667,8.542733491247189,0.0016185383920546432,1.68
IRN,"Iran, Islamic Rep.",2034,2050,ndc,521.7343659437938,0.1906559471626667,5.435324489524189,0.0016185383920546432,1.68
IRN,"Iran, Islamic Rep.",2034,2050,ambitious,905.5833219834861,0.1906559471626667,7.260108653561614,0.0016185383920546432,1.68
IRN,"Iran, Islamic Rep.",2035,2050,baseline,1110.5685324505866,0.19065594716266673,9.46264607653511,0.00158616762421355,1.68
IRN,"Iran, Islamic Rep.",2035,2050,ndc,489.1259680723066,0.19065594716266673,5.73379451043383,0.00158616762421355,1.68
IRN,"Iran, Islamic Rep.",2035,2050,ambitious,925.4737771339685,0.19065594716266673,7.994926483532916,0.00158616762421355,1.68
IRN,"Iran, Islamic Rep.",2036,2050,baseline,1134.4370786287975,0.19065594716266673,10.40642720800124,0.0015544442717292791,1.68
IRN,"Iran, Islamic Rep.",2036,2050,ndc,456.51757020081953,0.19065594716266673,5.999656133471983,0.0015544442717292791,1.68
IRN,"Iran, Islamic Rep.",2036,2050,ambitious,945.3642322844507,0.19065594716266673,8.749634768654701,0.0015544442717292791,1.68
IRN,"Iran, Islamic Rep.",2037,2050,baseline,1158.371018084209,0.19065594716266673,11.374142278922783,0.0015233553862946934,1.68
IRN,"Iran, Islamic Rep.",2037,2050,ndc,423.9091723293324,0.19065594716266673,6.232909358638649,0.0015233553862946934,1.68
IRN,"Iran, Islamic Rep.",2037,2050,ambitious,965.3091818326058,0.19065594716266673,9.524288003324639,0.0015233553862946934,1.68
IRN,"Iran, Islamic Rep.",2038,2050,baseline,1182.23956426242,0.19065594716266673,12.365725896022536,0.0014928882785687997,1.68
IRN,"Iran, Islamic Rep.",2038,2050,ndc,391.3007744578453,0.19065594716266673,6.433554185933827,0.0014928882785687997,1.68
IRN,"Iran, Islamic Rep.",2038,2050,ambitious,985.199636983088,0.19065594716266673,10.31883169314506,0.0014928882785687997,1.68
IRN,"Iran, Islamic Rep.",2039,2050,baseline,1206.1081104406308,0.1906559471626667,13.3811780593005,0.0014630305129974236,1.68
IRN,"Iran, Islamic Rep.",2039,2050,ndc,358.69237658635825,0.1906559471626667,6.6015906153575195,0.0014630305129974236,1.68
IRN,"Iran, Islamic Rep.",2039,2050,ambitious,1005.0900921335704,0.1906559471626667,11.133265838115966,0.0014630305129974236,1.68
IRN,"Iran, Islamic Rep.",2040,2050,baseline,1229.9766566188418,0.19065594716266673,14.420498768756676,0.0014337699027374752,1.68
IRN,"Iran, Islamic Rep.",2040,2050,ndc,326.0839787148711,0.19065594716266673,6.737018646909724,0.0014337699027374752,1.68
IRN,"Iran, Islamic Rep.",2040,2050,ambitious,1024.9805472840528,0.19065594716266673,11.967590438237352,0.0014337699027374752,1.68
IRN,"Iran, Islamic Rep.",2041,2050,baseline,1253.9105960742534,0.1906559471626667,15.483753417668261,0.0014050945046827255,1.68
IRN,"Iran, Islamic Rep.",2041,2050,ndc,293.47558084338397,0.1906559471626667,6.839838280590442,0.0014050945046827255,1.68
IRN,"Iran, Islamic Rep.",2041,2050,ambitious,1044.9254968322077,0.1906559471626667,12.82185998790689,0.0014050945046827255,1.68
IRN,"Iran, Islamic Rep.",2042,2050,baseline,1277.779142252464,0.1906559471626667,16.570876612758056,0.0013769926145890709,1.68
IRN,"Iran, Islamic Rep.",2042,2050,ndc,260.8671829718969,0.1906559471626667,6.910049516399672,0.0013769926145890709,1.68
IRN,"Iran, Islamic Rep.",2042,2050,ambitious,1064.81595198269,0.1906559471626667,13.696019992726916,0.0013769926145890709,1.68
IRN,"Iran, Islamic Rep.",2043,2050,baseline,1301.647688430675,0.1906559471626667,17.68186835402607,0.0013494527622972896,1.68
IRN,"Iran, Islamic Rep.",2043,2050,ndc,228.2587851004098,0.1906559471626667,6.947652354337416,0.0013494527622972896,1.68
IRN,"Iran, Islamic Rep.",2043,2050,ambitious,1084.7064071331724,0.1906559471626667,14.590070452697422,0.0013494527622972896,1.68
IRN,"Iran, Islamic Rep.",2044,2050,baseline,1325.516234608886,0.1906559471626667,18.816728641472288,0.0013224637070513438,1.68
IRN,"Iran, Islamic Rep.",2044,2050,ndc,195.65038722892263,0.1906559471626667,6.952646794403672,0.0013224637070513438,1.68
IRN,"Iran, Islamic Rep.",2044,2050,ambitious,1104.5968622836547,0.1906559471626667,15.504011367818407,0.0013224637070513438,1.68
IRN,"Iran, Islamic Rep.",2045,2050,baseline,1349.4501740642975,0.1906559471626667,19.975522868373922,0.0012960144329103168,1.68
IRN,"Iran, Islamic Rep.",2045,2050,ndc,163.04198935743554,0.1906559471626667,6.92503283659844,0.0012960144329103168,1.68
IRN,"Iran, Islamic Rep.",2045,2050,ambitious,1124.5418118318096,0.1906559471626667,16.43789723248755,0.0012960144329103168,1.68
IRN,"Iran, Islamic Rep.",2046,2050,baseline,1373.3187202425083,0.19065594716266673,21.158185641453763,0.0012700941442521105,1.68
IRN,"Iran, Islamic Rep.",2046,2050,ndc,130.43359148594845,0.19065594716266673,6.864810480921721,0.0012700941442521105,1.68
IRN,"Iran, Islamic Rep.",2046,2050,ambitious,1144.432266982292,0.19065594716266673,17.391673552307175,0.0012700941442521105,1.68
IRN,"Iran, Islamic Rep.",2047,2050,baseline,1397.1872664207192,0.19065594716266673,22.364716960711814,0.0012446922613670683,1.68
IRN,"Iran, Islamic Rep.",2047,2050,ndc,97.82519361446136,0.19065594716266673,6.771979727373516,0.0012446922613670683,1.68
IRN,"Iran, Islamic Rep.",2047,2050,ambitious,1164.3227221327743,0.19065594716266673,18.36534032727728,0.0012446922613670683,1.68
IRN,"Iran, Islamic Rep.",2048,2050,baseline,1421.05581259893,0.1906559471626667,23.595116826148075,0.0012197984161397269,1.68
IRN,"Iran, Islamic Rep.",2048,2050,ndc,65.21679574297417,0.1906559471626667,6.646540575953824,0.0012197984161397269,1.68
IRN,"Iran, Islamic Rep.",2048,2050,ambitious,1184.2131772832565,0.1906559471626667,19.35889755739787,0.0012197984161397269,1.68
IRN,"Iran, Islamic Rep.",2049,2050,baseline,1444.9897520543418,0.1906559471626667,24.84945063103975,0.0011954024478169323,1.68
IRN,"Iran, Islamic Rep.",2049,2050,ndc,32.608397871487085,0.1906559471626667,6.488493026662644,0.0011954024478169323,1.68
IRN,"Iran, Islamic Rep.",2049,2050,ambitious,1204.1581268314117,0.1906559471626667,20.372399737066615,0.0011954024478169323,1.68
IRN,"Iran, Islamic Rep.",2050,2050,baseline,1468.8582982325527,0.1906559471626667,26.127652982109637,0.0011714943988605936,1.68
IRN,"Iran, Islamic Rep.",2050,2050,ndc,0.0,0.1906559471626667,6.297837079499977,0.0011714943988605936,1.68
IRN,"Iran, Islamic Rep.",2050,2050,ambitious,1224.0485819818941,0.1906559471626667,21.405792371885845,0.0011714943988605936,1.68
IRQ,Iraq,2024,2050,baseline,181.84169302022786,0.09484337420852336,0.08699831881170451,0.000643142530657872,0.598
IRQ,Iraq,2024,2050,ndc,181.84169302022786,0.09484337420852336,0.08699831881170451,0.000643142530657872,0.598
IRQ,Iraq,2024,2050,ambitious,181.84169302022786,0.09484337420852336,0.08699831881170451,0.000643142530657872,0.598
IRQ,Iraq,2025,2050,baseline,184.8245471939144,0.09484337420852336,0.17697949179709557,0.0006302796800447145,0.598
IRQ,Iraq,2025,2050,ndc,174.8477817502191,0.09484337420852336,0.16700272635340027,0.0006302796800447145,0.598
IRQ,Iraq,2025,2050,ambitious,178.8624650360172,0.09484337420852336,0.1710174096391984,0.0006302796800447145,0.598
IRQ,Iraq,2026,2050,baseline,187.7992514928095,0.09484337420852336,0.2699353690813817,0.0006176740864438202,0.598
IRQ,Iraq,2026,2050,ndc,167.85387048021033,0.09484337420852336,0.24001322262508729,0.0006176740864438202,0.598
IRQ,Iraq,2026,2050,ambitious,176.06179829291003,0.09484337420852336,0.25223583372358505,0.0006176740864438202,0.598
IRQ,Iraq,2027,2050,baseline,190.77395579170465,0.09484337420852336,0.365865950664563,0.0006053206047149438,0.598
IRQ,Iraq,2027,2050,ndc,160.85995921020157,0.09484337420852336,0.3060298076267655,0.0006053206047149438,0.598
IRQ,Iraq,2027,2050,ambitious,173.430868927915,0.09484337420852336,0.3308233284429766,0.0006053206047149438,0.598
IRQ,Iraq,2028,2050,baseline,193.7486600905997,0.09484337420852336,0.4647712365466393,0.0005932141926206449,0.598
IRQ,Iraq,2028,2050,ndc,153.8660479401928,0.09484337420852336,0.36505248135843493,0.0005932141926206449,0.598
IRQ,Iraq,2028,2050,ambitious,170.95470011357355,0.09484337420852336,0.4069346543480269,0.0005932141926206449,0.598
IRQ,Iraq,2029,2050,baseline,196.73151426428632,0.09484337420852336,0.5666593766024022,0.0005813499087682321,0.598
IRQ,Iraq,2029,2050,ndc,146.87213667018403,0.09484337420852336,0.4170812438200956,0.0005813499087682321,0.598
IRQ,Iraq,2029,2050,ambitious,168.6270122668147,0.09484337420852336,0.48071829240631825,0.0005813499087682321,0.598
IRQ,Iraq,2030,2050,baseline,199.70621856318144,0.09484337420852336,0.6715222209570603,0.0005697229105928674,0.598
IRQ,Iraq,2030,2050,ndc,139.87822540017527,0.09484337420852336,0.46211609501174744,0.0005697229105928674,0.598
IRQ,Iraq,2030,2050,ambitious,166.4218488490341,0.09484337420852336,0.552296767046829,0.0005697229105928674,0.598
IRQ,Iraq,2031,2050,baseline,202.68092286207653,0.09484337420852336,0.7793597696106134,0.00055832845238101,0.598
IRQ,Iraq,2031,2050,ndc,132.88431413016653,0.09484337420852336,0.5001570349333906,0.00055832845238101,0.598
IRQ,Iraq,2031,2050,ambitious,168.9007690988042,0.09484337420852336,0.6263541619371098,0.00055832845238101,0.598
IRQ,Iraq,2032,2050,baseline,205.65562716097162,0.09484337420852336,0.8901720225630615,0.0005471618833333898,0.598
IRQ,Iraq,2032,2050,ndc,125.89040286015775,0.09484337420852336,0.5312040635850249,0.0005471618833333898,0.598
IRQ,Iraq,2032,2050,ambitious,171.37968934857435,0.09484337420852336,0.7028904770771608,0.0005471618833333898,0.598
IRQ,Iraq,2033,2050,baseline,208.63848133465822,0.09484337420852336,1.0039671296891963,0.000536218645666722,0.598
IRQ,Iraq,2033,2050,ndc,118.89649159014898,0.09484337420852336,0.5552571809666504,0.000536218645666722,0.598
IRQ,Iraq,2033,2050,ambitious,173.86540116067263,0.09484337420852336,0.78191250402931,0.000536218645666722,0.598
IRQ,Iraq,2034,2050,baseline,211.6131856335533,0.09484337420852337,1.1207369411142265,0.0005254942727533876,0.598
IRQ,Iraq,2034,2050,ndc,111.90258032014023,0.09484337420852337,0.5723163870782675,0.0005254942727533876,0.598
IRQ,Iraq,2034,2050,ambitious,176.34432141044275,0.09484337420852337,0.8634134512312295,0.0005254942727533876,0.598
IRQ,Iraq,2035,2050,baseline,214.58788993244843,0.09484337420852337,1.2404814568381517,0.0005149843872983198,0.598
IRQ,Iraq,2035,2050,ndc,104.90866905013145,0.09484337420852337,0.5823816819198757,0.0005149843872983198,0.598
IRQ,Iraq,2035,2050,ambitious,178.82324166021294,0.09484337420852337,0.9473933186829191,0.0005149843872983198,0.598
IRQ,Iraq,2036,2050,baseline,217.5625942313435,0.09484337420852337,1.3632006768609721,0.0005046846995523534,0.598
IRQ,Iraq,2036,2050,ndc,97.9147577801227,0.09484337420852337,0.5854530654914751,0.0005046846995523534,0.598
IRQ,Iraq,2036,2050,ambitious,181.30216190998303,0.09484337420852337,1.0338521063843786,0.0005046846995523534,0.598
IRQ,Iraq,2037,2050,baseline,220.5454484050301,0.09484337420852336,1.4889027510574788,0.0004945910055613063,0.598
IRQ,Iraq,2037,2050,ndc,90.92084651011393,0.09484337420852336,0.5815305377930657,0.0004945910055613063,0.598
IRQ,Iraq,2037,2050,ambitious,183.78787372208134,0.09484337420852336,1.1227966058979368,0.0004945910055613063,0.598
IRQ,Iraq,2038,2050,baseline,223.52015270392522,0.09484337420852336,1.6175795295528808,0.0004846991854500802,0.598
IRQ,Iraq,2038,2050,ndc,83.92693524010517,0.09484337420852336,0.5706140988246475,0.0004846991854500802,0.598
IRQ,Iraq,2038,2050,ambitious,186.26679397185148,0.09484337420852336,1.2142200256612652,0.0004846991854500802,0.598
IRQ,Iraq,2039,2050,baseline,226.4948570028203,0.09484337420852336,1.749231012347178,0.00047500520174107856,0.598
IRQ,Iraq,2039,2050,ndc,76.93302397009641,0.09484337420852336,0.5527037485862207,0.00047500520174107856,0.598
IRQ,Iraq,2039,2050,ambitious,188.74571422162163,0.09484337420852336,1.3081223656743637,0.00047500520174107856,0.598
IRQ,Iraq,2040,2050,baseline,229.4695613017154,0.09484337420852336,1.88385719944037,0.000465505097706257,0.598
IRQ,Iraq,2040,2050,ndc,69.93911270008763,0.09484337420852336,0.5277994870777851,0.000465505097706257,0.598
IRQ,Iraq,2040,2050,ambitious,191.22463447139177,0.09484337420852336,1.4045036259372323,0.000465505097706257,0.598
IRQ,Iraq,2041,2050,baseline,232.452415475402,0.09484337420852335,2.0214662407072486,0.00045619499575213183,0.598
IRQ,Iraq,2041,2050,ndc,62.945201430078875,0.09484337420852335,0.4959013142993407,0.00045619499575213183,0.598
IRQ,Iraq,2041,2050,ambitious,193.71034628349005,0.09484337420852335,1.5033705980121992,0.00045619499575213183,0.598
IRQ,Iraq,2042,2050,baseline,235.42711977429713,0.09484337420852336,2.1620499862730225,0.0004470710958370892,0.598
IRQ,Iraq,2042,2050,ndc,55.951290160070116,0.09484337420852336,0.45700923025088747,0.0004470710958370892,0.598
IRQ,Iraq,2042,2050,ambitious,196.1892665332602,0.09484337420852336,1.6047164903369362,0.0004470710958370892,0.598
IRQ,Iraq,2043,2050,baseline,238.40182407319222,0.09484337420852336,2.3056084361376916,0.0004381296739203474,0.598
IRQ,Iraq,2043,2050,ndc,48.95737889006136,0.09484337420852336,0.4111232349324254,0.0004381296739203474,0.598
IRQ,Iraq,2043,2050,ambitious,198.66818678303034,0.09484337420852336,1.7085413029114433,0.0004381296739203474,0.598
IRQ,Iraq,2044,2050,baseline,241.37652837208728,0.09484337420852336,2.4521415903012556,0.00042936708044194043,0.598
IRQ,Iraq,2044,2050,ndc,41.963467620052576,0.09484337420852336,0.35824332834395456,0.00042936708044194043,0.598
IRQ,Iraq,2044,2050,ambitious,201.14710703280045,0.09484337420852336,1.8148450357357206,0.00042936708044194043,0.598
IRQ,Iraq,2045,2050,baseline,244.35938254577388,0.09484337420852336,2.601657598638506,0.0004207797388331016,0.598
IRQ,Iraq,2045,2050,ndc,34.96955635004382,0.09484337420852336,0.2983695104854749,0.0004207797388331016,0.598
IRQ,Iraq,2045,2050,ambitious,203.63281884489874,0.09484337420852336,1.9236344803720957,0.0004207797388331016,0.598
IRQ,Iraq,2046,2050,baseline,247.334086844669,0.09484337420852336,2.7541483112746517,0.0004123641440564396,0.598
IRQ,Iraq,2046,2050,ndc,27.975645080035058,0.09484337420852336,0.23150178135698685,0.0004123641440564396,0.598
IRQ,Iraq,2046,2050,ambitious,206.1117390946689,0.09484337420852336,2.0349028452582414,0.0004123641440564396,0.598
IRQ,Iraq,2047,2050,baseline,250.3087911435641,0.09484337420852336,2.9096137282096928,0.00040411686117531085,0.598
IRQ,Iraq,2047,2050,ndc,20.9817338100263,0.09484337420852336,0.15764014095849,0.00040411686117531085,0.598
IRQ,Iraq,2047,2050,ambitious,208.59065934443902,0.09484337420852336,2.1486501303941568,0.00040411686117531085,0.598
IRQ,Iraq,2048,2050,baseline,253.28349544245918,0.09484337420852336,3.0680538494436287,0.0003960345239518046,0.598
IRQ,Iraq,2048,2050,ndc,13.987822540017518,0.09484337420852336,0.07678458928998433,0.0003960345239518046,0.598
IRQ,Iraq,2048,2050,ambitious,211.06957959420916,0.09484337420852336,2.2648763357798427,0.0003960345239518046,0.598
IRQ,Iraq,2049,2050,baseline,256.2663496161458,0.09484337420852335,3.2294768248512513,0.0003881138334727685,0.598
IRQ,Iraq,2049,2050,ndc,6.993911270008759,0.09484337420852335,-0.011064873648530149,0.0003881138334727685,0.598
IRQ,Iraq,2049,2050,ambitious,213.55529140630748,0.09484337420852335,2.383588252977627,0.0003881138334727685,0.598
IRQ,Iraq,2050,2050,baseline,259.2410539150409,0.09484337420852336,3.3938745045577687,0.00038035155680331306,0.598
IRQ,Iraq,2050,2050,ndc,0.0,0.09484337420852336,-0.10590824785705344,0.00038035155680331306,0.598
IRQ,Iraq,2050,2050,ambitious,216.0342116560776,0.09484337420852336,2.5047790904251808,0.00038035155680331306,0.598
ISL,Iceland,2024,2020,baseline,3.6304543697347285,0.0008276724019523619,0.0028027819677823667,0.000117217784541578,81.843
ISL,Iceland,2024,2020,ndc,3.6304543697347285,0.0008276724019523619,0.0028027819677823667,0.000117217784541578,81.843
ISL,Iceland,2024,2020,ambitious,3.6304543697347285,0.0008276724019523619,0.0028027819677823667,0.000117217784541578,81.843
ISL,Iceland,2025,2020,baseline,3.644420225798623,0.0008276724019523619,0.005619529791628628,0.00011487342885074643,81.843
ISL,Iceland,2025,2020,ndc,0.0,0.0008276724019523619,0.0019751095658300044,0.00011487342885074643,81.843
ISL,Iceland,2025,2020,ambitious,3.573194710475403,0.0008276724019523619,0.005548304276305408,0.00011487342885074643,81.843
ISL,Iceland,2026,2020,baseline,3.6583479237858403,0.0008276724019523619,0.008450205313462106,0.00011257596027373149,81.843
ISL,Iceland,2026,2020,ndc,0.0,0.0008276724019523619,0.0011474371638776426,0.00011257596027373149,81.843
ISL,Iceland,2026,2020,ambitious,3.5868502094831,0.0008276724019523619,0.008307482083836146,0.00011257596027373149,81.843
ISL,Iceland,2027,2020,baseline,3.672275621773058,0.0008276724019523619,0.011294808533282802,0.00011032444106825687,81.843
ISL,Iceland,2027,2020,ndc,0.0,0.0008276724019523619,0.00031976476192528084,0.00011032444106825687,81.843
ISL,Iceland,2027,2020,ambitious,3.600505708490797,0.0008276724019523619,0.011080315390374582,0.00011032444106825687,81.843
ISL,Iceland,2028,2020,baseline,3.6862033197602755,0.0008276724019523619,0.014153339451090714,0.00010811795224689173,81.843
ISL,Iceland,2028,2020,ndc,0.0,0.0008276724019523619,-0.0005079076400270814,0.00010811795224689173,81.843
ISL,Iceland,2028,2020,ambitious,3.614161207498494,0.0008276724019523619,0.013866804195920714,0.00010811795224689173,81.843
ISL,Iceland,2029,2020,baseline,3.70016917582417,0.0008276724019523619,0.017025836224962523,0.00010595559320195389,81.843
ISL,Iceland,2029,2020,ndc,0.0,0.0008276724019523619,-0.0013355800419794432,0.00010595559320195389,81.843
ISL,Iceland,2029,2020,ambitious,3.6278541188322397,0.0008276724019523619,0.01666698591280059,0.00010595559320195389,81.843
ISL,Iceland,2030,2020,baseline,3.7140968738113878,0.0008276724019523619,0.01991226069682155,0.00010383648133791481,81.843
ISL,Iceland,2030,2020,ndc,0.0,0.0008276724019523619,-0.002163252443931805,0.00010383648133791481,81.843
ISL,Iceland,2030,2020,ambitious,3.641509617839937,0.0008276724019523619,0.019480823128688166,0.00010383648133791481,81.843
ISL,Iceland,2031,2020,baseline,3.728024571798605,0.0008276724019523619,0.022812612866667793,0.00010175975171115651,81.843
ISL,Iceland,2031,2020,ndc,0.0,0.0008276724019523619,-0.002990924845884167,0.00010175975171115651,81.843
ISL,Iceland,2031,2020,ambitious,3.655165116847634,0.0008276724019523619,0.022308315843583438,0.00010175975171115651,81.843
ISL,Iceland,2032,2020,baseline,3.741952269785822,0.0008276724019523619,0.025726892734501253,9.972455667693339e-05,81.843
ISL,Iceland,2032,2020,ndc,0.0,0.0008276724019523619,-0.0038185972478365286,9.972455667693339e-05,81.843
ISL,Iceland,2032,2020,ambitious,3.6688206158553305,0.0008276724019523619,0.025149464057486408,9.972455667693339e-05,81.843
ISL,Iceland,2033,2020,baseline,3.7559181258497167,0.0008276724019523619,0.028655138458398607,9.77300655433947e-05,81.843
ISL,Iceland,2033,2020,ndc,0.0,0.0008276724019523619,-0.004646269649788891,9.77300655433947e-05,81.843
ISL,Iceland,2033,2020,ambitious,3.682513527189076,0.0008276724019523619,0.02800430518272312,9.77300655433947e-05,81.843
ISL,Iceland,2034,2020,baseline,3.7698458238369343,0.0008276724019523619,0.03159731188028318,9.577546423252682e-05,81.843
ISL,Iceland,2034,2020,ndc,0.0,0.0008276724019523619,-0.005473942051741253,9.577546423252682e-05,81.843
ISL,Iceland,2034,2020,ambitious,3.6961690261967735,0.0008276724019523619,0.030872801806967533,9.577546423252682e-05,81.843
ISL,Iceland,2035,2020,baseline,3.783773521824152,0.0008276724019523619,0.03455341300015497,9.385995494787628e-05,81.843
ISL,Iceland,2035,2020,ndc,0.0,0.0008276724019523619,-0.0063016144536936144,9.385995494787628e-05,81.843
ISL,Iceland,2035,2020,ambitious,3.7098245252044704,0.0008276724019523619,0.03375495393021964,9.385995494787628e-05,81.843
ISL,Iceland,2036,2020,baseline,3.797701219811369,0.0008276724019523619,0.03752344181801398,9.198275584891875e-05,81.843
ISL,Iceland,2036,2020,ndc,0.0,0.0008276724019523619,-0.007129286855645976,9.198275584891875e-05,81.843
ISL,Iceland,2036,2020,ambitious,3.7234800242121673,0.0008276724019523619,0.03665076155247945,9.198275584891875e-05,81.843
ISL,Iceland,2037,2020,baseline,3.811667075875264,0.0008276724019523619,0.04050743649193688,9.014310073194037e-05,81.843
ISL,Iceland,2037,2020,ndc,0.0,0.0008276724019523619,-0.007956959257598338,9.014310073194037e-05,81.843
ISL,Iceland,2037,2020,ambitious,3.7371729355459133,0.0008276724019523619,0.039560262086073,9.014310073194037e-05,81.843
ISL,Iceland,2038,2020,baseline,3.8255947738624814,0.0008276724019523619,0.043505358863847,8.834023871730157e-05,81.843
ISL,Iceland,2038,2020,ndc,0.0,0.0008276724019523619,-0.0087846316595507,8.834023871730157e-05,81.843
ISL,Iceland,2038,2020,ambitious,3.7508284345536103,0.0008276724019523619,0.04248341811867425,8.834023871730157e-05,81.843
ISL,Iceland,2039,2020,baseline,3.8395224718496985,0.0008276724019523619,0.046517208933744336,8.657343394295553e-05,81.843
ISL,Iceland,2039,2020,ndc,0.0,0.0008276724019523619,-0.009612304061503062,8.657343394295553e-05,81.843
ISL,Iceland,2039,2020,ambitious,3.7644839335613067,0.0008276724019523619,0.045420229650283195,8.657343394295553e-05,81.843
ISL,Iceland,2040,2020,baseline,3.853450169836916,0.0008276724019523619,0.04954298670162889,8.484196526409642e-05,81.843
ISL,Iceland,2040,2020,ndc,0.0,0.0008276724019523619,-0.010439976463455423,8.484196526409642e-05,81.843
ISL,Iceland,2040,2020,ambitious,3.778139432569004,0.0008276724019523619,0.048370696680899834,8.484196526409642e-05,81.843
ISL,Iceland,2041,2020,baseline,3.8674160259008104,0.0008276724019523619,0.05258273032557734,8.314512595881448e-05,81.843
ISL,Iceland,2041,2020,ndc,0.0,0.0008276724019523619,-0.011267648865407785,8.314512595881448e-05,81.843
ISL,Iceland,2041,2020,ambitious,3.7918323439027493,0.0008276724019523619,0.05133485662285023,8.314512595881448e-05,81.843
ISL,Iceland,2042,2020,baseline,3.8813437238880284,0.0008276724019523619,0.055636401647513004,8.148222343963819e-05,81.843
ISL,Iceland,2042,2020,ndc,0.0,0.0008276724019523619,-0.012095321267360149,8.148222343963819e-05,81.843
ISL,Iceland,2042,2020,ambitious,3.805487842910447,0.0008276724019523619,0.05431267206380831,8.148222343963819e-05,81.843
ISL,Iceland,2043,2020,baseline,3.8952714218752456,0.0008276724019523619,0.05870400066743589,7.985257897084544e-05,81.843
ISL,Iceland,2043,2020,ndc,0.0,0.0008276724019523619,-0.01292299366931251,7.985257897084544e-05,81.843
ISL,Iceland,2043,2020,ambitious,3.8191433419181435,0.0008276724019523619,0.057304143003774094,7.985257897084544e-05,81.843
ISL,Iceland,2044,2020,baseline,3.9091991198624627,0.0008276724019523619,0.061785527385346,7.825552739142852e-05,81.843
ISL,Iceland,2044,2020,ndc,0.0,0.0008276724019523619,-0.013750666071264872,7.825552739142852e-05,81.843
ISL,Iceland,2044,2020,ambitious,3.8327988409258404,0.0008276724019523619,0.06030926944274757,7.825552739142852e-05,81.843
ISL,Iceland,2045,2020,baseline,3.923164975926358,0.0008276724019523619,0.06488101995932,7.669041684359995e-05,81.843
ISL,Iceland,2045,2020,ndc,0.0,0.0008276724019523619,-0.014578338473217234,7.669041684359995e-05,81.843
ISL,Iceland,2045,2020,ambitious,3.8464917522595865,0.0008276724019523619,0.0633280887930548,7.669041684359995e-05,81.843
ISL,Iceland,2046,2020,baseline,3.937092673913575,0.0008276724019523619,0.06799044023128122,7.515660850672795e-05,81.843
ISL,Iceland,2046,2020,ndc,0.0,0.0008276724019523619,-0.015406010875169596,7.515660850672795e-05,81.843
ISL,Iceland,2046,2020,ambitious,3.8601472512672834,0.0008276724019523619,0.06636056364236971,7.515660850672795e-05,81.843
ISL,Iceland,2047,2020,baseline,3.951020371900792,0.0008276724019523619,0.07111378820122964,7.36534763365934e-05,81.843
ISL,Iceland,2047,2020,ndc,0.0,0.0008276724019523619,-0.01623368327712196,7.36534763365934e-05,81.843
ISL,Iceland,2047,2020,ambitious,3.87380275027498,0.0008276724019523619,0.06940669399069233,7.36534763365934e-05,81.843
ISL,Iceland,2048,2020,baseline,3.96494806988801,0.0008276724019523619,0.07425106386916529,7.218040680986152e-05,81.843
ISL,Iceland,2048,2020,ndc,0.0,0.0008276724019523619,-0.01706135567907432,7.218040680986152e-05,81.843
ISL,Iceland,2048,2020,ambitious,3.8874582492826777,0.0008276724019523619,0.07246647983802264,7.218040680986152e-05,81.843
ISL,Iceland,2049,2020,baseline,3.978913925951904,0.0008276724019523619,0.07740230539316482,7.07367986736643e-05,81.843
ISL,Iceland,2049,2020,ndc,0.0,0.0008276724019523619,-0.017889028081026683,7.07367986736643e-05,81.843
ISL,Iceland,2049,2020,ambitious,3.9011511606164224,0.0008276724019523619,0.0755399585966867,7.07367986736643e-05,81.843
ISL,Iceland,2050,2020,baseline,3.992841623939122,0.0008276724019523617,0.08056747461515158,6.9322062700191e-05,81.843
ISL,Iceland,2050,2020,ndc,0.0,0.0008276724019523617,-0.018716700482979045,6.9322062700191e-05,81.843
ISL,Iceland,2050,2020,ambitious,3.91480665962412,0.0008276724019523617,0.07862709285435847,6.9322062700191e-05,81.843
ISR,Israel,2024,2020,baseline,58.979385028299276,0.02072395121591465,0.03825543381238462,0.00011382461628279,7.83
ISR,Israel,2024,2020,ndc,58.979385028299276,0.02072395121591465,0.03825543381238462,0.00011382461628279,7.83
ISR,Israel,2024,2020,ambitious,58.979385028299276,0.02072395121591465,0.03825543381238462,0.00011382461628279,7.83
ISR,Israel,2025,2020,baseline,58.804776598481816,0.02072395121591465,0.0763362591949518,0.0001115481239571342,7.83
ISR,Israel,2025,2020,ndc,0.0,0.02072395121591465,0.01753148259646997,0.0001115481239571342,7.83
ISR,Israel,2025,2020,ambitious,56.90784832134589,0.02072395121591465,0.07443933091781586,0.0001115481239571342,7.83
ISR,Israel,2026,2020,baseline,58.630645240876966,0.02072395121591465,0.11424295321991411,0.00010931716147799151,7.83
ISR,Israel,2026,2020,ndc,0.0,0.02072395121591465,-0.00319246861944468,0.00010931716147799151,7.83
ISR,Israel,2026,2020,ambitious,54.966229913760905,0.02072395121591465,0.1086816096156621,0.00010931716147799151,7.83
ISR,Israel,2027,2020,baseline,58.456513883272116,0.02072395121591465,0.15197551588727157,0.00010713081824843167,7.83
ISR,Israel,2027,2020,ndc,0.0,0.02072395121591465,-0.02391641983535933,0.00010713081824843167,7.83
ISR,Israel,2027,2020,ambitious,53.142285349046205,0.02072395121591465,0.14109994374879364,0.00010713081824843167,7.83
ISR,Israel,2028,2020,baseline,58.28238252566727,0.02072395121591465,0.1895339471970242,0.00010498820188346305,7.83
ISR,Israel,2028,2020,ndc,0.0,0.02072395121591465,-0.04464037105127398,0.00010498820188346305,7.83
ISR,Israel,2028,2020,ambitious,51.42563164106733,0.02072395121591465,0.17180162417394634,0.00010498820188346305,7.83
ISR,Israel,2029,2020,baseline,58.107774095849805,0.02072395121591465,0.22691777007695937,0.00010288843784579378,7.83
ISR,Israel,2029,2020,ndc,0.0,0.02072395121591465,-0.06536432226718863,0.00010288843784579378,7.83
ISR,Israel,2029,2020,ambitious,49.80666351163711,0.02072395121591465,0.20088433646966877,0.00010288843784579378,7.83
ISR,Israel,2030,2020,baseline,57.933642738244956,0.02072395121591465,0.2641274615992897,0.00010083066908887791,7.83
ISR,Israel,2030,2020,ndc,0.0,0.02072395121591465,-0.0860882734831033,0.00010083066908887791,7.83
ISR,Israel,2030,2020,ambitious,48.278035616231755,0.02072395121591465,0.2284384208699859,0.00010083066908887791,7.83
ISR,Israel,2031,2020,baseline,57.75951138064011,0.02072395121591465,0.30116302176401516,9.881405570710034e-05,7.83
ISR,Israel,2031,2020,ndc,0.0,0.02072395121591465,-0.10681222469901794,9.881405570710034e-05,7.83
ISR,Israel,2031,2020,ambitious,48.13292615155796,0.02072395121591465,0.2558473958056292,9.881405570710034e-05,7.83
ISR,Israel,2032,2020,baseline,57.58538002303526,0.02072395121591465,0.33802445057113584,9.683777459295835e-05,7.83
ISR,Israel,2032,2020,ndc,0.0,0.02072395121591465,-0.12753617591493258,9.683777459295835e-05,7.83
ISR,Israel,2032,2020,ambitious,47.987816686884166,0.02072395121591465,0.28311126127659875,9.683777459295835e-05,7.83
ISR,Israel,2033,2020,baseline,57.4107715932178,0.02072395121591465,0.37471127094843903,9.490101910109917e-05,7.83
ISR,Israel,2033,2020,ndc,0.0,0.02072395121591465,-0.1482601271308472,9.490101910109917e-05,7.83
ISR,Israel,2033,2020,ambitious,47.84230966203319,0.02072395121591465,0.31022961972271734,9.490101910109917e-05,7.83
ISR,Israel,2034,2020,baseline,57.23664023561296,0.02072395121591465,0.4112239599681373,9.30029987190772e-05,7.83
ISR,Israel,2034,2020,ndc,0.0,0.02072395121591465,-0.16898407834676185,9.30029987190772e-05,7.83
ISR,Israel,2034,2020,ambitious,47.69720019735939,0.02072395121591465,0.33720286870416205,9.30029987190772e-05,7.83
ISR,Israel,2035,2020,baseline,57.06250887800811,0.02072395121591465,0.4475625176302308,9.114293874469564e-05,7.83
ISR,Israel,2035,2020,ndc,0.0,0.02072395121591465,-0.1897080295626765,9.114293874469564e-05,7.83
ISR,Israel,2035,2020,ambitious,47.5520907326856,0.02072395121591465,0.36403100822093304,9.114293874469564e-05,7.83
ISR,Israel,2036,2020,baseline,56.88837752040327,0.02072395121591465,0.4837269439347194,8.932007996980171e-05,7.83
ISR,Israel,2036,2020,ndc,0.0,0.02072395121591465,-0.21043198077859113,8.932007996980171e-05,7.83
ISR,Israel,2036,2020,ambitious,47.406981268011805,0.02072395121591465,0.3907140382730302,8.932007996980171e-05,7.83
ISR,Israel,2037,2020,baseline,56.71376909058581,0.02072395121591465,0.5197167618093905,8.753367837040568e-05,7.83
ISR,Israel,2037,2020,ndc,0.0,0.02072395121591465,-0.23115593199450576,8.753367837040568e-05,7.83
ISR,Israel,2037,2020,ambitious,47.261474243160826,0.02072395121591465,0.4172515613002764,8.753367837040568e-05,7.83
ISR,Israel,2038,2020,baseline,56.53963773298095,0.02072395121591465,0.5555324483264569,8.578300480299757e-05,7.83
ISR,Israel,2038,2020,ndc,0.0,0.02072395121591465,-0.25187988321042043,8.578300480299757e-05,7.83
ISR,Israel,2038,2020,ambitious,47.116364778487025,0.02072395121591465,0.4436439748628488,8.578300480299757e-05,7.83
ISR,Israel,2039,2020,baseline,56.36550637537611,0.02072395121591465,0.5911740034859183,8.406734470693762e-05,7.83
ISR,Israel,2039,2020,ndc,0.0,0.02072395121591465,-0.27260383442633507,8.406734470693762e-05,7.83
ISR,Israel,2039,2020,ambitious,46.97125531381323,0.02072395121591465,0.46989127896074734,8.406734470693762e-05,7.83
ISR,Israel,2040,2020,baseline,56.19137501777126,0.02072395121591465,0.6266414272877749,8.238599781279886e-05,7.83
ISR,Israel,2040,2020,ndc,0.0,0.02072395121591465,-0.2933277856422497,8.238599781279886e-05,7.83
ISR,Israel,2040,2020,ambitious,46.82614584913944,0.02072395121591465,0.49599347359397217,8.238599781279886e-05,7.83
ISR,Israel,2041,2020,baseline,56.016766587953796,0.02072395121591465,0.6619342426598142,8.073827785654288e-05,7.83
ISR,Israel,2041,2020,ndc,0.0,0.02072395121591465,-0.31405173685816434,8.073827785654288e-05,7.83
ISR,Israel,2041,2020,ambitious,46.68063882428845,0.02072395121591465,0.5219501612023459,8.073827785654288e-05,7.83
ISR,Israel,2042,2020,baseline,55.84263523034895,0.02072395121591465,0.6970529266742485,7.912351229941202e-05,7.83
ISR,Israel,2042,2020,ndc,0.0,0.02072395121591465,-0.334775688074079,7.912351229941202e-05,7.83
ISR,Israel,2042,2020,ambitious,46.53552935961466,0.02072395121591465,0.547761739346046,7.912351229941202e-05,7.83
ISR,Israel,2043,2020,baseline,55.668503872744104,0.02072395121591465,0.7319974793310778,7.754104205342378e-05,7.83
ISR,Israel,2043,2020,ndc,0.0,0.02072395121591465,-0.3554996392899936,7.754104205342378e-05,7.83
ISR,Israel,2043,2020,ambitious,46.39041989494086,0.02072395121591465,0.5734282080250722,7.754104205342378e-05,7.83
ISR,Israel,2044,2020,baseline,55.494372515139254,0.02072395121591465,0.7667679006303025,7.59902212123553e-05,7.83
ISR,Israel,2044,2020,ndc,0.0,0.02072395121591465,-0.37622359050590826,7.59902212123553e-05,7.83
ISR,Israel,2044,2020,ambitious,46.24531043026707,0.02072395121591465,0.5989495672394247,7.59902212123553e-05,7.83
ISR,Israel,2045,2020,baseline,55.31976408532179,0.02072395121591465,0.8013637134997097,7.44704167881082e-05,7.83
ISR,Israel,2045,2020,ndc,0.0,0.02072395121591465,-0.3969475417218229,7.44704167881082e-05,7.83
ISR,Israel,2045,2020,ambitious,46.09980340541609,0.02072395121591465,0.6243254194289262,7.44704167881082e-05,7.83
ISR,Israel,2046,2020,baseline,55.14563272771695,0.02072395121591465,0.835785395011512,7.298100845234604e-05,7.83
ISR,Israel,2046,2020,ndc,0.0,0.02072395121591465,-0.41767149293773753,7.298100845234604e-05,7.83
ISR,Israel,2046,2020,ambitious,45.954693940742295,0.02072395121591465,0.6495561621537538,7.298100845234604e-05,7.83
ISR,Israel,2047,2020,baseline,54.9715013701121,0.02072395121591465,0.8700329451657095,7.152138828329912e-05,7.83
ISR,Israel,2047,2020,ndc,0.0,0.02072395121591465,-0.43839544415365217,7.152138828329912e-05,7.83
ISR,Israel,2047,2020,ambitious,45.8095844760685,0.02072395121591465,0.6746417954139076,7.152138828329912e-05,7.83
ISR,Israel,2048,2020,baseline,54.79737001250725,0.02072395121591465,0.9041063639623022,7.009096051763314e-05,7.83
ISR,Israel,2048,2020,ndc,0.0,0.02072395121591465,-0.4591193953695668,7.009096051763314e-05,7.83
ISR,Israel,2048,2020,ambitious,45.6644750113947,0.02072395121591465,0.6995823192093877,7.009096051763314e-05,7.83
ISR,Israel,2049,2020,baseline,54.62276158268978,0.02072395121591465,0.9380051743290773,6.868914130728047e-05,7.83
ISR,Israel,2049,2020,ndc,0.0,0.02072395121591465,-0.47984334658548145,6.868914130728047e-05,7.83
ISR,Israel,2049,2020,ambitious,45.518967986543714,0.02072395121591465,0.7243773359800169,6.868914130728047e-05,7.83
ISR,Israel,2050,2020,baseline,54.44863022508495,0.02072395121591465,0.9717298533382477,6.731535848113485e-05,7.83
ISR,Israel,2050,2020,ndc,0.0,0.02072395121591465,-0.5005672978013961,6.731535848113485e-05,7.83
ISR,Israel,2050,2020,ambitious,45.373858521869934,0.02072395121591465,0.7490272432859721,6.731535848113485e-05,7.83
ITA,Italy,2024,2050,baseline,314.6581949346021,0.12413218580132811,0.19052600913327394,0.000133294756089222,18.854
ITA,Italy,2024,2050,ndc,314.6581949346021,0.12413218580132811,0.19052600913327394,0.000133294756089222,18.854
ITA,Italy,2024,2050,ambitious,314.6581949346021,0.12413218580132811,0.19052600913327394,0.000133294756089222,18.854
ITA,Italy,2025,2050,baseline,309.9629476714035,0.12413218580132813,0.3763567710033493,0.00013062886096743757,18.854
ITA,Italy,2025,2050,ndc,302.5559566678866,0.12413218580132813,0.3689497799998325,0.00013062886096743757,18.854
ITA,Italy,2025,2050,ambitious,291.59606481249966,0.12413218580132813,0.35798988814444543,0.00013062886096743757,18.854
ITA,Italy,2026,2050,baseline,305.2805289526398,0.12413218580132813,0.5575051141546611,0.0001280162837480888,18.854
ITA,Italy,2026,2050,ndc,290.45371840117116,0.12413218580132813,0.5352713125996755,0.0001280162837480888,18.854
ITA,Italy,2026,2050,ambitious,271.12553484003644,0.12413218580132813,0.5049832371831537,0.0001280162837480888,18.854
ITA,Italy,2027,2050,baseline,300.5981102338762,0.12413218580132811,0.7339710385872091,0.00012545595807312703,18.854
ITA,Italy,2027,2050,ndc,278.3514801344557,0.12413218580132811,0.6894906069328031,0.00012545595807312703,18.854
ITA,Italy,2027,2050,ambitious,252.82393126083747,0.12413218580132811,0.6336749826426631,0.00012545595807312703,18.854
ITA,Italy,2028,2050,baseline,295.91569151511254,0.12413218580132811,0.9057545443009934,0.0001229468389116645,18.854
ITA,Italy,2028,2050,ndc,266.24924186774024,0.12413218580132811,0.8316076629992152,0.0001229468389116645,18.854
ITA,Italy,2028,2050,ambitious,236.36388850843102,0.12413218580132811,0.7459066853497659,0.0001229468389116645,18.854
ITA,Italy,2029,2050,baseline,291.22044425191393,0.12413218580132811,1.0728428027515793,0.0001204879021334312,18.854
ITA,Italy,2029,2050,ndc,254.14700360102475,0.12413218580132811,0.9616224807989118,0.0001204879021334312,18.854
ITA,Italy,2029,2050,ambitious,221.47101016741124,0.12413218580132811,0.8432455097158491,0.0001204879021334312,18.854
ITA,Italy,2030,2050,baseline,286.53802553315023,0.12413218580132811,1.2352486424834015,0.00011807814409076257,18.854
ITA,Italy,2030,2050,ndc,242.04476533430926,0.12413218580132811,1.0795350603318927,0.00011807814409076257,18.854
ITA,Italy,2030,2050,ambitious,207.94900259125242,0.12413218580132811,0.9270623265057735,0.00011807814409076257,18.854
ITA,Italy,2031,2050,baseline,281.8556068143866,0.12413218580132811,1.39297206349646,0.00011571658120894732,18.854
ITA,Italy,2031,2050,ndc,229.94252706759386,0.12413218580132811,1.1853454015981586,0.00011571658120894732,18.854
ITA,Italy,2031,2050,ambitious,204.55083475482033,0.12413218580132811,1.0074809754592655,0.00011571658120894732,18.854
ITA,Italy,2032,2050,baseline,277.17318809562295,0.12413218580132813,1.5460130657907547,0.00011340224958476838,18.854
ITA,Italy,2032,2050,ndc,217.84028880087837,0.12413218580132813,1.279053504597709,0.00011340224958476838,18.854
ITA,Italy,2032,2050,ambitious,201.15266691838823,0.12413218580132813,1.0845014565763254,0.00011340224958476838,18.854
ITA,Italy,2033,2050,baseline,272.47794083242434,0.12413218580132813,1.6943588208218507,0.00011113420459307299,18.854
ITA,Italy,2033,2050,ndc,205.7380505341629,0.12413218580132813,1.3606593693305435,0.00011113420459307299,18.854
ITA,Italy,2033,2050,ambitious,197.7451890330892,0.12413218580132813,1.1581144598080861,0.00011113420459307299,18.854
ITA,Italy,2034,2050,baseline,267.79552211366064,0.12413218580132811,1.8380221571341835,0.00010891152050121155,18.854
ITA,Italy,2034,2050,ndc,193.63581226744745,0.12413218580132811,1.430162995796663,0.00010891152050121155,18.854
ITA,Italy,2034,2050,ambitious,194.34702119665707,0.12413218580132811,1.228329295203415,0.00010891152050121155,18.854
ITA,Italy,2035,2050,baseline,263.113103394897,0.12413218580132813,1.977003074727752,0.0001067332900911873,18.854
ITA,Italy,2035,2050,ndc,181.53357400073196,0.12413218580132813,1.4875643839960666,0.0001067332900911873,18.854
ITA,Italy,2035,2050,ambitious,190.94885336022497,0.12413218580132813,1.2951459627623116,0.0001067332900911873,18.854
ITA,Italy,2036,2050,baseline,258.4306846761334,0.12413218580132813,2.111301573602557,0.00010459862428936355,18.854
ITA,Italy,2036,2050,ndc,169.4313357340165,0.12413218580132813,1.5328635339287549,0.00010459862428936355,18.854
ITA,Italy,2036,2050,ambitious,187.5506855237929,0.12413218580132813,1.3585644624847761,0.00010459862428936355,18.854
ITA,Italy,2037,2050,baseline,253.73543741293474,0.12413218580132813,2.2409048252141632,0.00010250665180357628,18.854
ITA,Italy,2037,2050,ndc,157.32909746730104,0.12413218580132813,1.5660604455947278,0.00010250665180357628,18.854
ITA,Italy,2037,2050,ambitious,184.14320763849383,0.12413218580132813,1.4185754843219416,0.00010250665180357628,18.854
ITA,Italy,2038,2050,baseline,249.0530186941711,0.12413218580132813,2.3658256581070063,0.00010045651876750476,18.854
ITA,Italy,2038,2050,ndc,145.22685920058558,0.12413218580132813,1.587155118993985,0.00010045651876750476,18.854
ITA,Italy,2038,2050,ambitious,180.74503980206174,0.12413218580132813,1.475188338322675,0.00010045651876750476,18.854
ITA,Italy,2039,2050,baseline,244.37059997540746,0.12413218580132811,2.4860640722810854,9.844738839215466e-05,18.854
ITA,Italy,2039,2050,ndc,133.12462093387012,0.12413218580132811,1.596147554126527,9.844738839215466e-05,18.854
ITA,Italy,2039,2050,ambitious,177.34687196562965,0.12413218580132811,1.5284030244869764,9.844738839215466e-05,18.854
ITA,Italy,2040,2050,baseline,239.6881812566438,0.12413218580132811,2.601620067736401,9.647844062431157e-05,18.854
ITA,Italy,2040,2050,ndc,121.02238266715463,0.12413218580132811,1.593037750992354,9.647844062431157e-05,18.854
ITA,Italy,2040,2050,ambitious,173.94870412919752,0.12413218580132811,1.5782195428148458,9.647844062431157e-05,18.854
ITA,Italy,2041,2050,baseline,234.99293399344518,0.12413218580132811,2.7124808159285183,9.454887181182533e-05,18.854
ITA,Italy,2041,2050,ndc,108.92014440043918,0.12413218580132811,1.577825709591465,9.454887181182533e-05,18.854
ITA,Italy,2041,2050,ambitious,170.5412262438985,0.12413218580132811,1.624628583257416,9.454887181182533e-05,18.854
ITA,Italy,2042,2050,baseline,230.31051527468153,0.12413218580132811,2.818659145401872,9.265789437558882e-05,18.854
ITA,Italy,2042,2050,ndc,96.81790613372372,0.12413218580132811,1.5505114299238607,9.265789437558882e-05,18.854
ITA,Italy,2042,2050,ambitious,167.1430584074664,0.12413218580132811,1.6676394558635543,9.265789437558882e-05,18.854
ITA,Italy,2043,2050,baseline,225.62809655591786,0.12413218580132811,2.9201550561564615,9.080473648807705e-05,18.854
ITA,Italy,2043,2050,ndc,84.71566786700826,0.12413218580132811,1.5110949119895412,9.080473648807705e-05,18.854
ITA,Italy,2043,2050,ambitious,163.7448905710343,0.12413218580132811,1.7072521606332605,9.080473648807705e-05,18.854
ITA,Italy,2044,2050,baseline,220.94567783715428,0.12413218580132811,3.0169685481922874,8.89886417583155e-05,18.854
ITA,Italy,2044,2050,ndc,72.61342960029278,0.12413218580132811,1.4595761557885059,8.89886417583155e-05,18.854
ITA,Italy,2044,2050,ambitious,160.34672273460222,0.12413218580132811,1.743466697566535,8.89886417583155e-05,18.854
ITA,Italy,2045,2050,baseline,216.2504305739556,0.12413218580132811,3.109086792964915,8.720886892314918e-05,18.854
ITA,Italy,2045,2050,ndc,60.511191333577315,0.12413218580132811,1.3959551613207553,8.720886892314918e-05,18.854
ITA,Italy,2045,2050,ambitious,156.93924484930315,0.12413218580132811,1.77627375661451,8.720886892314918e-05,18.854
ITA,Italy,2046,2050,baseline,211.56801185519194,0.12413218580132813,3.196522619018779,8.546469154468621e-05,18.854
ITA,Italy,2046,2050,ndc,48.40895306686186,0.12413218580132813,1.3202319285862893,8.546469154468621e-05,18.854
ITA,Italy,2046,2050,ambitious,153.54107701287106,0.12413218580132813,1.8056826478260533,8.546469154468621e-05,18.854
ITA,Italy,2047,2050,baseline,206.88559313642833,0.12413218580132813,3.27927602635388,8.375539771379248e-05,18.854
ITA,Italy,2047,2050,ndc,36.3067148001464,0.12413218580132813,1.2324064575851081,8.375539771379248e-05,18.854
ITA,Italy,2047,2050,ambitious,150.14290917643896,0.12413218580132813,1.831693371201164,8.375539771379248e-05,18.854
ITA,Italy,2048,2050,baseline,202.20317441766463,0.12413218580132811,3.357347014970216,8.208028975951663e-05,18.854
ITA,Italy,2048,2050,ndc,24.204476533430913,0.12413218580132811,1.1324787483172107,8.208028975951663e-05,18.854
ITA,Italy,2048,2050,ambitious,146.74474134000684,0.12413218580132811,1.8543059267398432,8.208028975951663e-05,18.854
ITA,Italy,2049,2050,baseline,197.50792715446602,0.12413218580132811,3.430722756323354,8.04386839643263e-05,18.854
ITA,Italy,2049,2050,ndc,12.102238266715457,0.12413218580132811,1.020448800782598,8.04386839643263e-05,18.854
ITA,Italy,2049,2050,ambitious,143.3372634547078,0.12413218580132811,1.8735110043932228,8.04386839643263e-05,18.854
ITA,Italy,2050,2050,baseline,192.8255084357024,0.12413218580132811,3.4994160789577284,7.882991028503976e-05,18.854
ITA,Italy,2050,2050,ndc,0.0,0.12413218580132811,0.89631661498127,7.882991028503976e-05,18.854
ITA,Italy,2050,2050,ambitious,139.93909561827573,0.12413218580132811,1.8893179142101708,7.882991028503976e-05,18.854
JPN,Japan,2024,2020,baseline,957.9078509642632,0.26200395777938057,0.6959038931848827,0.00022999545123237198,11.965
JPN,Japan,2024,2020,ndc,957.9078509642632,0.26200395777938057,0.6959038931848827,0.00022999545123237198,11.965
JPN,Japan,2024,2020,ambitious,957.9078509642632,0.26200395777938057,0.6959038931848827,0.00022999545123237198,11.965
JPN,Japan,2025,2020,baseline,927.4250732063015,0.26200395777938057,1.3613250086118036,0.00022539554220772453,11.965
JPN,Japan,2025,2020,ndc,0.0,0.26200395777938057,0.4338999354055021,0.00022539554220772453,11.965
JPN,Japan,2025,2020,ambitious,886.8262827184062,0.26200395777938057,1.3207262181239083,0.00022539554220772453,11.965
JPN,Japan,2026,2020,baseline,897.0255817263668,0.26200395777938057,1.9963466325587902,0.00022088763136357006,11.965
JPN,Japan,2026,2020,ndc,0.0,0.26200395777938057,0.17189597762612152,0.00022088763136357006,11.965
JPN,Japan,2026,2020,ambitious,821.7833175205832,0.26200395777938057,1.8805055778651112,0.00022088763136357006,11.965
JPN,Japan,2027,2020,baseline,866.626090246432,0.26200395777938057,2.6009687650258413,0.00021646987873629863,11.965
JPN,Japan,2027,2020,ndc,0.0,0.26200395777938057,-0.09010798015325905,0.00021646987873629863,11.965
JPN,Japan,2027,2020,ambitious,761.9765339727135,0.26200395777938057,2.380478154058444,0.00021646987873629863,11.965
JPN,Japan,2028,2020,baseline,836.2265987664974,0.26200395777938057,3.1751914060129582,0.00021214048116157267,11.965
JPN,Japan,2028,2020,ndc,0.0,0.26200395777938057,-0.35211193793263973,0.00021214048116157267,11.965
JPN,Japan,2028,2020,ambitious,706.7981024040176,0.26200395777938057,2.825272298683081,0.00021214048116157267,11.965
JPN,Japan,2029,2020,baseline,805.7438210085356,0.26200395777938057,3.718931269242113,0.0002078976715383412,11.965
JPN,Japan,2029,2020,ndc,0.0,0.26200395777938057,-0.6141158957120204,0.0002078976715383412,11.965
JPN,Japan,2029,2020,ambitious,655.6629933603742,0.26200395777938057,3.218931334264074,0.0002078976715383412,11.965
JPN,Japan,2030,2020,baseline,775.344329528601,0.26200395777938057,4.232271640991334,0.0002037397181075744,11.965
JPN,Japan,2030,2020,ndc,0.0,0.26200395777938057,-0.8761198534914011,0.0002037397181075744,11.965
JPN,Japan,2030,2020,ambitious,608.2662393176187,0.26200395777938057,3.565193615802312,0.0002037397181075744,11.965
JPN,Japan,2031,2020,baseline,744.9448380486665,0.26200395777938057,4.71521252126062,0.0001996649237454229,11.965
JPN,Japan,2031,2020,ndc,0.0,0.26200395777938057,-1.1381238112707819,0.0001996649237454229,11.965
JPN,Japan,2031,2020,ambitious,584.4175005631739,0.26200395777938057,3.8876071585861056,0.0001996649237454229,11.965
JPN,Japan,2032,2020,baseline,714.5453465687317,0.26200395777938057,5.16775391004997,0.00019567162527051445,11.965
JPN,Japan,2032,2020,ndc,0.0,0.26200395777938057,-1.4001277690501626,0.00019567162527051445,11.965
JPN,Japan,2032,2020,ambitious,560.5687618087289,0.26200395777938057,4.186171962615454,0.00019567162527051445,11.965
JPN,Japan,2033,2020,baseline,684.0625688107698,0.26200395777938057,5.58981252108136,0.00019175819276510413,11.965
JPN,Japan,2033,2020,ndc,0.0,0.26200395777938057,-1.6621317268295432,0.00019175819276510413,11.965
JPN,Japan,2033,2020,ambitious,536.6546840439978,0.26200395777938057,4.4608226888800715,0.00019175819276510413,11.965
JPN,Japan,2034,2020,baseline,653.6630773308352,0.26200395777938057,5.9814716406328134,0.00018792302890980207,11.965
JPN,Japan,2034,2020,ndc,0.0,0.26200395777938057,-1.924135684608924,0.00018792302890980207,11.965
JPN,Japan,2034,2020,ambitious,512.8059452895529,0.26200395777938057,4.711624676390243,0.00018792302890980207,11.965
JPN,Japan,2035,2020,baseline,623.2635858509005,0.26200395777938057,6.342731268704332,0.00018416456833160601,11.965
JPN,Japan,2035,2020,ndc,0.0,0.26200395777938057,-2.1861396423883046,0.00018416456833160601,11.965
JPN,Japan,2035,2020,ambitious,488.95720653510807,0.26200395777938057,4.938577925145969,0.00018416456833160601,11.965
JPN,Japan,2036,2020,baseline,592.8640943709661,0.26200395777938057,6.673591405295919,0.00018048127696497387,11.965
JPN,Japan,2036,2020,ndc,0.0,0.26200395777938057,-2.4481436001676853,0.00018048127696497387,11.965
JPN,Japan,2036,2020,ambitious,465.1084677806633,0.26200395777938057,5.141682435147252,0.00018048127696497387,11.965
JPN,Japan,2037,2020,baseline,562.3813166130043,0.26200395777938057,6.973968764129543,0.00017687165142567438,11.965
JPN,Japan,2037,2020,ndc,0.0,0.26200395777938057,-2.710147557947066,0.00017687165142567438,11.965
JPN,Japan,2037,2020,ambitious,441.1943900159323,0.26200395777938057,5.3208728673838035,0.00017687165142567438,11.965
JPN,Japan,2038,2020,baseline,531.9818251330696,0.26200395777938057,7.243946631483231,0.00017333421839716093,11.965
JPN,Japan,2038,2020,ndc,0.0,0.26200395777938057,-2.9721515157264466,0.00017333421839716093,11.965
JPN,Japan,2038,2020,ambitious,417.34565126148743,0.26200395777938057,5.476214560865909,0.00017333421839716093,11.965
JPN,Japan,2039,2020,baseline,501.58233365313515,0.26200395777938057,7.4835250073569854,0.0001698675340292177,11.965
JPN,Japan,2039,2020,ndc,0.0,0.26200395777938057,-3.234155473505827,0.0001698675340292177,11.965
JPN,Japan,2039,2020,ambitious,393.4969125070427,0.26200395777938057,5.607707515593572,0.0001698675340292177,11.965
JPN,Japan,2040,2020,baseline,471.18284217320013,0.26200395777938057,7.692703891750805,0.00016647018334863334,11.965
JPN,Japan,2040,2020,ndc,0.0,0.26200395777938057,-3.496159431285207,0.00016647018334863334,11.965
JPN,Japan,2040,2020,ambitious,369.6481737525975,0.26200395777938057,5.715351731566789,0.00016647018334863334,11.965
JPN,Japan,2041,2020,baseline,440.7000644152383,0.26200395777938057,7.871399998386663,0.00016314077968166066,11.965
JPN,Japan,2041,2020,ndc,0.0,0.26200395777938057,-3.7581633890645874,0.00016314077968166066,11.965
JPN,Japan,2041,2020,ambitious,345.73409598786645,0.26200395777938057,5.799081869775276,0.00016314077968166066,11.965
JPN,Japan,2042,2020,baseline,410.3005729353039,0.26200395777938057,8.019696613542587,0.00015987796408802743,11.965
JPN,Japan,2042,2020,ndc,0.0,0.26200395777938057,-4.020167346843968,0.00015987796408802743,11.965
JPN,Japan,2042,2020,ambitious,321.88535723342176,0.26200395777938057,5.858963269229317,0.00015987796408802743,11.965
JPN,Japan,2043,2020,baseline,379.90108145536914,0.26200395777938057,8.137593737218577,0.0001566804048062669,11.965
JPN,Japan,2043,2020,ndc,0.0,0.26200395777938057,-4.282171304623348,0.0001566804048062669,11.965
JPN,Japan,2043,2020,ambitious,298.0366184789768,0.26200395777938057,5.894995929928913,0.0001566804048062669,11.965
JPN,Japan,2044,2020,baseline,349.50158997543474,0.26200395777938057,8.22509136941463,0.00015354679671014155,11.965
JPN,Japan,2044,2020,ndc,0.0,0.26200395777938057,-4.544175262402728,0.00015354679671014155,11.965
JPN,Japan,2044,2020,ambitious,274.1878797245321,0.26200395777938057,5.907179851874066,0.00015354679671014155,11.965
JPN,Japan,2045,2020,baseline,319.0188122174729,0.26200395777938057,8.282106223852722,0.0001504758607759387,11.965
JPN,Japan,2045,2020,ndc,0.0,0.26200395777938057,-4.806179220182108,0.0001504758607759387,11.965
JPN,Japan,2045,2020,ambitious,250.27380195980106,0.26200395777938057,5.895449696054487,0.0001504758607759387,11.965
JPN,Japan,2046,2020,baseline,288.6193207375382,0.26200395777938057,8.308721586810881,0.00014746634356041995,11.965
JPN,Japan,2046,2020,ndc,0.0,0.26200395777938057,-5.0681831779614885,0.00014746634356041995,11.965
JPN,Japan,2046,2020,ambitious,226.42506320535614,0.26200395777938057,5.859870801480463,0.00014746634356041995,11.965
JPN,Japan,2047,2020,baseline,258.21982925760346,0.26200395777938057,8.304937458289103,0.00014451701668921155,11.965
JPN,Japan,2047,2020,ndc,0.0,0.26200395777938057,-5.330187135740869,0.00014451701668921155,11.965
JPN,Japan,2047,2020,ambitious,202.57632445091116,0.26200395777938057,5.800443168151994,0.00014451701668921155,11.965
JPN,Japan,2048,2020,baseline,227.82033777766878,0.26200395777938057,8.270753838287392,0.00014162667635542731,11.965
JPN,Japan,2048,2020,ndc,0.0,0.26200395777938057,-5.592191093520249,0.00014162667635542731,11.965
JPN,Japan,2048,2020,ambitious,178.72758569646626,0.26200395777938057,5.71716679606908,0.00014162667635542731,11.965
JPN,Japan,2049,2020,baseline,197.33756001970693,0.26200395777938057,8.206087440527718,0.00013879414282831878,11.965
JPN,Japan,2049,2020,ndc,0.0,0.26200395777938057,-5.854195051299629,0.00013879414282831878,11.965
JPN,Japan,2049,2020,ambitious,154.81350793173522,0.26200395777938057,5.609976346221434,0.00013879414282831878,11.965
JPN,Japan,2050,2020,baseline,166.9380685397725,0.26200395777938057,8.111021551288111,0.00013601825997175236,11.965
JPN,Japan,2050,2020,ndc,0.0,0.26200395777938057,-6.1161990090790095,0.00013601825997175236,11.965
JPN,Japan,2050,2020,ambitious,130.9647691772905,0.26200395777938057,5.478937157619345,0.00013601825997175236,11.965
KAZ,Kazakhstan,2024,2020,baseline,246.77192851889004,0.04277795547877666,0.20399397304011338,0.000955001846500058,4.179
KAZ,Kazakhstan,2024,2020,ndc,246.77192851889004,0.04277795547877666,0.20399397304011338,0.000955001846500058,4.179
KAZ,Kazakhstan,2024,2020,ambitious,246.77192851889004,0.04277795547877666,0.20399397304011338,0.000955001846500058,4.179
KAZ,Kazakhstan,2025,2020,baseline,241.42573550982328,0.04277795547877666,0.40264175307116,0.0009359018095700568,4.179
KAZ,Kazakhstan,2025,2020,ndc,0.0,0.04277795547877666,0.16121601756133674,0.0009359018095700568,4.179
KAZ,Kazakhstan,2025,2020,ambitious,233.63780855969696,0.04277795547877666,0.3948538261210337,0.0009359018095700568,4.179
KAZ,Kazakhstan,2026,2020,baseline,236.09414958548072,0.042777955478776664,0.595957947177864,0.0009171837733786556,4.179
KAZ,Kazakhstan,2026,2020,ndc,0.0,0.042777955478776664,0.11843806208256005,0.0009171837733786556,4.179
KAZ,Kazakhstan,2026,2020,ambitious,221.33826523969844,0.042777955478776664,0.5734141358819556,0.0009171837733786556,4.179
KAZ,Kazakhstan,2027,2020,baseline,230.7625636611381,0.042777955478776664,0.7839425553602255,0.0008988400979110825,4.179
KAZ,Kazakhstan,2027,2020,ndc,0.0,0.042777955478776664,0.07566010660378339,0.0008988400979110825,4.179
KAZ,Kazakhstan,2027,2020,ambitious,209.78414878741643,0.042777955478776664,0.7404203291905953,0.0008988400979110825,4.179
KAZ,Kazakhstan,2028,2020,baseline,225.43097773679557,0.04277795547877665,0.9665955776182444,0.0008808632959528609,4.179
KAZ,Kazakhstan,2028,2020,ndc,0.0,0.04277795547877665,0.032882151125006726,0.0008808632959528609,4.179
KAZ,Kazakhstan,2028,2020,ambitious,198.90968624394873,0.04277795547877665,0.8965520599557675,0.0008808632959528609,4.179
KAZ,Kazakhstan,2029,2020,baseline,220.08478472772873,0.04277795547877666,1.1439024068671966,0.0008632460300338037,4.179
KAZ,Kazakhstan,2029,2020,ndc,0.0,0.04277795547877666,-0.009895804353769938,0.0008632460300338037,4.179
KAZ,Kazakhstan,2029,2020,ambitious,188.6441012016448,0.04277795547877666,1.0424182056786355,0.0008632460300338037,4.179
KAZ,Kazakhstan,2030,2020,baseline,214.75319880338614,0.042777955478776664,1.315877650191806,0.0008459811094331276,4.179
KAZ,Kazakhstan,2030,2020,ndc,0.0,0.042777955478776664,-0.0526737598325466,0.0008459811094331276,4.179
KAZ,Kazakhstan,2030,2020,ambitious,178.9609990099591,0.042777955478776664,1.1786012492098181,0.0008459811094331276,4.179
KAZ,Kazakhstan,2031,2020,baseline,209.42161287904358,0.04277795547877666,1.482521307592073,0.000829061487244465,4.179
KAZ,Kazakhstan,2031,2020,ndc,0.0,0.04277795547877666,-0.09545171531132327,0.000829061487244465,4.179
KAZ,Kazakhstan,2031,2020,ambitious,174.51801073949645,0.04277795547877666,1.3103413044705379,0.000829061487244465,4.179
KAZ,Kazakhstan,2032,2020,baseline,204.090026954701,0.04277795547877666,1.6438333790679973,0.0008124802574995757,4.179
KAZ,Kazakhstan,2032,2020,ndc,0.0,0.04277795547877666,-0.13822967079009993,0.0008124802574995757,4.179
KAZ,Kazakhstan,2032,2020,ambitious,170.07502246903377,0.04277795547877666,1.437638371460795,0.0008124802574995757,4.179
KAZ,Kazakhstan,2033,2020,baseline,198.74383394563418,0.04277795547877666,1.799799257534855,0.0007962306523495841,4.179
KAZ,Kazakhstan,2033,2020,ndc,0.0,0.04277795547877666,-0.1810076262688766,0.0007962306523495841,4.179
KAZ,Kazakhstan,2033,2020,ambitious,165.61986162796708,0.04277795547877666,1.5604802776099853,0.0007962306523495841,4.179
KAZ,Kazakhstan,2034,2020,baseline,193.41224802129165,0.04277795547877666,1.9504335500773695,0.0007803060393025925,4.179
KAZ,Kazakhstan,2034,2020,ndc,0.0,0.04277795547877666,-0.22378558174765326,0.0007803060393025925,4.179
KAZ,Kazakhstan,2034,2020,ambitious,161.17687335750443,0.04277795547877666,1.6788791954887132,0.0007803060393025925,4.179
KAZ,Kazakhstan,2035,2020,baseline,188.08066209694903,0.04277795547877666,2.0957362566955418,0.0007646999185165406,4.179
KAZ,Kazakhstan,2035,2020,ndc,0.0,0.04277795547877666,-0.2665635372264299,0.0007646999185165406,4.179
KAZ,Kazakhstan,2035,2020,ambitious,156.73388508704173,0.04277795547877666,1.7928351250969785,0.0007646999185165406,4.179
KAZ,Kazakhstan,2036,2020,baseline,182.7490761726065,0.042777955478776664,2.235707377389372,0.0007494059201462097,4.179
KAZ,Kazakhstan,2036,2020,ndc,0.0,0.042777955478776664,-0.3093414927052065,0.0007494059201462097,4.179
KAZ,Kazakhstan,2036,2020,ambitious,152.29089681657908,0.042777955478776664,1.902348066434781,0.0007494059201462097,4.179
KAZ,Kazakhstan,2037,2020,baseline,177.40288316353968,0.04277795547877666,2.3703323050741343,0.0007344178017432855,4.179
KAZ,Kazakhstan,2037,2020,ndc,0.0,0.04277795547877666,-0.3521194481839831,0.0007344178017432855,4.179
KAZ,Kazakhstan,2037,2020,ambitious,147.8357359755124,0.04277795547877666,2.0074058469315164,0.0007344178017432855,4.179
KAZ,Kazakhstan,2038,2020,baseline,172.07129723919707,0.04277795547877666,2.499625646834555,0.0007197294457084199,4.179
KAZ,Kazakhstan,2038,2020,ndc,0.0,0.04277795547877666,-0.3948974036627597,0.0007197294457084199,4.179
KAZ,Kazakhstan,2038,2020,ambitious,143.3927477050497,0.04277795547877666,2.1080206391577896,0.0007197294457084199,4.179
KAZ,Kazakhstan,2039,2020,baseline,166.73971131485453,0.04277795547877666,2.6235874026706325,0.0007053348567942514,4.179
KAZ,Kazakhstan,2039,2020,ndc,0.0,0.04277795547877666,-0.4376753591415363,0.0007053348567942514,4.179
KAZ,Kazakhstan,2039,2020,ambitious,138.94975943458704,0.04277795547877666,2.2041924431136,0.0007053348567942514,4.179
KAZ,Kazakhstan,2040,2020,baseline,161.4081253905119,0.04277795547877666,2.7422175725823683,0.0006912281596583664,4.179
KAZ,Kazakhstan,2040,2020,ndc,0.0,0.04277795547877666,-0.48045331462031293,0.0006912281596583664,4.179
KAZ,Kazakhstan,2040,2020,ambitious,134.50677116412433,0.04277795547877666,2.2959212587989475,0.0006912281596583664,4.179
KAZ,Kazakhstan,2041,2020,baseline,156.06193238144513,0.04277795547877666,2.8555015494850364,0.000677403596465199,4.179
KAZ,Kazakhstan,2041,2020,ndc,0.0,0.04277795547877666,-0.5232312700990895,0.000677403596465199,4.179
KAZ,Kazakhstan,2041,2020,ambitious,130.05161032305767,0.04277795547877666,2.383194913643229,0.000677403596465199,4.179
KAZ,Kazakhstan,2042,2020,baseline,150.73034645710254,0.04277795547877666,2.9634539404633626,0.0006638555245358951,4.179
KAZ,Kazakhstan,2042,2020,ndc,0.0,0.04277795547877666,-0.5660092255778661,0.0006638555245358951,4.179
KAZ,Kazakhstan,2042,2020,ambitious,125.60862205259498,0.04277795547877666,2.466025580217047,0.0006638555245358951,4.179
KAZ,Kazakhstan,2043,2020,baseline,145.39876053275998,0.04277795547877666,3.066074745517346,0.0006505784140451771,4.179
KAZ,Kazakhstan,2043,2020,ndc,0.0,0.04277795547877666,-0.6087871810566428,0.0006505784140451771,4.179
KAZ,Kazakhstan,2043,2020,ambitious,121.16563378213232,0.04277795547877666,2.544413258520403,0.0006505784140451771,4.179
KAZ,Kazakhstan,2044,2020,baseline,140.06717460841745,0.04277795547877666,3.1633639646469867,0.0006375668457642735,4.179
KAZ,Kazakhstan,2044,2020,ndc,0.0,0.04277795547877666,-0.6515651365354194,0.0006375668457642735,4.179
KAZ,Kazakhstan,2044,2020,ambitious,116.72264551166967,0.04277795547877666,2.618357948553296,0.0006375668457642735,4.179
KAZ,Kazakhstan,2045,2020,baseline,134.7209815993506,0.042777955478776664,3.2553069907675605,0.000624815508848988,4.179
KAZ,Kazakhstan,2045,2020,ndc,0.0,0.042777955478776664,-0.694343092014196,0.000624815508848988,4.179
KAZ,Kazakhstan,2045,2020,ambitious,112.26748467060295,0.042777955478776664,2.6878474777451222,0.000624815508848988,4.179
KAZ,Kazakhstan,2046,2020,baseline,129.38939567500802,0.04277795547877666,3.3419184309637924,0.0006123191986720084,4.179
KAZ,Kazakhstan,2046,2020,ndc,0.0,0.04277795547877666,-0.7371210474929726,0.0006123191986720084,4.179
KAZ,Kazakhstan,2046,2020,ambitious,107.82449640014028,0.04277795547877666,2.7528940186664865,0.0006123191986720084,4.179
KAZ,Kazakhstan,2047,2020,baseline,124.05780975066546,0.042777955478776664,3.4231982852356806,0.0006000728146985682,4.179
KAZ,Kazakhstan,2047,2020,ndc,0.0,0.042777955478776664,-0.7798990029717492,0.0006000728146985682,4.179
KAZ,Kazakhstan,2047,2020,ambitious,103.38150812967761,0.042777955478776664,2.813497571317387,0.0006000728146985682,4.179
KAZ,Kazakhstan,2048,2020,baseline,118.72622382632285,0.04277795547877666,3.499146553583227,0.0005880713584045968,4.179
KAZ,Kazakhstan,2048,2020,ndc,0.0,0.04277795547877666,-0.8226769584505258,0.0005880713584045968,4.179
KAZ,Kazakhstan,2048,2020,ambitious,98.9385198592149,0.04277795547877666,2.8696581356978257,0.0005880713584045968,4.179
KAZ,Kazakhstan,2049,2020,baseline,113.38003081725608,0.04277795547877665,3.5697486289217055,0.0005763099312365049,4.179
KAZ,Kazakhstan,2049,2020,ndc,0.0,0.04277795547877665,-0.8654549139293024,0.0005763099312365049,4.179
KAZ,Kazakhstan,2049,2020,ambitious,94.48335901814826,0.04277795547877665,2.9213635392371966,0.0005763099312365049,4.179
KAZ,Kazakhstan,2050,2020,baseline,108.04844489291348,0.04277795547877666,3.635019118335843,0.0005647837326117746,4.179
KAZ,Kazakhstan,2050,2020,ndc,0.0,0.04277795547877666,-0.908232869408079,0.0005647837326117746,4.179
KAZ,Kazakhstan,2050,2020,ambitious,90.04037074768556,0.04277795547877666,2.9686259545061056,0.0005647837326117746,4.179
KOR,"Korea, Rep.",2024,2020,baseline,582.6597538687838,0.10881204116186223,0.47384771270692155,0.00033037775619602596,4.66
KOR,"Korea, Rep.",2024,2020,ndc,582.6597538687838,0.10881204116186223,0.47384771270692155,0.00033037775619602596,4.66
KOR,"Korea, Rep.",2024,2020,ambitious,582.6597538687838,0.10881204116186223,0.47384771270692155,0.00033037775619602596,4.66
KOR,"Korea, Rep.",2025,2020,baseline,573.555988341903,0.10881204116186223,0.9385916598869622,0.00032377020107210544,4.66
KOR,"Korea, Rep.",2025,2020,ndc,0.0,0.10881204116186223,0.36503567154505934,0.00032377020107210544,4.66
KOR,"Korea, Rep.",2025,2020,ambitious,544.3544112674813,0.10881204116186223,0.9093900828125406,0.00032377020107210544,4.66
KOR,"Korea, Rep.",2026,2020,baseline,564.477096491325,0.10881204116186223,1.3942567152164251,0.0003172947970506633,4.66
KOR,"Korea, Rep.",2026,2020,ndc,0.0,0.10881204116186223,0.25622363038319707,0.0003172947970506633,4.66
KOR,"Korea, Rep.",2026,2020,ambitious,509.7830623200509,0.10881204116186223,1.3103611039707292,0.0003172947970506633,4.66
KOR,"Korea, Rep.",2027,2020,baseline,555.3982046407472,0.10881204116186223,1.84084287869531,0.00031094890110965,4.66
KOR,"Korea, Rep.",2027,2020,ndc,0.0,0.10881204116186223,0.14741158922133485,0.00031094890110965,4.66
KOR,"Korea, Rep.",2027,2020,ambitious,478.4066601436293,0.10881204116186223,1.6799557229524964,0.00031094890110965,4.66
KOR,"Korea, Rep.",2028,2020,baseline,546.3193127901693,0.10881204116186223,2.278350150323617,0.00030472992308745706,4.66
KOR,"Korea, Rep.",2028,2020,ndc,0.0,0.10881204116186223,0.03859954805947263,0.00030472992308745706,4.66
KOR,"Korea, Rep.",2028,2020,ambitious,449.80186976857254,0.10881204116186223,2.0209455515592065,0.00030472992308745706,4.66
KOR,"Korea, Rep.",2029,2020,baseline,537.2155472632884,0.10881204116186223,2.706753656425043,0.0002986353246257079,4.66
KOR,"Korea, Rep.",2029,2020,ndc,0.0,0.10881204116186223,-0.07021249310238964,0.0002986353246257079,4.66
KOR,"Korea, Rep.",2029,2020,ambitious,423.59736963867505,0.10881204116186223,2.33573088003602,0.0002986353246257079,4.66
KOR,"Korea, Rep.",2030,2020,baseline,528.1366554127105,0.10881204116186223,3.126078270675891,0.00029266261813319373,4.66
KOR,"Korea, Rep.",2030,2020,ndc,0.0,0.10881204116186223,-0.1790245342642519,0.00029266261813319373,4.66
KOR,"Korea, Rep.",2030,2020,ambitious,399.5385658288704,0.10881204116186223,2.626457404703028,0.00029266261813319373,4.66
KOR,"Korea, Rep.",2031,2020,baseline,519.0577635621325,0.10881204116186223,3.536323993076161,0.00028680936577052987,4.66
KOR,"Korea, Rep.",2031,2020,ndc,0.0,0.10881204116186223,-0.2878365754261142,0.00028680936577052987,4.66
KOR,"Korea, Rep.",2031,2020,ambitious,392.67032937506707,0.10881204116186223,2.9103156929162326,0.00028680936577052987,4.66
KOR,"Korea, Rep.",2032,2020,baseline,509.9788717115547,0.10881204116186223,3.937490823625854,0.0002810731784551193,4.66
KOR,"Korea, Rep.",2032,2020,ndc,0.0,0.10881204116186223,-0.39664861658797645,0.0002810731784551193,4.66
KOR,"Korea, Rep.",2032,2020,ambitious,385.8020929212638,0.10881204116186223,3.1873057446756343,0.0002810731784551193,4.66
KOR,"Korea, Rep.",2033,2020,baseline,500.87510618467377,0.10881204116186223,4.3295538886486655,0.00027545171488601683,4.66
KOR,"Korea, Rep.",2033,2020,ndc,0.0,0.10881204116186223,-0.5054606577498387,0.00027545171488601683,4.66
KOR,"Korea, Rep.",2033,2020,ambitious,378.9150393812857,0.10881204116186223,3.4574087428950575,0.00027545171488601683,4.66
KOR,"Korea, Rep.",2034,2020,baseline,491.79621433409596,0.10881204116186223,4.7125380618209,0.00026994268058829656,4.66
KOR,"Korea, Rep.",2034,2020,ndc,0.0,0.10881204116186223,-0.614272698911701,0.00026994268058829656,4.66
KOR,"Korea, Rep.",2034,2020,ambitious,372.0468029274825,0.10881204116186223,3.7206435046606785,0.00026994268058829656,4.66
KOR,"Korea, Rep.",2035,2020,baseline,482.717322483518,0.10881204116186223,5.086443343142555,0.0002645438269765306,4.66
KOR,"Korea, Rep.",2035,2020,ndc,0.0,0.10881204116186223,-0.7230847400735633,0.0002645438269765306,4.66
KOR,"Korea, Rep.",2035,2020,ambitious,365.17856647367915,0.10881204116186223,3.9770100299724946,0.0002645438269765306,4.66
KOR,"Korea, Rep.",2036,2020,baseline,473.6384306329402,0.10881204116186226,5.451269732613634,0.00025925295043699995,4.66
KOR,"Korea, Rep.",2036,2020,ndc,0.0,0.10881204116186226,-0.8318967812354255,0.00025925295043699995,4.66
KOR,"Korea, Rep.",2036,2020,ambitious,358.31033001987595,0.10881204116186226,4.226508318830509,0.00025925295043699995,4.66
KOR,"Korea, Rep.",2037,2020,baseline,464.53466510605926,0.10881204116186223,5.8069923565578305,0.00025406789142825995,4.66
KOR,"Korea, Rep.",2037,2020,ndc,0.0,0.10881204116186223,-0.9407088223972878,0.00025406789142825995,4.66
KOR,"Korea, Rep.",2037,2020,ambitious,351.4232764798979,0.10881204116186223,4.469119554148544,0.00025406789142825995,4.66
KOR,"Korea, Rep.",2038,2020,baseline,455.4557732554813,0.10881204116186223,6.15363608865145,0.0002489865335996948,4.66
KOR,"Korea, Rep.",2038,2020,ndc,0.0,0.10881204116186223,-1.0495208635591502,0.0002489865335996948,4.66
KOR,"Korea, Rep.",2038,2020,ambitious,344.5550400260945,0.10881204116186223,4.704862553012776,0.0002489865335996948,4.66
KOR,"Korea, Rep.",2039,2020,baseline,446.3768814049035,0.10881204116186223,6.491200928894491,0.00024400680292770084,4.66
KOR,"Korea, Rep.",2039,2020,ndc,0.0,0.10881204116186223,-1.1583329047210125,0.00024400680292770084,4.66
KOR,"Korea, Rep.",2039,2020,ambitious,337.68680357229135,0.10881204116186223,4.933737315423205,0.00024400680292770084,4.66
KOR,"Korea, Rep.",2040,2020,baseline,437.2979895543255,0.10881204116186223,6.819686877286955,0.00023912666686914683,4.66
KOR,"Korea, Rep.",2040,2020,ndc,0.0,0.10881204116186223,-1.2671449458828747,0.00023912666686914683,4.66
KOR,"Korea, Rep.",2040,2020,ambitious,330.81856711848803,0.10881204116186223,5.155743841379831,0.00023912666686914683,4.66
KOR,"Korea, Rep.",2041,2020,baseline,428.1942240274447,0.10881204116186223,7.139069060152537,0.0002343441335317639,4.66
KOR,"Korea, Rep.",2041,2020,ndc,0.0,0.10881204116186223,-1.375956987044737,0.0002343441335317639,4.66
KOR,"Korea, Rep.",2041,2020,ambitious,323.93151357850996,0.10881204116186223,5.3708633137964785,0.0002343441335317639,4.66
KOR,"Korea, Rep.",2042,2020,baseline,419.1153321768668,0.10881204116186223,7.4493723511675425,0.0002296572508611286,4.66
KOR,"Korea, Rep.",2042,2020,ndc,0.0,0.10881204116186223,-1.4847690282065988,0.0002296572508611286,4.66
KOR,"Korea, Rep.",2042,2020,ambitious,317.0632771247067,0.10881204116186223,5.579114549759323,0.0002296572508611286,4.66
KOR,"Korea, Rep.",2043,2020,baseline,410.0364403262888,0.10881204116186223,7.750596750331969,0.00022506410584390604,4.66
KOR,"Korea, Rep.",2043,2020,ndc,0.0,0.10881204116186223,-1.5935810693684611,0.00022506410584390604,4.66
KOR,"Korea, Rep.",2043,2020,ambitious,310.1950406709034,0.10881204116186223,5.780497549268365,0.00022506410584390604,4.66
KOR,"Korea, Rep.",2044,2020,baseline,400.957548475711,0.10881204116186223,8.042742257645818,0.0002205628237270279,4.66
KOR,"Korea, Rep.",2044,2020,ndc,0.0,0.10881204116186223,-1.7023931105303234,0.0002205628237270279,4.66
KOR,"Korea, Rep.",2044,2020,ambitious,303.3268042171002,0.10881204116186223,5.975012312323601,0.0002205628237270279,4.66
KOR,"Korea, Rep.",2045,2020,baseline,391.8537829488301,0.10881204116186223,8.325783999432787,0.00021615156725248734,4.66
KOR,"Korea, Rep.",2045,2020,ndc,0.0,0.10881204116186223,-1.8112051516921857,0.00021615156725248734,4.66
KOR,"Korea, Rep.",2045,2020,ambitious,296.43975067712205,0.10881204116186223,6.162640021838861,0.00021615156725248734,4.66
KOR,"Korea, Rep.",2046,2020,baseline,382.7748910982522,0.10881204116186223,8.599746849369176,0.00021182853590743763,4.66
KOR,"Korea, Rep.",2046,2020,ndc,0.0,0.10881204116186223,-1.920017192854048,0.00021182853590743763,4.66
KOR,"Korea, Rep.",2046,2020,ambitious,289.57151422331884,0.10881204116186223,6.343399494900317,0.00021182853590743763,4.66
KOR,"Korea, Rep.",2047,2020,baseline,373.6959992476743,0.10881204116186223,8.864630807454988,0.00020759196518928887,4.66
KOR,"Korea, Rep.",2047,2020,ndc,0.0,0.10881204116186223,-2.02882923401591,0.00020759196518928887,4.66
KOR,"Korea, Rep.",2047,2020,ambitious,282.7032777695155,0.10881204116186223,6.51729073150797,0.00020759196518928887,4.66
KOR,"Korea, Rep.",2048,2020,baseline,364.6171073970964,0.10881204116186223,9.120435873690223,0.00020344012588550308,4.66
KOR,"Korea, Rep.",2048,2020,ndc,0.0,0.10881204116186223,-2.1376412751777725,0.00020344012588550308,4.66
KOR,"Korea, Rep.",2048,2020,ambitious,275.83504131571226,0.10881204116186223,6.68431373166182,0.00020344012588550308,4.66
KOR,"Korea, Rep.",2049,2020,baseline,355.5133418702155,0.1088120411618622,9.367137174398577,0.00019937132336779302,4.66
KOR,"Korea, Rep.",2049,2020,ndc,0.0,0.1088120411618622,-2.2464533163396347,0.00019937132336779302,4.66
KOR,"Korea, Rep.",2049,2020,ambitious,268.9479877757342,0.1088120411618622,6.8444496782756925,0.00019937132336779302,4.66
KOR,"Korea, Rep.",2050,2020,baseline,346.4344500196376,0.10881204116186223,9.604759583256353,0.00019538389690043712,4.66
KOR,"Korea, Rep.",2050,2020,ndc,0.0,0.10881204116186223,-2.355265357501497,0.00019538389690043712,4.66
KOR,"Korea, Rep.",2050,2020,ambitious,262.07975132193087,0.10881204116186223,6.997717388435761,0.00019538389690043712,4.66
KWT,Kuwait,2024,2050,baseline,105.7772092139306,0.010212411342303227,0.09556479787162737,0.000588013958552678,0.084
KWT,Kuwait,2024,2050,ndc,105.7772092139306,0.010212411342303227,0.09556479787162737,0.000588013958552678,0.084
KWT,Kuwait,2024,2050,ambitious,105.7772092139306,0.010212411342303227,0.09556479787162737,0.000588013958552678,0.084
KWT,Kuwait,2025,2050,baseline,107.43820367896627,0.010212411342303227,0.19279059020829042,0.0005762536793816244,0.084
KWT,Kuwait,2025,2050,ndc,101.70885501339481,0.010212411342303227,0.18706124154271894,0.0005762536793816244,0.084
KWT,Kuwait,2025,2050,ambitious,103.97245521312114,0.010212411342303227,0.18932484174244527,0.0005762536793816244,0.084
KWT,Kuwait,2026,2050,baseline,109.09465990775868,0.010212411342303227,0.29167283877374595,0.0005647286057939918,0.084
KWT,Kuwait,2026,2050,ndc,97.64050081285903,0.010212411342303227,0.2744893310132748,0.0005647286057939918,0.084
KWT,Kuwait,2026,2050,ambitious,102.27624373962216,0.010212411342303227,0.2813886741397642,0.0005647286057939918,0.084
KWT,Kuwait,2027,2050,baseline,110.75111613655109,0.010212411342303229,0.39221154356799376,0.0005534340336781121,0.084
KWT,Kuwait,2027,2050,ndc,93.57214661232322,0.010212411342303229,0.3578490662832947,0.0005534340336781121,0.084
KWT,Kuwait,2027,2050,ambitious,100.6828329603742,0.010212411342303229,0.3718590957578351,0.0005534340336781121,0.084
KWT,Kuwait,2028,2050,baseline,112.4075723653435,0.010212411342303227,0.49440670459103403,0.0005423653530045498,0.084
KWT,Kuwait,2028,2050,ndc,89.50379241178743,0.010212411342303227,0.43714044735277896,0.0005423653530045498,0.084
KWT,Kuwait,2028,2050,ambitious,99.18315222597977,0.010212411342303227,0.4608298366415116,0.0005423653530045498,0.084
KWT,Kuwait,2029,2050,baseline,114.06856683037915,0.010212411342303227,0.59826286007911,0.0005315180459444588,0.084
KWT,Kuwait,2029,2050,ndc,85.43543821125165,0.010212411342303227,0.5123634742217273,0.0005315180459444588,0.084
KWT,Kuwait,2029,2050,ambitious,97.77305744946283,0.010212411342303227,0.5483904827486712,0.0005315180459444588,0.084
KWT,Kuwait,2030,2050,baseline,115.72502305917158,0.010212411342303227,0.7037754717959782,0.0005208876850255696,0.084
KWT,Kuwait,2030,2050,ndc,81.36708401071584,0.010212411342303227,0.5835181468901399,0.0005208876850255696,0.084
KWT,Kuwait,2030,2050,ambitious,96.43751940732061,0.010212411342303227,0.6346155908136886,0.0005208876850255696,0.084
KWT,Kuwait,2031,2050,baseline,117.38147928796397,0.010212411342303227,0.8109445397416389,0.0005104699313250582,0.084
KWT,Kuwait,2031,2050,ndc,77.29872981018006,0.010212411342303227,0.6506044653580167,0.0005104699313250582,0.084
KWT,Kuwait,2031,2050,ambitious,97.81789960071978,0.010212411342303227,0.7222210790721051,0.0005104699313250582,0.084
KWT,Kuwait,2032,2050,baseline,119.03793551675639,0.010212411342303229,0.9197700639160921,0.000500260532698557,0.084
KWT,Kuwait,2032,2050,ndc,73.23037560964426,0.010212411342303229,0.7136224296253578,0.000500260532698557,0.084
KWT,Kuwait,2032,2050,ambitious,99.19827979411899,0.010212411342303229,0.8112069475239209,0.000500260532698557,0.084
KWT,Kuwait,2033,2050,baseline,120.69892998179205,0.010212411342303229,1.0302565825555807,0.0004902553220445859,0.084
KWT,Kuwait,2033,2050,ndc,69.16202140910848,0.010212411342303229,0.772572039692163,0.0004902553220445859,0.084
KWT,Kuwait,2033,2050,ambitious,100.58244185106172,0.010212411342303229,0.9015769780326793,0.0004902553220445859,0.084
KWT,Kuwait,2034,2050,baseline,122.35538621058446,0.010212411342303229,1.142399557423862,0.0004804502156036942,0.084
KWT,Kuwait,2034,2050,ndc,65.09366720857268,0.010212411342303229,0.8274532955584325,0.0004804502156036942,0.084
KWT,Kuwait,2034,2050,ambitious,101.9628220444609,0.010212411342303229,0.993327388734837,0.0004804502156036942,0.084
KWT,Kuwait,2035,2050,baseline,124.01184243937686,0.010212411342303227,1.2561989885209355,0.0004708412112916202,0.084
KWT,Kuwait,2035,2050,ndc,61.02531300803688,0.010212411342303227,0.8782661972241662,0.0004708412112916202,0.084
KWT,Kuwait,2035,2050,ambitious,103.3432022378601,0.010212411342303227,1.0864581796303938,0.0004708412112916202,0.084
KWT,Kuwait,2036,2050,baseline,125.66829866816926,0.010212411342303229,1.3716548758468015,0.00046142438706578783,0.084
KWT,Kuwait,2036,2050,ndc,56.95695880750109,0.010212411342303229,0.9250107446893642,0.00046142438706578783,0.084
KWT,Kuwait,2036,2050,ambitious,104.72358243125927,0.010212411342303229,1.18096935071935,0.00046142438706578783,0.084
KWT,Kuwait,2037,2050,baseline,127.32929313320493,0.010212411342303229,1.488771757637703,0.00045219589932447206,0.084
KWT,Kuwait,2037,2050,ndc,52.8886046069653,0.010212411342303229,0.9676869379540262,0.00045219589932447206,0.084
KWT,Kuwait,2037,2050,ambitious,106.10774448820202,0.010212411342303229,1.2768646838652487,0.00045219589932447206,0.084
KWT,Kuwait,2038,2050,baseline,128.98574936199734,0.010212411342303227,1.6075450956573971,0.00044315198133798264,0.084
KWT,Kuwait,2038,2050,ndc,48.820250406429516,0.010212411342303227,1.0062947770181523,0.00044315198133798264,0.084
KWT,Kuwait,2038,2050,ambitious,107.4881246816012,0.010212411342303227,1.3741403972045467,0.00044315198133798264,0.084
KWT,Kuwait,2039,2050,baseline,130.64220559078976,0.010212411342303227,1.7279748899058835,0.00043428894171122296,0.084
KWT,Kuwait,2039,2050,ndc,44.75189620589372,0.010212411342303227,1.0408342618817428,0.00043428894171122296,0.084
KWT,Kuwait,2039,2050,ambitious,108.86850487500041,0.010212411342303227,1.472796490737244,0.00043428894171122296,0.084
KWT,Kuwait,2040,2050,baseline,132.29866181958215,0.010212411342303227,1.8500611403831626,0.0004256031628769985,0.084
KWT,Kuwait,2040,2050,ndc,40.68354200535792,0.010212411342303227,1.0713053925447975,0.0004256031628769985,0.084
KWT,Kuwait,2040,2050,ambitious,110.24888506839959,0.010212411342303227,1.5728329644633403,0.0004256031628769985,0.084
KWT,Kuwait,2041,2050,baseline,133.95965628461784,0.010212411342303227,1.973808385325477,0.0004170910996194585,0.084
KWT,Kuwait,2041,2050,ndc,36.61518780482213,0.010212411342303227,1.0977081690073165,0.0004170910996194585,0.084
KWT,Kuwait,2041,2050,ambitious,111.63304712534234,0.010212411342303227,1.6742536002463795,0.0004170910996194585,0.084
KWT,Kuwait,2042,2050,baseline,135.61611251341026,0.010212411342303227,2.099212086496584,0.0004087492776270693,0.084
KWT,Kuwait,2042,2050,ndc,32.54683360428634,0.010212411342303227,1.1200425912692995,0.0004087492776270693,0.084
KWT,Kuwait,2042,2050,ambitious,113.01342731874155,0.010212411342303227,1.7770546162228178,0.0004087492776270693,0.084
KWT,Kuwait,2043,2050,baseline,137.27256874220265,0.010212411342303227,2.2262722438964837,0.0004005742920745279,0.084
KWT,Kuwait,2043,2050,ndc,28.47847940375055,0.010212411342303227,1.1383086593307468,0.0004005742920745279,0.084
KWT,Kuwait,2043,2050,ambitious,114.39380751214073,0.010212411342303227,1.8812360123926555,0.0004005742920745279,0.084
KWT,Kuwait,2044,2050,baseline,138.92902497099504,0.010212411342303227,2.3549888575251754,0.00039256280623303736,0.084
KWT,Kuwait,2044,2050,ndc,24.41012520321475,0.010212411342303227,1.1525063731916583,0.00039256280623303736,0.084
KWT,Kuwait,2044,2050,ambitious,115.7741877055399,0.010212411342303227,1.9867977887558923,0.00039256280623303736,0.084
KWT,Kuwait,2045,2050,baseline,140.5900194360307,0.010212411342303227,2.485366465618903,0.0003847115501083766,0.084
KWT,Kuwait,2045,2050,ndc,20.34177100267896,0.010212411342303227,1.162635732852034,0.0003847115501083766,0.084
KWT,Kuwait,2045,2050,ambitious,117.15834976248263,0.010212411342303227,2.0937437271760717,0.0003847115501083766,0.084
KWT,Kuwait,2046,2050,baseline,142.24647566482312,0.010212411342303229,2.6174005299414227,0.0003770173191062091,0.084
KWT,Kuwait,2046,2050,ndc,16.27341680214317,0.010212411342303229,1.168696738311874,0.0003770173191062091,0.084
KWT,Kuwait,2046,2050,ambitious,118.53872995588183,0.010212411342303229,2.2020700457896503,0.0003770173191062091,0.084
KWT,Kuwait,2047,2050,baseline,143.90293189361552,0.010212411342303229,2.751091050492735,0.0003694769727240849,0.084
KWT,Kuwait,2047,2050,ndc,12.20506260160738,0.010212411342303229,1.1706893895711783,0.0003694769727240849,0.084
KWT,Kuwait,2047,2050,ambitious,119.91911014928101,0.010212411342303229,2.3117767445966284,0.0003694769727240849,0.084
KWT,Kuwait,2048,2050,baseline,145.55938812240794,0.010212411342303227,2.8864380272728396,0.0003620874332696032,0.084
KWT,Kuwait,2048,2050,ndc,8.13670840107158,0.010212411342303227,1.1686136866299466,0.0003620874332696032,0.084
KWT,Kuwait,2048,2050,ambitious,121.29949034268022,0.010212411342303227,2.4228638235970053,0.0003620874332696032,0.084
KWT,Kuwait,2049,2050,baseline,147.2203825874436,0.010212411342303227,3.02344599851798,0.00035484568460421117,0.084
KWT,Kuwait,2049,2050,ndc,4.06835420053579,0.010212411342303227,1.1624696294881791,0.00035484568460421117,0.084
KWT,Kuwait,2049,2050,ambitious,122.68365239962294,0.010212411342303227,2.5353350646543253,0.00035484568460421117,0.084
KWT,Kuwait,2050,2050,baseline,148.87683881623602,0.010212411342303227,3.1621104259919126,0.0003477487709121269,0.084
KWT,Kuwait,2050,2050,ndc,0.0,0.010212411342303227,1.152257218145876,0.0003477487709121269,0.084
KWT,Kuwait,2050,2050,ambitious,124.06403259302215,0.010212411342303227,2.649186685905044,0.0003477487709121269,0.084
LKA,Sri Lanka,2024,2050,baseline,20.430732104999375,0.04636955152250088,-0.0259388194175015,0.000237847079258908,20.969
LKA,Sri Lanka,2024,2050,ndc,20.430732104999375,0.04636955152250088,-0.0259388194175015,0.000237847079258908,20.969
LKA,Sri Lanka,2024,2050,ambitious,20.430732104999375,0.04636955152250088,-0.0259388194175015,0.000237847079258908,20.969
LKA,Sri Lanka,2025,2050,baseline,20.249130760256783,0.04636955152250088,-0.0520592401797456,0.00023309013767372982,20.969
LKA,Sri Lanka,2025,2050,ndc,19.644934716345553,0.04636955152250088,-0.05266343622365682,0.00023309013767372982,20.969
LKA,Sri Lanka,2025,2050,ambitious,19.059884798046863,0.04636955152250088,-0.053248486141955514,0.00023309013767372982,20.969
LKA,Sri Lanka,2026,2050,baseline,20.06802559405174,0.04636955152250088,-0.07836076610819473,0.00022842833492025521,20.969
LKA,Sri Lanka,2026,2050,ndc,18.859137327691734,0.04636955152250088,-0.08017385041846596,0.00022842833492025521,20.969
LKA,Sri Lanka,2026,2050,ambitious,17.841567992694195,0.04636955152250088,-0.08177646967176219,0.00022842833492025521,20.969
LKA,Sri Lanka,2027,2050,baseline,19.886920427846697,0.046369551522500885,-0.10484339720284891,0.0002238597682218501,20.969
LKA,Sri Lanka,2027,2050,ndc,18.073339939037908,0.046369551522500885,-0.10847006200192894,0.0002238597682218501,20.969
LKA,Sri Lanka,2027,2050,ambitious,16.751313985775877,0.046369551522500885,-0.1113947072084872,0.0002238597682218501,20.969
LKA,Sri Lanka,2028,2050,baseline,19.70581526164165,0.04636955152250088,-0.13150713346370813,0.0002193825728574131,20.969
LKA,Sri Lanka,2028,2050,ndc,17.287542550384085,0.04636955152250088,-0.13755207097404573,0.0002193825728574131,20.969
LKA,Sri Lanka,2028,2050,ambitious,15.769939126216022,0.04636955152250088,-0.14199431960477205,0.0002193825728574131,20.969
LKA,Sri Lanka,2029,2050,baseline,19.524213916899058,0.04636955152250088,-0.15835247106930994,0.00021499492140026485,20.969
LKA,Sri Lanka,2029,2050,ndc,16.501745161730266,0.04636955152250088,-0.16741987733481634,0.00021499492140026485,20.969
LKA,Sri Lanka,2029,2050,ambitious,14.881530931364694,0.04636955152250088,-0.17348234019590822,0.00021499492140026485,20.969
LKA,Sri Lanka,2030,2050,baseline,19.34310875069401,0.04636955152250088,-0.18537891384111682,0.00021069502297225954,20.969
LKA,Sri Lanka,2030,2050,ndc,15.715947773076442,0.04636955152250088,-0.19807348108424078,0.00021069502297225954,20.969
LKA,Sri Lanka,2030,2050,ambitious,14.074149635037223,0.04636955152250088,-0.20577774208337188,0.00021069502297225954,20.969
LKA,Sri Lanka,2031,2050,baseline,19.16200358448897,0.046369551522500885,-0.21258646177912874,0.00020648112251281435,20.969
LKA,Sri Lanka,2031,2050,ndc,14.930150384422621,0.046369551522500885,-0.22951288222231903,0.00020648112251281435,20.969
LKA,Sri Lanka,2031,2050,ambitious,13.942376545111511,0.046369551522500885,-0.23820491706076125,0.00020648112251281435,20.969
LKA,Sri Lanka,2032,2050,baseline,18.980898418283925,0.046369551522500885,-0.2399751148833457,0.00020235150006255807,20.969
LKA,Sri Lanka,2032,2050,ndc,14.144352995768799,0.046369551522500885,-0.26173808074905114,0.00020235150006255807,20.969
LKA,Sri Lanka,2032,2050,ambitious,13.810603455185795,0.046369551522500885,-0.2707638651280764,0.00020235150006255807,20.969
LKA,Sri Lanka,2033,2050,baseline,18.799297073541332,0.04636955152250088,-0.2675453693323052,0.00019830447006130689,20.969
LKA,Sri Lanka,2033,2050,ndc,13.358555607114976,0.04636955152250088,-0.29474907666443706,0.00019830447006130689,20.969
LKA,Sri Lanka,2033,2050,ambitious,13.6784693430959,0.04636955152250088,-0.30345494730748135,0.00019830447006130689,20.969
LKA,Sri Lanka,2034,2050,baseline,18.618191907336286,0.04636955152250088,-0.2952967289474698,0.00019433838066008075,20.969
LKA,Sri Lanka,2034,2050,ndc,12.572758218461155,0.04636955152250088,-0.3285458699684767,0.00019433838066008075,20.969
LKA,Sri Lanka,2034,2050,ambitious,13.546696253170184,0.04636955152250088,-0.33627780257681195,0.00019433838066008075,20.969
LKA,Sri Lanka,2035,2050,baseline,18.437086741131242,0.046369551522500885,-0.3232291937288394,0.0001904516130468791,20.969
LKA,Sri Lanka,2035,2050,ndc,11.786960829807331,0.046369551522500885,-0.36312846066117027,0.0001904516130468791,20.969
LKA,Sri Lanka,2035,2050,ambitious,13.41492316324447,0.046369551522500885,-0.3692324309360684,0.0001904516130468791,20.969
LKA,Sri Lanka,2036,2050,baseline,18.2559815749262,0.046369551522500885,-0.3513427636764141,0.00018664258078594152,20.969
LKA,Sri Lanka,2036,2050,ndc,11.001163441153508,0.046369551522500885,-0.3984968487425177,0.00018664258078594152,20.969
LKA,Sri Lanka,2036,2050,ambitious,13.283150073318756,0.046369551522500885,-0.4023188323852505,0.00018664258078594152,20.969
LKA,Sri Lanka,2037,2050,baseline,18.074380230183607,0.04636955152250089,-0.3796379349687314,0.0001829097291702227,20.969
LKA,Sri Lanka,2037,2050,ndc,10.215366052499688,0.04636955152250089,-0.4346510342125188,0.0001829097291702227,20.969
LKA,Sri Lanka,2037,2050,ambitious,13.151015961228861,0.04636955152250089,-0.43553736794652254,0.0001829097291702227,20.969
LKA,Sri Lanka,2038,2050,baseline,17.893275063978564,0.046369551522500885,-0.4081142114272537,0.00017925153458681826,20.969
LKA,Sri Lanka,2038,2050,ndc,9.429568663845867,0.046369551522500885,-0.47159101707117385,0.00017925153458681826,20.969
LKA,Sri Lanka,2038,2050,ambitious,13.019242871303149,0.046369551522500885,-0.46888767659772024,0.00017925153458681826,20.969
LKA,Sri Lanka,2039,2050,baseline,17.71216989777352,0.04636955152250088,-0.43677159305198104,0.00017566650389508188,20.969
LKA,Sri Lanka,2039,2050,ndc,8.643771275192044,0.04636955152250088,-0.5093167973184827,0.00017566650389508188,20.969
LKA,Sri Lanka,2039,2050,ambitious,12.887469781377435,0.04636955152250088,-0.5023697583388437,0.00017566650389508188,20.969
LKA,Sri Lanka,2040,2050,baseline,17.531064731568474,0.046369551522500885,-0.46561007984291347,0.00017215317381718024,20.969
LKA,Sri Lanka,2040,2050,ndc,7.857973886538221,0.046369551522500885,-0.5478283749544454,0.00017215317381718024,20.969
LKA,Sri Lanka,2040,2050,ambitious,12.755696691451718,0.046369551522500885,-0.5359836131698928,0.00017215317381718024,20.969
LKA,Sri Lanka,2041,2050,baseline,17.349463386825885,0.046369551522500885,-0.4946301679785885,0.00016871011034083662,20.969
LKA,Sri Lanka,2041,2050,ndc,7.072176497884399,0.046369551522500885,-0.5871257499790619,0.00016871011034083662,20.969
LKA,Sri Lanka,2041,2050,ambitious,12.623562579361826,0.046369551522500885,-0.5697296021130319,0.00016871011034083662,20.969
LKA,Sri Lanka,2042,2050,baseline,17.16835822062084,0.046369551522500885,-0.5238313612804686,0.00016533590813401988,20.969
LKA,Sri Lanka,2042,2050,ndc,6.286379109230578,0.046369551522500885,-0.6272089223923321,0.00016533590813401988,20.969
LKA,Sri Lanka,2042,2050,ambitious,12.49178948943611,0.046369551522500885,-0.6036073641460966,0.00016533590813401988,20.969
LKA,Sri Lanka,2043,2050,baseline,16.987253054415792,0.04636955152250088,-0.5532136597485536,0.0001620291899713395,20.969
LKA,Sri Lanka,2043,2050,ndc,5.500581720576756,0.04636955152250088,-0.6680778921942563,0.0001620291899713395,20.969
LKA,Sri Lanka,2043,2050,ambitious,12.360016399510393,0.04636955152250088,-0.6376168992690872,0.0001620291899713395,20.969
LKA,Sri Lanka,2044,2050,baseline,16.80614788821075,0.04636955152250088,-0.5827770633828437,0.0001587886061719127,20.969
LKA,Sri Lanka,2044,2050,ndc,4.714784331922932,0.04636955152250088,-0.7097326593848342,0.0001587886061719127,20.969
LKA,Sri Lanka,2044,2050,ambitious,12.228243309584679,0.04636955152250088,-0.6717582074820034,0.0001587886061719127,20.969
LKA,Sri Lanka,2045,2050,baseline,16.62454654346816,0.046369551522500885,-0.6125220683618766,0.00015561283404847445,20.969
LKA,Sri Lanka,2045,2050,ndc,3.9289869432691105,0.046369551522500885,-0.7521732239640662,0.00015561283404847445,20.969
LKA,Sri Lanka,2045,2050,ambitious,12.096109197494787,0.046369551522500885,-0.7060316498070096,0.00015561283404847445,20.969
LKA,Sri Lanka,2046,2050,baseline,16.443441377263113,0.04636955152250088,-0.6424481785071143,0.00015250057736750495,20.969
LKA,Sri Lanka,2046,2050,ndc,3.143189554615289,0.04636955152250088,-0.7953995859319517,0.00015250057736750495,20.969
LKA,Sri Lanka,2046,2050,ambitious,11.964336107569071,0.04636955152250088,-0.7404368652219414,0.00015250057736750495,20.969
LKA,Sri Lanka,2047,2050,baseline,16.262336211058066,0.046369551522500885,-0.6725553938185571,0.00014945056582015486,20.969
LKA,Sri Lanka,2047,2050,ndc,2.357392165961467,0.046369551522500885,-0.839411745288491,0.00014945056582015486,20.969
LKA,Sri Lanka,2047,2050,ambitious,11.832563017643354,0.046369551522500885,-0.774973853726799,0.00014945056582015486,20.969
LKA,Sri Lanka,2048,2050,baseline,16.081231044853023,0.04636955152250088,-0.702843714296205,0.00014646155450375175,20.969
LKA,Sri Lanka,2048,2050,ndc,1.5715947773076433,0.04636955152250088,-0.8842097020336843,0.00014646155450375175,20.969
LKA,Sri Lanka,2048,2050,ambitious,11.70078992771764,0.04636955152250088,-0.8096426153215822,0.00014646155450375175,20.969
LKA,Sri Lanka,2049,2050,baseline,15.89962970011043,0.04636955152250088,-0.7333136361185955,0.00014353232341367673,20.969
LKA,Sri Lanka,2049,2050,ndc,0.7857973886538216,0.04636955152250088,-0.9297934561675314,0.00014353232341367673,20.969
LKA,Sri Lanka,2049,2050,ambitious,11.568655815627745,0.04636955152250088,-0.8444435110284554,0.00014353232341367673,20.969
LKA,Sri Lanka,2050,2050,baseline,15.71852453390539,0.04636955152250088,-0.763964663107191,0.00014066167694540318,20.969
LKA,Sri Lanka,2050,2050,ndc,0.0,0.04636955152250088,-0.9761630076900323,0.00014066167694540318,20.969
LKA,Sri Lanka,2050,2050,ambitious,11.436882725702034,0.04636955152250088,-0.8793761798252542,0.00014066167694540318,20.969
LTU,Lithuania,2024,2050,baseline,12.975594050013823,0.006042297436526782,0.006933296613487041,0.000153061521028514,18.719
LTU,Lithuania,2024,2050,ndc,12.975594050013823,0.006042297436526782,0.006933296613487041,0.000153061521028514,18.719
LTU,Lithuania,2024,2050,ambitious,12.975594050013823,0.006042297436526782,0.006933296613487041,0.000153061521028514,18.719
LTU,Lithuania,2025,2050,baseline,12.915814687283468,0.006042297436526782,0.013806813864243726,0.0001500002906079437,18.719
LTU,Lithuania,2025,2050,ndc,12.476532740397907,0.006042297436526782,0.013367531917358167,0.0001500002906079437,18.719
LTU,Lithuania,2025,2050,ambitious,12.499175503844251,0.006042297436526782,0.013390174680804508,0.0001500002906079437,18.719
LTU,Lithuania,2026,2050,baseline,12.856198656145272,0.006042297436526782,0.020620715083862214,0.00014700028479578482,18.719
LTU,Lithuania,2026,2050,ndc,11.977471430781991,0.006042297436526782,0.01930270591161338,0.00014700028479578482,18.719
LTU,Lithuania,2026,2050,ambitious,12.052686240176435,0.006042297436526782,0.01940056348445416,0.00014700028479578482,18.719
LTU,Lithuania,2027,2050,baseline,12.796582625007074,0.006042297436526782,0.027375000272342506,0.00014406027909986914,18.719
LTU,Lithuania,2027,2050,ndc,11.478410121166075,0.006042297436526782,0.024738818596252668,0.00014406027909986914,18.719
LTU,Lithuania,2027,2050,ambitious,11.63325693188111,0.006042297436526782,0.024991522979808486,0.00014406027909986914,18.719
LTU,Lithuania,2028,2050,baseline,12.736966593868878,0.006042297436526782,0.0340696694296846,0.00014117907351787176,18.719
LTU,Lithuania,2028,2050,ndc,10.979348811550159,0.006042297436526782,0.029675869971276046,0.00014117907351787176,18.719
LTU,Lithuania,2028,2050,ambitious,11.238499935837291,0.006042297436526782,0.030187725479119,0.00014117907351787176,18.719
LTU,Lithuania,2029,2050,baseline,12.677187231138523,0.006042297436526782,0.04070455922429635,0.0001383554920475143,18.719
LTU,Lithuania,2029,2050,ndc,10.480287501934242,0.006042297436526782,0.0341138600366835,0.0001383554920475143,18.719
LTU,Lithuania,2029,2050,ambitious,10.866160483915948,0.006042297436526782,0.03501158852650817,0.0001383554920475143,18.719
LTU,Lithuania,2030,2050,baseline,12.617571200000327,0.006042297436526782,0.047279832987769894,0.00013558838220656402,18.719
LTU,Lithuania,2030,2050,ndc,9.981226192318324,0.006042297436526782,0.03805278879247504,0.00013558838220656402,18.719
LTU,Lithuania,2030,2050,ambitious,10.514642666760558,0.006042297436526782,0.03948393375674194,0.00013558838220656402,18.719
LTU,Lithuania,2031,2050,baseline,12.55795516886213,0.006042297436526781,0.05379549072010524,0.00013287661456243274,18.719
LTU,Lithuania,2031,2050,ndc,9.48216488270241,0.006042297436526781,0.04149265623865067,0.00013287661456243274,18.719
LTU,Lithuania,2031,2050,ambitious,10.464962640811619,0.006042297436526781,0.04390659896102678,0.00013287661456243274,18.719
LTU,Lithuania,2032,2050,baseline,12.498339137723933,0.006042297436526782,0.060251532421302385,0.00013021908227118408,18.719
LTU,Lithuania,2032,2050,ndc,8.983103573086494,0.006042297436526782,0.04443346237521038,0.00013021908227118408,18.719
LTU,Lithuania,2032,2050,ambitious,10.41528261486268,0.006042297436526782,0.04827958413936268,0.00013021908227118408,18.719
LTU,Lithuania,2033,2050,baseline,12.438559774993578,0.006042297436526782,0.06664779475976919,0.00012761470062576039,18.719
LTU,Lithuania,2033,2050,ndc,8.484042263470577,0.006042297436526782,0.04687520720215417,0.00012761470062576039,18.719
LTU,Lithuania,2033,2050,ambitious,10.365466479253607,0.006042297436526782,0.05260275318208951,0.00012761470062576039,18.719
LTU,Lithuania,2034,2050,baseline,12.378943743855384,0.006042297436526782,0.07298444106709781,0.0001250624066132452,18.719
LTU,Lithuania,2034,2050,ndc,7.984980953854661,0.006042297436526782,0.04881789071948206,0.0001250624066132452,18.719
LTU,Lithuania,2034,2050,ambitious,10.31578645330467,0.006042297436526782,0.0568762421988674,0.0001250624066132452,18.719
LTU,Lithuania,2035,2050,baseline,12.319327712717188,0.006042297436526782,0.0792614713432882,0.00012256115848098027,18.719
LTU,Lithuania,2035,2050,ndc,7.485919644238743,0.006042297436526782,0.05026151292719401,0.00012256115848098027,18.719
LTU,Lithuania,2035,2050,ambitious,10.26610642735573,0.006042297436526782,0.06110005118969633,0.00012256115848098027,18.719
LTU,Lithuania,2036,2050,baseline,12.25971168157899,0.006042297436526782,0.08547888558834041,0.00012010993531136067,18.719
LTU,Lithuania,2036,2050,ndc,6.986858334622828,0.006042297436526782,0.05120607382529005,0.00012010993531136067,18.719
LTU,Lithuania,2036,2050,ambitious,10.216426401406789,0.006042297436526782,0.06527418015457634,0.00012010993531136067,18.719
LTU,Lithuania,2037,2050,baseline,12.199932318848635,0.006042297436526783,0.09163652047066226,0.00011770773660513346,18.719
LTU,Lithuania,2037,2050,ndc,6.487797025006912,0.006042297436526783,0.05165157341377016,0.00011770773660513346,18.719
LTU,Lithuania,2037,2050,ambitious,10.166610265797717,0.006042297436526783,0.06939849298384726,0.00011770773660513346,18.719
LTU,Lithuania,2038,2050,baseline,12.140316287710439,0.006042297436526782,0.09773453932184592,0.0001153535818730308,18.719
LTU,Lithuania,2038,2050,ndc,5.9887357153909955,0.006042297436526782,0.051598011692634366,0.0001153535818730308,18.719
LTU,Lithuania,2038,2050,ambitious,10.116930239848777,0.006042297436526782,0.07347312578716925,0.0001153535818730308,18.719
LTU,Lithuania,2039,2050,baseline,12.080700256572243,0.006042297436526782,0.10377294214189137,0.00011304651023557017,18.719
LTU,Lithuania,2039,2050,ndc,5.48967440577508,0.006042297436526782,0.05104538866188266,0.00011304651023557017,18.719
LTU,Lithuania,2039,2050,ambitious,10.067250213899838,0.006042297436526782,0.0774980785645423,0.00011304651023557017,18.719
LTU,Lithuania,2040,2050,baseline,12.021084225434045,0.006042297436526782,0.10975172893079863,0.00011078558003085877,18.719
LTU,Lithuania,2040,2050,ndc,4.990613096159162,0.006042297436526782,0.04999370432151504,0.00011078558003085877,18.719
LTU,Lithuania,2040,2050,ambitious,10.017570187950898,0.006042297436526782,0.08147335131596642,0.00011078558003085877,18.719
LTU,Lithuania,2041,2050,baseline,11.96130486270369,0.006042297436526781,0.11567073635697554,0.00010856986843024159,18.719
LTU,Lithuania,2041,2050,ndc,4.491551786543247,0.006042297436526781,0.04844295867153152,0.00010856986843024159,18.719
LTU,Lithuania,2041,2050,ambitious,9.967754052341824,0.006042297436526781,0.08539880793178146,0.00010856986843024159,18.719
LTU,Lithuania,2042,2050,baseline,11.901688831565494,0.006042297436526782,0.12153012775201427,0.00010639847106163675,18.719
LTU,Lithuania,2042,2050,ndc,3.9924904769273306,0.006042297436526782,0.04639315171193206,0.00010639847106163675,18.719
LTU,Lithuania,2042,2050,ambitious,9.918074026392887,0.006042297436526782,0.08927458452164758,0.00010639847106163675,18.719
LTU,Lithuania,2043,2050,baseline,11.842072800427298,0.006042297436526782,0.12732990311591477,0.00010427050164040402,18.719
LTU,Lithuania,2043,2050,ndc,3.4934291673114144,0.006042297436526782,0.04384428344271668,0.00010427050164040402,18.719
LTU,Lithuania,2043,2050,ambitious,9.868394000443947,0.006042297436526782,0.09310068108556474,0.00010427050164040402,18.719
LTU,Lithuania,2044,2050,baseline,11.7824567692891,0.006042297436526782,0.13307006244867708,0.00010218509160759592,18.719
LTU,Lithuania,2044,2050,ndc,2.9943678576954973,0.006042297436526782,0.04079635386388539,0.00010218509160759592,18.719
LTU,Lithuania,2044,2050,ambitious,9.818713974495006,0.006042297436526782,0.09687709762353297,0.00010218509160759592,18.719
LTU,Lithuania,2045,2050,baseline,11.722677406558745,0.006042297436526782,0.13875044241870904,0.000100141389775444,18.719
LTU,Lithuania,2045,2050,ndc,2.495306548079581,0.006042297436526782,0.03724936297543818,0.000100141389775444,18.719
LTU,Lithuania,2045,2050,ambitious,9.768897838885934,0.006042297436526782,0.10060369802589211,0.000100141389775444,18.719
LTU,Lithuania,2046,2050,baseline,11.663061375420549,0.006042297436526782,0.1443712063576028,9.813856197993514e-05,18.719
LTU,Lithuania,2046,2050,ndc,1.9962452384636653,0.006042297436526782,0.03320331077737507,9.813856197993514e-05,18.719
LTU,Lithuania,2046,2050,ambitious,9.719217812936995,0.006042297436526782,0.10428061840230232,9.813856197993514e-05,18.719
LTU,Lithuania,2047,2050,baseline,11.603445344282354,0.006042297436526782,0.1499323542653584,9.617579074033644e-05,18.719
LTU,Lithuania,2047,2050,ndc,1.4971839288477493,0.006042297436526782,0.02865819726969604,9.617579074033644e-05,18.719
LTU,Lithuania,2047,2050,ambitious,9.669537786988057,0.006042297436526782,0.1079078587527636,9.617579074033644e-05,18.719
LTU,Lithuania,2048,2050,baseline,11.543829313144157,0.006042297436526782,0.15543388614197579,9.425227492552971e-05,18.719
LTU,Lithuania,2048,2050,ndc,0.9981226192318319,0.006042297436526782,0.023614022452401073,9.425227492552971e-05,18.719
LTU,Lithuania,2048,2050,ambitious,9.619857761039116,0.006042297436526782,0.11148541907727594,9.425227492552971e-05,18.719
LTU,Lithuania,2049,2050,baseline,11.4840499504138,0.006042297436526781,0.1608756386558628,9.236722942701911e-05,18.719
LTU,Lithuania,2049,2050,ndc,0.49906130961591594,0.006042297436526781,0.018070786325490196,9.236722942701911e-05,18.719
LTU,Lithuania,2049,2050,ambitious,9.570041625430042,0.006042297436526781,0.11501316326617916,9.236722942701911e-05,18.719
LTU,Lithuania,2050,2050,baseline,11.424433919275604,0.006042297436526782,0.16625777513861162,9.051988483847871e-05,18.719
LTU,Lithuania,2050,2050,ndc,0.0,0.006042297436526782,0.012028488888963407,9.051988483847871e-05,18.719
LTU,Lithuania,2050,2050,ambitious,9.520361599481102,0.006042297436526782,0.11849122742913348,9.051988483847871e-05,18.719
LUX,Luxembourg,2024,2050,baseline,7.181544723689811,0.0014022807197504317,0.005779264003939379,7.825539942741549e-05,12.572
LUX,Luxembourg,2024,2050,ndc,7.181544723689811,0.0014022807197504317,0.005779264003939379,7.825539942741549e-05,12.572
LUX,Luxembourg,2024,2050,ambitious,7.181544723689811,0.0014022807197504317,0.005779264003939379,7.825539942741549e-05,12.572
LUX,Luxembourg,2025,2050,baseline,6.888420462240595,0.0014022807197504317,0.011265403746429543,7.669029143886717e-05,12.572
LUX,Luxembourg,2025,2050,ndc,6.905331465086356,0.0014022807197504317,0.011282314749275303,7.669029143886717e-05,12.572
LUX,Luxembourg,2025,2050,ambitious,6.597896420062276,0.0014022807197504317,0.010974879704251223,7.669029143886717e-05,12.572
LUX,Luxembourg,2026,2050,baseline,6.59609708675162,0.0014022807197504319,0.016459220113430734,7.515648561008983e-05,12.572
LUX,Luxembourg,2026,2050,ndc,6.629118206482903,0.0014022807197504319,0.016509152236007775,7.515648561008983e-05,12.572
LUX,Luxembourg,2026,2050,ambitious,6.062223399034953,0.0014022807197504319,0.015634822383535744,7.515648561008983e-05,12.572
LUX,Luxembourg,2027,2050,baseline,6.303773711262646,0.0014022807197504317,0.021360713104942947,7.365335589788803e-05,12.572
LUX,Luxembourg,2027,2050,ndc,6.3529049478794475,0.0014022807197504317,0.02145977646413679,7.365335589788803e-05,12.572
LUX,Luxembourg,2027,2050,ambitious,5.568220247927794,0.0014022807197504317,0.019800761911713108,7.365335589788803e-05,12.572
LUX,Luxembourg,2028,2050,baseline,6.011450335773672,0.0014022807197504315,0.02596988272096619,7.218028877993027e-05,12.572
LUX,Luxembourg,2028,2050,ndc,6.076691689275994,0.0014022807197504315,0.026134187433662352,7.218028877993027e-05,12.572
LUX,Luxembourg,2028,2050,ambitious,5.111206769340703,0.0014022807197504315,0.02350968796130338,7.218028877993027e-05,12.572
LUX,Luxembourg,2029,2050,baseline,5.718326074324455,0.0014022807197504315,0.030285928075540217,7.073668300433166e-05,12.572
LUX,Luxembourg,2029,2050,ndc,5.800478430672539,0.0014022807197504315,0.030532385144584458,7.073668300433166e-05,12.572
LUX,Luxembourg,2029,2050,ambitious,4.686521979156978,0.0014022807197504315,0.026793929220709924,7.073668300433166e-05,12.572
LUX,Luxembourg,2030,2050,baseline,5.426002698835481,0.0014022807197504317,0.03430965005462527,6.932194934424503e-05,12.572
LUX,Luxembourg,2030,2050,ndc,5.524265172069085,0.0014022807197504317,0.034654369596903115,6.932194934424503e-05,12.572
LUX,Luxembourg,2030,2050,ambitious,4.29205481484019,0.0014022807197504317,0.029683703315799684,6.932194934424503e-05,12.572
LUX,Luxembourg,2031,2050,baseline,5.133679323346507,0.0014022807197504317,0.03804104865822134,6.793551035736013e-05,12.572
LUX,Luxembourg,2031,2050,ndc,5.248051913465631,0.0014022807197504317,0.038500140790618316,6.793551035736013e-05,12.572
LUX,Luxembourg,2031,2050,ambitious,4.060822354980363,0.0014022807197504317,0.032342244951029615,6.793551035736013e-05,12.572
LUX,Luxembourg,2032,2050,baseline,4.841355947857532,0.0014022807197504317,0.04148012388632844,6.657680015021293e-05,12.572
LUX,Luxembourg,2032,2050,ndc,4.971838654862177,0.0014022807197504317,0.04206969872573006,6.657680015021293e-05,12.572
LUX,Luxembourg,2032,2050,ambitious,3.829589895120536,0.0014022807197504317,0.03476955412639972,6.657680015021293e-05,12.572
LUX,Luxembourg,2033,2050,baseline,4.548231686408314,0.0014022807197504317,0.04462607485298632,6.524526414720865e-05,12.572
LUX,Luxembourg,2033,2050,ndc,4.695625396258722,0.0014022807197504317,0.04536304340223835,6.524526414720865e-05,12.572
LUX,Luxembourg,2033,2050,ambitious,3.5977239216720514,0.0014022807197504317,0.036964997328321335,6.524526414720865e-05,12.572
LUX,Luxembourg,2034,2050,baseline,4.255908310919343,0.0014022807197504319,0.04747970244415524,6.394035886426449e-05,12.572
LUX,Luxembourg,2034,2050,ndc,4.419412137655269,0.0014022807197504319,0.04838017482014319,6.394035886426449e-05,12.572
LUX,Luxembourg,2034,2050,ambitious,3.3664914618122275,0.0014022807197504319,0.03892920807038313,6.394035886426449e-05,12.572
LUX,Luxembourg,2035,2050,baseline,3.9635849354303674,0.0014022807197504317,0.05004100665983517,6.26615516869792e-05,12.572
LUX,Luxembourg,2035,2050,ndc,4.1431988790518135,0.0014022807197504317,0.051121092979444574,6.26615516869792e-05,12.572
LUX,Luxembourg,2035,2050,ambitious,3.1352590019523987,0.0014022807197504317,0.040662186352585096,6.26615516869792e-05,12.572
LUX,Luxembourg,2036,2050,baseline,3.671261559941394,0.0014022807197504317,0.052309987500026134,6.14083206532396e-05,12.572
LUX,Luxembourg,2036,2050,ndc,3.8669856204483595,0.0014022807197504317,0.053585797880142505,6.14083206532396e-05,12.572
LUX,Luxembourg,2036,2050,ambitious,2.9040265420925726,0.0014022807197504317,0.04216393217492724,6.14083206532396e-05,12.572
LUX,Luxembourg,2037,2050,baseline,3.3781372984921756,0.0014022807197504317,0.05428584407876788,6.0180154240174814e-05,12.572
LUX,Luxembourg,2037,2050,ndc,3.5907723618449054,0.0014022807197504317,0.05577428952223698,6.0180154240174814e-05,12.572
LUX,Luxembourg,2037,2050,ambitious,2.672160568644088,0.0014022807197504317,0.04343381202382089,6.0180154240174814e-05,12.572
LUX,Luxembourg,2038,2050,baseline,3.0858139230032022,0.0014022807197504317,0.05596937728202066,5.897655115537133e-05,12.572
LUX,Luxembourg,2038,2050,ndc,3.3145591032414514,0.0014022807197504317,0.057686567905728,5.897655115537133e-05,12.572
LUX,Luxembourg,2038,2050,ambitious,2.4409281087842616,0.0014022807197504317,0.04447245941285473,5.897655115537133e-05,12.572
LUX,Luxembourg,2039,2050,baseline,2.793490547514229,0.0014022807197504315,0.05736058710978445,5.7797020132263894e-05,12.572
LUX,Luxembourg,2039,2050,ndc,3.0383458446379974,0.0014022807197504315,0.059322633030615565,5.7797020132263894e-05,12.572
LUX,Luxembourg,2039,2050,ambitious,2.209695648924435,0.0014022807197504315,0.045279874342028736,5.7797020132263894e-05,12.572
LUX,Luxembourg,2040,2050,baseline,2.5011671720252555,0.0014022807197504317,0.05845947356205927,5.6641079729618614e-05,12.572
LUX,Luxembourg,2040,2050,ndc,2.7621325860345425,0.0014022807197504317,0.060682484896899674,5.6641079729618614e-05,12.572
LUX,Luxembourg,2040,2050,ambitious,1.978463189064609,0.0014022807197504317,0.045856056811342916,5.6641079729618614e-05,12.572
LUX,Luxembourg,2041,2050,baseline,2.208042910576037,0.0014022807197504315,0.05926523575288488,5.550825813502624e-05,12.572
LUX,Luxembourg,2041,2050,ndc,2.4859193274310885,0.0014022807197504315,0.06176612350458033,5.550825813502624e-05,12.572
LUX,Luxembourg,2041,2050,ambitious,1.7465972156161245,0.0014022807197504315,0.04620037330720861,5.550825813502624e-05,12.572
LUX,Luxembourg,2042,2050,baseline,1.9157195350870635,0.0014022807197504317,0.059778674568221515,5.439809297232571e-05,12.572
LUX,Luxembourg,2042,2050,ndc,2.2097060688276344,0.0014022807197504317,0.06257354885365753,5.439809297232571e-05,12.572
LUX,Luxembourg,2042,2050,ambitious,1.515364755756298,0.0014022807197504317,0.04631345734321447,5.439809297232571e-05,12.572
LUX,Luxembourg,2043,2050,baseline,1.6233961595980901,0.0014022807197504317,0.05999979000806917,5.3310131112879196e-05,12.572
LUX,Luxembourg,2043,2050,ndc,1.9334928102241802,0.0014022807197504317,0.06310476094413127,5.3310131112879196e-05,12.572
LUX,Luxembourg,2043,2050,ambitious,1.2841322958964714,0.0014022807197504317,0.04619530891936051,5.3310131112879196e-05,12.572
LUX,Luxembourg,2044,2050,baseline,1.3310727841091168,0.0014022807197504315,0.05992858207242785,5.224392849062161e-05,12.572
LUX,Luxembourg,2044,2050,ndc,1.6572795516207253,0.0014022807197504315,0.06335975977600156,5.224392849062161e-05,12.572
LUX,Luxembourg,2044,2050,ambitious,1.052899836036645,0.0014022807197504315,0.045845928035646716,5.224392849062161e-05,12.572
LUX,Luxembourg,2045,2050,baseline,1.0379485226598983,0.0014022807197504315,0.059564249875337316,5.119904992080918e-05,12.572
LUX,Luxembourg,2045,2050,ndc,1.3810662930172712,0.0014022807197504315,0.0633385453492684,5.119904992080918e-05,12.572
LUX,Luxembourg,2045,2050,ambitious,0.8210338625881606,0.0014022807197504315,0.04526468117848445,5.119904992080918e-05,12.572
LUX,Luxembourg,2046,2050,baseline,0.745625147170925,0.0014022807197504317,0.05890759430275781,5.0175068922393e-05,12.572
LUX,Luxembourg,2046,2050,ndc,1.1048530344138172,0.0014022807197504317,0.06304111766393179,5.0175068922393e-05,12.572
LUX,Luxembourg,2046,2050,ambitious,0.5898014027283343,0.0014022807197504317,0.044452201861462357,5.0175068922393e-05,12.572
LUX,Luxembourg,2047,2050,baseline,0.4533017716819516,0.0014022807197504317,0.05795861535468934,4.917156754394514e-05,12.572
LUX,Luxembourg,2047,2050,ndc,0.8286397758103631,0.0014022807197504317,0.06246747671999173,4.917156754394514e-05,12.572
LUX,Luxembourg,2047,2050,ambitious,0.3585689428685079,0.0014022807197504317,0.043408490084580434,4.917156754394514e-05,12.572
LUX,Luxembourg,2048,2050,baseline,0.16097839619297546,0.0014022807197504315,0.05671731303113188,4.818813619306623e-05,12.572
LUX,Luxembourg,2048,2050,ndc,0.5524265172069082,0.0014022807197504315,0.061617622517448206,4.818813619306623e-05,12.572
LUX,Luxembourg,2048,2050,ambitious,0.12733648300867928,0.0014022807197504315,0.04213354584783868,4.818813619306623e-05,12.572
LUX,Luxembourg,2049,2050,baseline,0.0,0.0014022807197504317,0.05531503231138145,4.722437346920491e-05,12.572
LUX,Luxembourg,2049,2050,ndc,0.2762132586034541,0.0014022807197504317,0.06049155505630123,4.722437346920491e-05,12.572
LUX,Luxembourg,2049,2050,ambitious,0.0,0.0014022807197504317,0.04073126512808825,4.722437346920491e-05,12.572
LUX,Luxembourg,2050,2050,baseline,0.0,0.0014022807197504315,0.05391275159163102,4.627988599982081e-05,12.572
LUX,Luxembourg,2050,2050,ndc,0.0,0.0014022807197504315,0.0590892743365508,4.627988599982081e-05,12.572
LUX,Luxembourg,2050,2050,ambitious,0.0,0.0014022807197504315,0.03932898440833782,4.627988599982081e-05,12.572
LVA,Latvia,2024,2050,baseline,6.724511742979768,0.003950459802067508,0.00277405194091226,0.000149927587451026,31.776
LVA,Latvia,2024,2050,ndc,6.724511742979768,0.003950459802067508,0.00277405194091226,0.000149927587451026,31.776
LVA,Latvia,2024,2050,ambitious,6.724511742979768,0.003950459802067508,0.00277405194091226,0.000149927587451026,31.776
LVA,Latvia,2025,2050,baseline,6.6366809185545526,0.003950459802067508,0.005460273057399306,0.00014692903570200547,31.776
LVA,Latvia,2025,2050,ndc,6.465876675942085,0.003950459802067508,0.005289468814786837,0.00014692903570200547,31.776
LVA,Latvia,2025,2050,ambitious,6.419641996305686,0.003950459802067508,0.005243234135150439,0.00014692903570200547,31.776
LVA,Latvia,2026,2050,baseline,6.549090069059461,0.003950459802067508,0.008058903324391258,0.00014399045498796536,31.776
LVA,Latvia,2026,2050,ndc,6.207241608904401,0.003950459802067508,0.007546250621623731,0.00014399045498796536,31.776
LVA,Latvia,2026,2050,ambitious,6.13430583996474,0.003950459802067508,0.007427080173047671,0.00014399045498796536,31.776
LVA,Latvia,2027,2050,baseline,6.46149921956437,0.003950459802067508,0.01056994274188812,0.00014111064588820605,31.776
LVA,Latvia,2027,2050,ndc,5.948606541866718,0.003950459802067508,0.00954439736142294,0.00014111064588820605,31.776
LVA,Latvia,2027,2050,ambitious,5.866486630227736,0.003950459802067508,0.009343107001207898,0.00014111064588820605,31.776
LVA,Latvia,2028,2050,baseline,6.373908370069279,0.003950459802067507,0.012993391309889891,0.00013828843297044194,31.776
LVA,Latvia,2028,2050,ndc,5.689971474829035,0.003950459802067507,0.01128390903418447,0.00013828843297044194,31.776
LVA,Latvia,2028,2050,ambitious,5.6146193431836755,0.003950459802067507,0.01100726654232407,0.00013828843297044194,31.776
LVA,Latvia,2029,2050,baseline,6.286077545644064,0.003950459802067508,0.015329009053466451,0.00013552266431103308,31.776
LVA,Latvia,2029,2050,ndc,5.431336407791351,0.003950459802067508,0.012764785639908315,0.00013552266431103308,31.776
LVA,Latvia,2029,2050,ambitious,5.377114721385604,0.003950459802067508,0.01243392146164217,0.00013552266431103308,31.776
LVA,Latvia,2030,2050,baseline,6.198486696148973,0.003950459802067508,0.01757703594754792,0.00013281221102481243,31.776
LVA,Latvia,2030,2050,ndc,5.172701340753667,0.003950459802067508,0.013987027178594479,0.00013281221102481243,31.776
LVA,Latvia,2030,2050,ambitious,5.153160699700685,0.003950459802067508,0.013636622359275347,0.00013281221102481243,31.776
LVA,Latvia,2031,2050,baseline,6.110895846653882,0.003950459802067508,0.019737471992134298,0.00013015596680431617,31.776
LVA,Latvia,2031,2050,ndc,4.914066273715985,0.003950459802067508,0.014950633650242955,0.00013015596680431617,31.776
LVA,Latvia,2031,2050,ambitious,5.0803413575938565,0.003950459802067508,0.0147665039148017,0.00013015596680431617,31.776
LVA,Latvia,2032,2050,baseline,6.023304997158791,0.003950459802067508,0.021810317187225585,0.00012755284746822986,31.776
LVA,Latvia,2032,2050,ndc,4.655431206678301,0.003950459802067508,0.01565560505485375,0.00012755284746822986,31.776
LVA,Latvia,2032,2050,ambitious,5.007522015487027,0.003950459802067508,0.015823566128221223,0.00012755284746822986,31.776
LVA,Latvia,2033,2050,baseline,5.935474172733575,0.003950459802067508,0.02379533155789166,0.00012500179051886523,31.776
LVA,Latvia,2033,2050,ndc,4.396796139640617,0.003950459802067508,0.016101941392426863,0.00012500179051886523,31.776
LVA,Latvia,2033,2050,ambitious,4.934503168333329,0.003950459802067508,0.016807609494487043,0.00012500179051886523,31.776
LVA,Latvia,2034,2050,baseline,5.847883323238484,0.003950459802067508,0.025692755079062643,0.00012250175470848796,31.776
LVA,Latvia,2034,2050,ndc,4.1381610726029345,0.003950459802067508,0.01628964266296229,0.00012250175470848796,31.776
LVA,Latvia,2034,2050,ambitious,4.8616838262265,0.003950459802067508,0.01771883351864604,0.00012250175470848796,31.776
LVA,Latvia,2035,2050,baseline,5.760292473743393,0.003950459802067508,0.02750258775073853,0.00012005171961431817,31.776
LVA,Latvia,2035,2050,ndc,3.8795260055652503,0.003950459802067508,0.016218708866460034,0.00012005171961431817,31.776
LVA,Latvia,2035,2050,ambitious,4.78886448411967,0.003950459802067508,0.018557238200698205,0.00012005171961431817,31.776
LVA,Latvia,2036,2050,baseline,5.672701624248302,0.003950459802067509,0.02922482957291933,0.00011765068522203181,31.776
LVA,Latvia,2036,2050,ndc,3.6208909385275674,0.003950459802067509,0.01588914000292009,0.00011765068522203181,31.776
LVA,Latvia,2036,2050,ambitious,4.716045142012842,0.003950459802067509,0.019322823540643547,0.00011765068522203181,31.776
LVA,Latvia,2037,2050,baseline,5.584870799823087,0.003950459802067509,0.030859240570674913,0.00011529767151759117,31.776
LVA,Latvia,2037,2050,ndc,3.362255871489884,0.003950459802067509,0.015300936072342473,0.00011529767151759117,31.776
LVA,Latvia,2037,2050,ambitious,4.643026294859144,0.003950459802067509,0.020015390033435186,0.00011529767151759117,31.776
LVA,Latvia,2038,2050,baseline,5.4972799503279965,0.003950459802067508,0.0324060607189354,0.00011299171808723936,31.776
LVA,Latvia,2038,2050,ndc,3.1036208044522007,0.003950459802067508,0.014454097074727168,0.00011299171808723936,31.776
LVA,Latvia,2038,2050,ambitious,4.570206952752315,0.003950459802067508,0.020635137184119995,0.00011299171808723936,31.776
LVA,Latvia,2039,2050,baseline,5.409689100832906,0.003950459802067508,0.03386529001770079,0.00011073188372549455,31.776
LVA,Latvia,2039,2050,ndc,2.8449857374145178,0.003950459802067508,0.013348623010074168,0.00011073188372549455,31.776
LVA,Latvia,2039,2050,ambitious,4.497387610645487,0.003950459802067508,0.021182064992697966,0.00011073188372549455,31.776
LVA,Latvia,2040,2050,baseline,5.322098251337813,0.003950459802067508,0.03523692846697109,0.00010851724605098467,31.776
LVA,Latvia,2040,2050,ndc,2.5863506703768335,0.003950459802067508,0.011984513878383493,0.00010851724605098467,31.776
LVA,Latvia,2040,2050,ambitious,4.424568268538656,0.003950459802067508,0.021656173459169106,0.00010851724605098467,31.776
LVA,Latvia,2041,2050,baseline,5.234267426912599,0.003950459802067507,0.03652073609181618,0.00010634690112996496,31.776
LVA,Latvia,2041,2050,ndc,2.3277156033391506,0.003950459802067507,0.01036176967965513,0.00010634690112996496,31.776
LVA,Latvia,2041,2050,ambitious,4.351549421384959,0.003950459802067507,0.022057263078486558,0.00010634690112996496,31.776
LVA,Latvia,2042,2050,baseline,5.146676577417508,0.003950459802067508,0.03771695286716617,0.00010421996310736567,31.776
LVA,Latvia,2042,2050,ndc,2.0690805363014673,0.003950459802067508,0.00848039041388908,0.00010421996310736567,31.776
LVA,Latvia,2042,2050,ambitious,4.27873007927813,0.003950459802067508,0.02238553335569718,0.00010421996310736567,31.776
LVA,Latvia,2043,2050,baseline,5.059085727922416,0.003950459802067508,0.03882557879302108,0.00010213556384521836,31.776
LVA,Latvia,2043,2050,ndc,1.810445469263784,0.003950459802067508,0.0063403760810853554,0.00010213556384521836,31.776
LVA,Latvia,2043,2050,ambitious,4.2059107371713,0.003950459802067508,0.02264098429080097,0.00010213556384521836,31.776
LVA,Latvia,2044,2050,baseline,4.971494878427325,0.003950459802067508,0.03984661386938089,0.00010009285256831398,31.776
LVA,Latvia,2044,2050,ndc,1.5518104022261001,0.003950459802067508,0.003941726681243943,0.00010009285256831398,31.776
LVA,Latvia,2044,2050,ambitious,4.133091395064472,0.003950459802067508,0.02282361588379793,0.00010009285256831398,31.776
LVA,Latvia,2045,2050,baseline,4.883664054002111,0.003950459802067508,0.040779818121315495,9.80909955169477e-05,31.776
LVA,Latvia,2045,2050,ndc,1.2931753351884168,0.003950459802067508,0.001284442214364842,9.80909955169477e-05,31.776
LVA,Latvia,2045,2050,ambitious,4.060072547910774,0.003950459802067508,0.022933228629641186,9.80909955169477e-05,31.776
LVA,Latvia,2046,2050,baseline,4.796073204507019,0.003950459802067508,0.04162543152375499,9.612917560660875e-05,31.776
LVA,Latvia,2046,2050,ndc,1.0345402681507336,0.003950459802067508,-0.0016314773195519328,9.612917560660875e-05,31.776
LVA,Latvia,2046,2050,ambitious,3.987253205803945,0.003950459802067508,0.022970022033377613,9.612917560660875e-05,31.776
LVA,Latvia,2047,2050,baseline,4.708482355011928,0.003950459802067508,0.0423834540766994,9.420659209447658e-05,31.776
LVA,Latvia,2047,2050,ndc,0.7759052011130504,0.003950459802067508,-0.004806031920506396,9.420659209447658e-05,31.776
LVA,Latvia,2047,2050,ambitious,3.9144338636971163,0.003950459802067508,0.022933996095007222,9.420659209447658e-05,31.776
LVA,Latvia,2048,2050,baseline,4.620891505516837,0.003950459802067508,0.043053885780148723,9.232246025258705e-05,31.776
LVA,Latvia,2048,2050,ndc,0.5172701340753665,0.003950459802067508,-0.008239221588498546,9.232246025258705e-05,31.776
LVA,Latvia,2048,2050,ambitious,3.841614521590287,0.003950459802067508,0.02282515081453,9.232246025258705e-05,31.776
LVA,Latvia,2049,2050,baseline,4.533060681091623,0.003950459802067508,0.04363648665917284,9.04760110475353e-05,31.776
LVA,Latvia,2049,2050,ndc,0.25863506703768324,0.003950459802067508,-0.011931046323528371,9.04760110475353e-05,31.776
LVA,Latvia,2049,2050,ambitious,3.7685956744365905,0.003950459802067508,0.022643286686899092,9.04760110475353e-05,31.776
LVA,Latvia,2050,2050,baseline,4.44546983159653,0.003950459802067508,0.04413149668870185,8.866649082658458e-05,31.776
LVA,Latvia,2050,2050,ndc,0.0,0.003950459802067508,-0.015881506125595884,8.866649082658458e-05,31.776
LVA,Latvia,2050,2050,ambitious,3.69577633232976,0.003950459802067508,0.022388603217161337,8.866649082658458e-05,31.776
MAR,Morocco,2024,2050,baseline,72.4489934897725,0.07935344845668975,-0.006904454966917245,0.00046597417124246804,7.974
MAR,Morocco,2024,2050,ndc,72.4489934897725,0.07935344845668975,-0.006904454966917245,0.00046597417124246804,7.974
MAR,Morocco,2024,2050,ambitious,72.4489934897725,0.07935344845668975,-0.006904454966917245,0.00046597417124246804,7.974
MAR,Morocco,2025,2050,baseline,74.01028159531633,0.07935344845668976,-0.0122476218282907,0.00045665468781761864,7.974
MAR,Morocco,2025,2050,ndc,69.66249374016587,0.07935344845668976,-0.016595409683441142,0.00045665468781761864,7.974
MAR,Morocco,2025,2050,ambitious,71.62285315704749,0.07935344845668976,-0.014635050266559535,0.00045665468781761864,7.974
MAR,Morocco,2026,2050,baseline,75.56730388636412,0.07935344845668975,-0.01603376639861631,0.00044752159406126626,7.974
MAR,Morocco,2026,2050,ndc,66.87599399055924,0.07935344845668975,-0.029072864149571637,0.00044752159406126626,7.974
MAR,Morocco,2026,2050,ambitious,70.84434739402163,0.07935344845668975,-0.023144151329227647,0.00044752159406126626,7.974
MAR,Morocco,2027,2050,baseline,77.12432617741192,0.07935344845668975,-0.018262888677894107,0.0004385711621800409,7.974
MAR,Morocco,2027,2050,ndc,64.0894942409526,0.07935344845668975,-0.04433681836530878,0.0004385711621800409,7.974
MAR,Morocco,2027,2050,ambitious,70.11302379844653,0.07935344845668975,-0.032384575987470854,0.0004385711621800409,7.974
MAR,Morocco,2028,2050,baseline,78.68134846845973,0.07935344845668975,-0.018934988666124086,0.0004297997389364401,7.974
MAR,Morocco,2028,2050,ndc,61.30299449134596,0.07935344845668975,-0.062387272330652555,0.0004297997389364401,7.974
MAR,Morocco,2028,2050,ambitious,69.42471923790052,0.07935344845668975,-0.04231330520626009,0.0004297997389364401,7.974
MAR,Morocco,2029,2050,baseline,80.24263657400353,0.07935344845668975,-0.018045800548810276,0.0004212037441577113,7.974
MAR,Morocco,2029,2050,ndc,58.51649474173933,0.07935344845668975,-0.08322422604560298,0.0004212037441577113,7.974
MAR,Morocco,2029,2050,ambitious,68.77940277894952,0.07935344845668975,-0.05288735088400032,0.0004212037441577113,7.974
MAR,Morocco,2030,2050,baseline,81.79965886505134,0.07935344845668975,-0.01559959014044865,0.0004127796692745571,7.974
MAR,Morocco,2030,2050,ndc,55.72999499213269,0.07935344845668975,-0.10684767951016005,0.0004127796692745571,7.974
MAR,Morocco,2030,2050,ambitious,68.16638238896755,0.07935344845668975,-0.0640744169517225,0.0004127796692745571,7.974
MAR,Morocco,2031,2050,baseline,83.35668115609914,0.07935344845668975,-0.011596357441039262,0.00040452407588906594,7.974
MAR,Morocco,2031,2050,ndc,52.94349524252607,0.07935344845668975,-0.13325763272432378,0.00040452407588906594,7.974
MAR,Morocco,2031,2050,ambitious,69.46390096486785,0.07935344845668975,-0.07396396444354447,0.00040452407588906594,7.974
MAR,Morocco,2032,2050,baseline,84.91370344714693,0.07935344845668975,-0.006036102450582059,0.00039643359437128463,7.974
MAR,Morocco,2032,2050,ndc,50.15699549291943,0.07935344845668975,-0.16245408568809416,0.00039643359437128463,7.974
MAR,Morocco,2032,2050,ambitious,70.76141954076812,0.07935344845668975,-0.08255599335946617,0.00039643359437128463,7.974
MAR,Morocco,2033,2050,baseline,86.47499155269077,0.07935344845668975,0.0010854406454189336,0.00038850492248385885,7.974
MAR,Morocco,2033,2050,ndc,47.370495743312794,0.07935344845668975,-0.1944370384014712,0.00038850492248385885,7.974
MAR,Morocco,2033,2050,ambitious,72.06249296208185,0.07935344845668975,-0.08984694885407407,0.00038850492248385885,7.974
MAR,Morocco,2034,2050,baseline,88.03201384373855,0.07935344845668975,0.009764006032467742,0.00038073482403418174,7.974
MAR,Morocco,2034,2050,ndc,44.58399599370616,0.07935344845668975,-0.22920649086445477,0.00038073482403418174,7.974
MAR,Morocco,2034,2050,ambitious,73.36001153798212,0.07935344845668975,-0.09584038577278176,0.00038073482403418174,7.974
MAR,Morocco,2035,2050,baseline,89.58903613478635,0.07935344845668975,0.019999593710564256,0.00037312012755349804,7.974
MAR,Morocco,2035,2050,ndc,41.79749624409952,0.07935344845668975,-0.266762443077045,0.00037312012755349804,7.974
MAR,Morocco,2035,2050,ambitious,74.6575301138824,0.07935344845668975,-0.10053630411558911,0.00037312012755349804,7.974
MAR,Morocco,2036,2050,baseline,91.14605842583416,0.07935344845668976,0.0317922036797087,0.0003656577250024281,7.974
MAR,Morocco,2036,2050,ndc,39.010996494492886,0.07935344845668976,-0.30710489503924177,0.0003656577250024281,7.974
MAR,Morocco,2036,2050,ambitious,75.95504868978269,0.07935344845668976,-0.10393470388249615,0.0003656577250024281,7.974
MAR,Morocco,2037,2050,baseline,92.70734653137798,0.07935344845668976,0.04514610175439682,0.0003583445705023795,7.974
MAR,Morocco,2037,2050,ndc,36.22449674488625,0.07935344845668976,-0.3502338467510453,0.0003583445705023795,7.974
MAR,Morocco,2037,2050,ambitious,77.2561221110964,0.07935344845668976,-0.10603203022808949,0.0003583445705023795,7.974
MAR,Morocco,2038,2050,baseline,94.2643688224258,0.07935344845668975,0.060057022120132864,0.00035117767909233194,7.974
MAR,Morocco,2038,2050,ndc,33.43799699527962,0.07935344845668975,-0.3961492982124555,0.00035117767909233194,7.974
MAR,Morocco,2038,2050,ambitious,78.5536406869967,0.07935344845668975,-0.10683183799778262,0.00035117767909233194,7.974
MAR,Morocco,2039,2050,baseline,95.82139111347357,0.07935344845668975,0.07652496477691662,0.00034415412551048525,7.974
MAR,Morocco,2039,2050,ndc,30.651497245672985,0.07935344845668975,-0.4448512494234723,0.00034415412551048525,7.974
MAR,Morocco,2039,2050,ambitious,79.85115926289697,0.07935344845668975,-0.10633412719157542,0.00034415412551048525,7.974
MAR,Morocco,2040,2050,baseline,97.37841340452138,0.07935344845668975,0.0945499297247483,0.0003372710430002756,7.974
MAR,Morocco,2040,2050,ndc,27.864997496066344,0.07935344845668975,-0.4963397003840958,0.0003372710430002756,7.974
MAR,Morocco,2040,2050,ambitious,81.14867783879727,0.07935344845668975,-0.1045388978094679,0.0003372710430002756,7.974
MAR,Morocco,2041,2050,baseline,98.9397015100652,0.07935344845668975,0.11413618277812376,0.00033052562214027004,7.974
MAR,Morocco,2041,2050,ndc,25.078497746459714,0.07935344845668975,-0.5506146510943258,0.00033052562214027004,7.974
MAR,Morocco,2041,2050,ambitious,82.44975126011099,0.07935344845668975,-0.10144259500604669,0.00033052562214027004,7.974
MAR,Morocco,2042,2050,baseline,100.49672380111299,0.07935344845668975,0.13527945812254694,0.00032391510969746463,7.974
MAR,Morocco,2042,2050,ndc,22.29199799685308,0.07935344845668975,-0.6076761015541625,0.00032391510969746463,7.974
MAR,Morocco,2042,2050,ambitious,83.74726983601126,0.07935344845668975,-0.09704877362672515,0.00032391510969746463,7.974
MAR,Morocco,2043,2050,baseline,102.05374609216081,0.07935344845668975,0.15797975575801804,0.0003174368075035153,7.974
MAR,Morocco,2043,2050,ndc,19.505498247246447,0.07935344845668975,-0.6675240517636059,0.0003174368075035153,7.974
MAR,Morocco,2043,2050,ambitious,85.04478841191155,0.07935344845668975,-0.09135743367150329,0.0003174368075035153,7.974
MAR,Morocco,2044,2050,baseline,103.61076838320858,0.07935344845668975,0.18223707568453684,0.000311088071353445,7.974
MAR,Morocco,2044,2050,ndc,16.718998497639806,0.07935344845668975,-0.7301585017226558,0.000311088071353445,7.974
MAR,Morocco,2044,2050,ambitious,86.34230698781182,0.07935344845668975,-0.08436857514038132,0.000311088071353445,7.974
MAR,Morocco,2045,2050,baseline,105.17205648875242,0.07935344845668976,0.20805568371659944,0.0003048663099263761,7.974
MAR,Morocco,2045,2050,ndc,13.932498748033172,0.07935344845668976,-0.7955794514313125,0.0003048663099263761,7.974
MAR,Morocco,2045,2050,ambitious,87.64338040912554,0.07935344845668976,-0.07607864318794566,0.0003048663099263761,7.974
MAR,Morocco,2046,2050,baseline,106.72907877980022,0.07935344845668975,0.23543131403970996,0.0002987689837278486,7.974
MAR,Morocco,2046,2050,ndc,11.14599899842654,0.07935344845668975,-0.8637869008895758,0.0002987689837278486,7.974
MAR,Morocco,2046,2050,ambitious,88.94089898502583,0.07935344845668975,-0.06649119265960968,0.0002987689837278486,7.974
MAR,Morocco,2047,2050,baseline,108.286101070848,0.07935344845668975,0.26436396665386797,0.00029279360405329167,7.974
MAR,Morocco,2047,2050,ndc,8.359499248819906,0.07935344845668975,-0.9347808500974456,0.00029279360405329167,7.974
MAR,Morocco,2047,2050,ambitious,90.23841756092611,0.07935344845668975,-0.05560622355537337,0.00029279360405329167,7.974
MAR,Morocco,2048,2050,baseline,109.84312336189582,0.07935344845668975,0.2948536415590741,0.0002869377319722258,7.974
MAR,Morocco,2048,2050,ndc,5.572999499213266,0.07935344845668975,-1.008561299054922,0.0002869377319722258,7.974
MAR,Morocco,2048,2050,ambitious,91.53593613682641,0.07935344845668975,-0.043423735875236735,0.0002869377319722258,7.974
MAR,Morocco,2049,2050,baseline,111.40441146743964,0.07935344845668975,0.32690460456982384,0.0002811989773327813,7.974
MAR,Morocco,2049,2050,ndc,2.786499749606633,0.07935344845668975,-1.0851282477620052,0.0002811989773327813,7.974
MAR,Morocco,2049,2050,ambitious,92.83700955814012,0.07935344845668975,-0.02994017477378641,0.0002811989773327813,7.974
MAR,Morocco,2050,2050,baseline,112.96143375848744,0.07935344845668975,0.3605125898716217,0.00027557499778612564,7.974
MAR,Morocco,2050,2050,ndc,0.0,0.07935344845668975,-1.164481696218695,0.00027557499778612564,7.974
MAR,Morocco,2050,2050,ambitious,94.13452813404041,0.07935344845668975,-0.01515909509643576,0.00027557499778612564,7.974
MEX,Mexico,2024,2020,baseline,454.7445541092785,0.2729942569073534,0.1817502972019251,0.000263669774086614,7.928
MEX,Mexico,2024,2020,ndc,454.7445541092785,0.2729942569073534,0.1817502972019251,0.000263669774086614,7.928
MEX,Mexico,2024,2020,ambitious,454.7445541092785,0.2729942569073534,0.1817502972019251,0.000263669774086614,7.928
MEX,Mexico,2025,2020,baseline,452.6025244836522,0.2729942569073534,0.3613585647782239,0.0002583963786048817,7.928
MEX,Mexico,2025,2020,ndc,0.0,0.2729942569073534,-0.09124395970542831,0.0002583963786048817,7.928
MEX,Mexico,2025,2020,ambitious,429.4717176120288,0.2729942569073534,0.33822775790660053,0.0002583963786048817,7.928
MEX,Mexico,2026,2020,baseline,450.4663473979867,0.2729942569073534,0.5388306552688571,0.0002532284510327841,7.928
MEX,Mexico,2026,2020,ndc,0.0,0.2729942569073534,-0.3642382166127818,0.0002532284510327841,7.928
MEX,Mexico,2026,2020,ambitious,406.66176446433013,0.2729942569073534,0.4718952654635773,0.0002532284510327841,7.928
MEX,Mexico,2027,2020,baseline,448.33017031232106,0.2729942569073534,0.7141665686738248,0.0002481638820121284,7.928
MEX,Mexico,2027,2020,ndc,0.0,0.2729942569073534,-0.6372324735201351,0.0002481638820121284,7.928
MEX,Mexico,2027,2020,ambitious,385.9670670769892,0.2729942569073534,0.5848680756332132,0.0002481638820121284,7.928
MEX,Mexico,2028,2020,baseline,446.19399322665555,0.2729942569073534,0.8873663049931271,0.00024320060437188582,7.928
MEX,Mexico,2028,2020,ndc,0.0,0.2729942569073534,-0.9102267304274885,0.00024320060437188582,7.928
MEX,Mexico,2028,2020,ambitious,367.1064297817165,0.2729942569073534,0.6789802485075762,0.00024320060437188582,7.928
MEX,Mexico,2029,2020,baseline,444.05196360102923,0.2729942569073534,1.058424011686803,0.0002383365922844481,7.928
MEX,Mexico,2029,2020,ndc,0.0,0.2729942569073534,-1.1832209873348418,0.0002383365922844481,7.928
MEX,Mexico,2029,2020,ambitious,349.8417728890788,0.2729942569073534,0.7558277644893019,0.0002383365922844481,7.928
MEX,Mexico,2030,2020,baseline,441.9157865153637,0.2729942569073534,1.2273455412948133,0.00023356986043875916,7.928
MEX,Mexico,2030,2020,ndc,0.0,0.2729942569073534,-1.4562152442421952,0.00023356986043875916,7.928
MEX,Mexico,2030,2020,ambitious,333.98705025324824,0.2729942569073534,0.8168205578351968,0.00023356986043875916,7.928
MEX,Mexico,2031,2020,baseline,439.7796094296981,0.2729942569073534,1.3941308938171577,0.00022889846322998394,7.928
MEX,Mexico,2031,2020,ndc,0.0,0.2729942569073534,-1.7292095011495487,0.00022889846322998394,7.928
MEX,Mexico,2031,2020,ambitious,332.37258997499964,0.2729942569073534,0.8761988909028431,0.00022889846322998394,7.928
MEX,Mexico,2032,2020,baseline,437.6434323440326,0.2729942569073534,1.558780069253837,0.00022432049396538427,7.928
MEX,Mexico,2032,2020,ndc,0.0,0.2729942569073534,-2.0022037580569023,0.00022432049396538427,7.928
MEX,Mexico,2032,2020,ambitious,330.7581296967511,0.2729942569073534,0.9339627636922407,0.00022432049396538427,7.928
MEX,Mexico,2033,2020,baseline,435.50140271840627,0.2729942569073534,1.7212872150648901,0.00021983408408607656,7.928
MEX,Mexico,2033,2020,ndc,0.0,0.2729942569073534,-2.275198014964255,0.00021983408408607656,7.928
MEX,Mexico,2033,2020,ambitious,329.139246239658,0.2729942569073534,0.9901077530245455,0.00021983408408607656,7.928
MEX,Mexico,2034,2020,baseline,433.36522563274076,0.2729942569073534,1.881658183790278,0.00021543740240435505,7.928
MEX,Mexico,2034,2020,ndc,0.0,0.2729942569073534,-2.548192271871609,0.00021543740240435505,7.928
MEX,Mexico,2034,2020,ambitious,327.5247859614095,0.2729942569073534,1.0446382820786013,0.00021543740240435505,7.928
MEX,Mexico,2035,2020,baseline,431.2290485470752,0.2729942569073534,2.0398929754299995,0.00021112865435626792,7.928
MEX,Mexico,2035,2020,ndc,0.0,0.2729942569073534,-2.821186528778962,0.00021112865435626792,7.928
MEX,Mexico,2035,2020,ambitious,325.910325683161,0.2729942569073534,1.0975543508544088,0.00021112865435626792,7.928
MEX,Mexico,2036,2020,baseline,429.0928714614097,0.2729942569073534,2.1959915899840556,0.00020690608126914257,7.928
MEX,Mexico,2036,2020,ndc,0.0,0.2729942569073534,-3.0941807856863157,0.00020690608126914257,7.928
MEX,Mexico,2036,2020,ambitious,324.29586540491243,0.2729942569073534,1.1488559593519678,0.00020690608126914257,7.928
MEX,Mexico,2037,2020,baseline,426.95084183578336,0.2729942569073534,2.3499481749124853,0.0002027679596437597,7.928
MEX,Mexico,2037,2020,ndc,0.0,0.2729942569073534,-3.3671750425936686,0.0002027679596437597,7.928
MEX,Mexico,2037,2020,ambitious,322.67698194781934,0.2729942569073534,1.198538684392434,0.0002027679596437597,7.928
MEX,Mexico,2038,2020,baseline,424.8146647501178,0.2729942569073534,2.5017685827552496,0.00019871260045088455,7.928
MEX,Mexico,2038,2020,ndc,0.0,0.2729942569073534,-3.6401692995010224,0.00019871260045088455,7.928
MEX,Mexico,2038,2020,ambitious,321.0625216695708,0.2729942569073534,1.2466069491546516,0.00019871260045088455,7.928
MEX,Mexico,2039,2020,baseline,422.67848766445223,0.2729942569073534,2.651452813512348,0.00019473834844186682,7.928
MEX,Mexico,2039,2020,ndc,0.0,0.2729942569073534,-3.913163556408376,0.00019473834844186682,7.928
MEX,Mexico,2039,2020,ambitious,319.44806139132226,0.2729942569073534,1.2930607536386205,0.00019473834844186682,7.928
MEX,Mexico,2040,2020,baseline,420.5423105787867,0.2729942569073534,2.799000867183781,0.00019084358147302948,7.928
MEX,Mexico,2040,2020,ndc,0.0,0.2729942569073534,-4.18615781331573,0.00019084358147302948,7.928
MEX,Mexico,2040,2020,ambitious,317.8336011130737,0.2729942569073534,1.33790009784434,0.00019084358147302948,7.928
MEX,Mexico,2041,2020,baseline,418.4002809531604,0.2729942569073534,2.9444068912295878,0.00018702670984356887,7.928
MEX,Mexico,2041,2020,ndc,0.0,0.2729942569073534,-4.459152070223084,0.00018702670984356887,7.928
MEX,Mexico,2041,2020,ambitious,316.2147176559806,0.2729942569073534,1.3811205585929667,0.00018702670984356887,7.928
MEX,Mexico,2042,2020,baseline,416.2641038674949,0.2729942569073534,3.087676738189728,0.0001832861756466975,7.928
MEX,Mexico,2042,2020,ndc,0.0,0.2729942569073534,-4.732146327130438,0.0001832861756466975,7.928
MEX,Mexico,2042,2020,ambitious,314.60025737773213,0.2729942569073534,1.4227265590633449,0.0001832861756466975,7.928
MEX,Mexico,2043,2020,baseline,414.1279267818293,0.2729942569073534,3.228810408064203,0.00017962045213376355,7.928
MEX,Mexico,2043,2020,ndc,0.0,0.2729942569073534,-5.005140584037791,0.00017962045213376355,7.928
MEX,Mexico,2043,2020,ambitious,312.98579709948353,0.2729942569073534,1.4627180992554747,0.00017962045213376355,7.928
MEX,Mexico,2044,2020,baseline,411.99174969616377,0.2729942569073534,3.3678079008530126,0.00017602804309108826,7.928
MEX,Mexico,2044,2020,ndc,0.0,0.2729942569073534,-5.278134840945145,0.00017602804309108826,7.928
MEX,Mexico,2044,2020,ambitious,311.37133682123505,0.2729942569073534,1.501095179169356,0.00017602804309108826,7.928
MEX,Mexico,2045,2020,baseline,409.84972007053744,0.2729942569073534,3.5046633640161966,0.0001725074822292665,7.928
MEX,Mexico,2045,2020,ndc,0.0,0.2729942569073534,-5.551129097852499,0.0001725074822292665,7.928
MEX,Mexico,2045,2020,ambitious,309.75245336414196,0.2729942569073534,1.5378533756261445,0.0001725074822292665,7.928
MEX,Mexico,2046,2020,baseline,407.71354298487194,0.2729942569073534,3.639382650093715,0.0001690573325846812,7.928
MEX,Mexico,2046,2020,ndc,0.0,0.2729942569073534,-5.824123354759853,0.0001690573325846812,7.928
MEX,Mexico,2046,2020,ambitious,308.1379930858934,0.2729942569073534,1.5729971118046837,0.0001690573325846812,7.928
MEX,Mexico,2047,2020,baseline,405.57736589920637,0.2729942569073534,3.7719657590855684,0.00016567618593298756,7.928
MEX,Mexico,2047,2020,ndc,0.0,0.2729942569073534,-6.097117611667207,0.00016567618593298756,7.928
MEX,Mexico,2047,2020,ambitious,306.52353280764487,0.2729942569073534,1.6065263877049754,0.00016567618593298756,7.928
MEX,Mexico,2048,2020,baseline,403.4411888135408,0.2729942569073534,3.9024126909917563,0.0001623626622143278,7.928
MEX,Mexico,2048,2020,ndc,0.0,0.2729942569073534,-6.37011186857456,0.0001623626622143278,7.928
MEX,Mexico,2048,2020,ambitious,304.9090725293963,0.2729942569073534,1.6384412033270177,0.0001623626622143278,7.928
MEX,Mexico,2049,2020,baseline,401.29915918791454,0.2729942569073534,4.030717593272317,0.00015911540897004125,7.928
MEX,Mexico,2049,2020,ndc,0.0,0.2729942569073534,-6.643106125481914,0.00015911540897004125,7.928
MEX,Mexico,2049,2020,ambitious,303.2901890723033,0.2729942569073534,1.6687371354919671,0.00015911540897004125,7.928
MEX,Mexico,2050,2020,baseline,399.162982102249,0.2729942569073534,4.156886318467212,0.0001559331007906404,7.928
MEX,Mexico,2050,2020,ndc,0.0,0.2729942569073534,-6.916100382389268,0.0001559331007906404,7.928
MEX,Mexico,2050,2020,ambitious,301.6757287940547,0.2729942569073534,1.6974186073786672,0.0001559331007906404,7.928
MKD,North Macedonia,2024,2050,baseline,6.96352807490637,0.0038460320454531687,0.0031174960294532016,0.000463093329839658,16.833
MKD,North Macedonia,2024,2050,ndc,6.96352807490637,0.0038460320454531687,0.0031174960294532016,0.000463093329839658,16.833
MKD,North Macedonia,2024,2050,ambitious,6.96352807490637,0.0038460320454531687,0.0031174960294532016,0.000463093329839658,16.833
MKD,North Macedonia,2025,2050,baseline,6.921905129248613,0.0038460320454531687,0.006193369113248646,0.00045383146324286483,16.833
MKD,North Macedonia,2025,2050,ndc,6.695700072025356,0.0038460320454531687,0.005967164056025389,0.00045383146324286483,16.833
MKD,North Macedonia,2025,2050,ambitious,6.6908210058158,0.0038460320454531687,0.005962284989815834,0.00045383146324286483,16.833
MKD,North Macedonia,2026,2050,baseline,6.880395907486096,0.0038460320454531687,0.009227732975281571,0.00044475483397800753,16.833
MKD,North Macedonia,2026,2050,ndc,6.427872069144342,0.0038460320454531687,0.00854900407971656,0.00044475483397800753,16.833
MKD,North Macedonia,2026,2050,ambitious,6.435840435364809,0.0038460320454531687,0.008552093379727474,0.00044475483397800753,16.833
MKD,North Macedonia,2027,2050,baseline,6.838886685723578,0.0038460320454531687,0.01222058761555198,0.00043585973729844737,16.833
MKD,North Macedonia,2027,2050,ndc,6.160044066263327,0.0038460320454531687,0.01086301610052672,0.00043585973729844737,16.833
MKD,North Macedonia,2027,2050,ambitious,6.196819067541912,0.0038460320454531687,0.010902880401816218,0.00043585973729844737,16.833
MKD,North Macedonia,2028,2050,baseline,6.797377463961061,0.0038460320454531687,0.015171933034059875,0.0004271425425524784,16.833
MKD,North Macedonia,2028,2050,ndc,5.892216063382313,0.0038460320454531687,0.012909200118455862,0.0004271425425524784,16.833
MKD,North Macedonia,2028,2050,ambitious,5.972304042698359,0.0038460320454531687,0.013029152399061408,0.0004271425425524784,16.833
MKD,North Macedonia,2029,2050,baseline,6.755754518303304,0.0038460320454531687,0.018081655506910013,0.00041859969170142885,16.833
MKD,North Macedonia,2029,2050,ndc,5.624388060501299,0.0038460320454531687,0.014687556133503993,0.00041859969170142885,16.833
MKD,North Macedonia,2029,2050,ambitious,5.760916680008125,0.0038460320454531687,0.014944037033616363,0.00041859969170142885,16.833
MKD,North Macedonia,2030,2050,baseline,6.714245296540786,0.0038460320454531687,0.02094986875799763,0.0004102276978674003,16.833
MKD,North Macedonia,2030,2050,ndc,5.3565600576202845,0.0038460320454531687,0.016198084145671112,0.0004102276978674003,16.833
MKD,North Macedonia,2030,2050,ambitious,5.561718677527235,0.0038460320454531687,0.01665972366569043,0.0004102276978674003,16.833
MKD,North Macedonia,2031,2050,baseline,6.6727360747782685,0.0038460320454531687,0.023776572787322727,0.0004020231439100523,16.833
MKD,North Macedonia,2031,2050,ndc,5.088732054739271,0.0038460320454531687,0.017440784154957218,0.0004020231439100523,16.833
MKD,North Macedonia,2031,2050,ambitious,5.527334676977665,0.0038460320454531687,0.018341026297214926,0.0004020231439100523,16.833
MKD,North Macedonia,2032,2050,baseline,6.63122685301575,0.0038460320454531687,0.026561767594885308,0.0003939826810318512,16.833
MKD,North Macedonia,2032,2050,ndc,4.820904051858256,0.0038460320454531687,0.0184156561613623,0.0003939826810318512,16.833
MKD,North Macedonia,2032,2050,ambitious,5.492950676428093,0.0038460320454531687,0.019987944928189845,0.0003939826810318512,16.833
MKD,North Macedonia,2033,2050,baseline,6.5896039073579935,0.0038460320454531687,0.02930533945679014,0.00038610302741121414,16.833
MKD,North Macedonia,2033,2050,ndc,4.553076048977242,0.0038460320454531687,0.019122700164886375,0.00038610302741121414,16.833
MKD,North Macedonia,2033,2050,ambitious,5.458472473137291,0.0038460320454531687,0.02160038535587397,0.00038610302741121414,16.833
MKD,North Macedonia,2034,2050,baseline,6.548094685595476,0.0038460320454531687,0.032007402096932445,0.0003783809668629899,16.833
MKD,North Macedonia,2034,2050,ndc,4.285248046096228,0.0038460320454531687,0.019561916165529436,0.0003783809668629899,16.833
MKD,North Macedonia,2034,2050,ambitious,5.424088472587719,0.0038460320454531687,0.02317844178300852,0.0003783809668629899,16.833
MKD,North Macedonia,2035,2050,baseline,6.506585463832958,0.0038460320454531687,0.03466795551531223,0.00037081334752573004,16.833
MKD,North Macedonia,2035,2050,ndc,4.017420043215213,0.0038460320454531687,0.019733304163291478,0.00037081334752573004,16.833
MKD,North Macedonia,2035,2050,ambitious,5.389704472038148,0.0038460320454531687,0.024722114209593506,0.00037081334752573004,16.833
MKD,North Macedonia,2036,2050,baseline,6.465076242070442,0.0038460320454531687,0.03728699971192951,0.00036339708057521545,16.833
MKD,North Macedonia,2036,2050,ndc,3.7495920403341993,0.0038460320454531687,0.019636864158172514,0.00036339708057521545,16.833
MKD,North Macedonia,2036,2050,ambitious,5.355320471488578,0.0038460320454531687,0.02623140263562892,0.00036339708057521545,16.833
MKD,North Macedonia,2037,2050,baseline,6.423453296412684,0.0038460320454531687,0.03986442096288902,0.00035612913896371115,16.833
MKD,North Macedonia,2037,2050,ndc,3.481764037453185,0.0038460320454531687,0.019272596150172537,0.00035612913896371115,16.833
MKD,North Macedonia,2037,2050,ambitious,5.320842268197774,0.0038460320454531687,0.027706212858373526,0.00035612913896371115,16.833
MKD,North Macedonia,2038,2050,baseline,6.381944074650166,0.0038460320454531687,0.042400332992086016,0.00034900655618443695,16.833
MKD,North Macedonia,2038,2050,ndc,3.213936034572171,0.0038460320454531687,0.018640500139291534,0.00034900655618443695,16.833
MKD,North Macedonia,2038,2050,ambitious,5.286458267648203,0.0038460320454531687,0.02914663908056856,0.00034900655618443695,16.833
MKD,North Macedonia,2039,2050,baseline,6.3404348528876495,0.003846032045453168,0.044894735799520503,0.00034202642506074815,16.833
MKD,North Macedonia,2039,2050,ndc,2.946108031691157,0.003846032045453168,0.01774057612552952,0.00034202642506074815,16.833
MKD,North Macedonia,2039,2050,ambitious,5.2520742670986325,0.003846032045453168,0.030552681302214023,0.00034202642506074815,16.833
MKD,North Macedonia,2040,2050,baseline,6.2989256311251305,0.0038460320454531687,0.04734762938519246,0.0003351858965595332,16.833
MKD,North Macedonia,2040,2050,ndc,2.6782800288101423,0.0038460320454531687,0.016572824108886483,0.0003351858965595332,16.833
MKD,North Macedonia,2040,2050,ambitious,5.21769026654906,0.0038460320454531687,0.031924339523309905,0.0003351858965595332,16.833
MKD,North Macedonia,2041,2050,baseline,6.257302685467374,0.003846032045453168,0.049758900025206665,0.00032848217862834254,16.833
MKD,North Macedonia,2041,2050,ndc,2.410452025929128,0.003846032045453168,0.015137244089362442,0.00032848217862834254,16.833
MKD,North Macedonia,2041,2050,ambitious,5.1832120632582575,0.003846032045453168,0.03326151954111499,0.00032848217862834254,16.833
MKD,North Macedonia,2042,2050,baseline,6.215793463704857,0.0038460320454531687,0.05212866144345836,0.00032191253505577566,16.833
MKD,North Macedonia,2042,2050,ndc,2.142624023048114,0.0038460320454531687,0.013433836066957389,0.00032191253505577566,16.833
MKD,North Macedonia,2042,2050,ambitious,5.148828062708688,0.0038460320454531687,0.034564315558370515,0.00032191253505577566,16.833
MKD,North Macedonia,2043,2050,baseline,6.174284241942338,0.003846032045453168,0.05445691363994752,0.00031547428435466015,16.833
MKD,North Macedonia,2043,2050,ndc,1.8747960201671,0.003846032045453168,0.011462600041671323,0.00031547428435466015,16.833
MKD,North Macedonia,2043,2050,ambitious,5.114444062159115,0.003846032045453168,0.03583272757507647,0.00031547428435466015,16.833
MKD,North Macedonia,2044,2050,baseline,6.132775020179822,0.0038460320454531687,0.05674365661467416,0.00030916479866756693,16.833
MKD,North Macedonia,2044,2050,ndc,1.6069680172860852,0.0038460320454531687,0.009223536013504244,0.00030916479866756693,16.833
MKD,North Macedonia,2044,2050,ambitious,5.0800600616095455,0.0038460320454531687,0.03706675559123285,0.00030916479866756693,16.833
MKD,North Macedonia,2045,2050,baseline,6.091152074522065,0.0038460320454531687,0.058988776643743066,0.0003029815026942156,16.833
MKD,North Macedonia,2045,2050,ndc,1.3391400144050711,0.0038460320454531687,0.0067166439824561525,0.0003029815026942156,16.833
MKD,North Macedonia,2045,2050,ambitious,5.045581858318743,0.0038460320454531687,0.03826630540409842,0.0003029815026942156,16.833
MKD,North Macedonia,2046,2050,baseline,6.049642852759546,0.0038460320454531687,0.06119238745104945,0.0002969218726403313,16.833
MKD,North Macedonia,2046,2050,ndc,1.071312011524057,0.0038460320454531687,0.003941923948527035,0.0002969218726403313,16.833
MKD,North Macedonia,2046,2050,ambitious,5.0111978577691705,0.0038460320454531687,0.039431471216414424,0.0002969218726403313,16.833
MKD,North Macedonia,2047,2050,baseline,6.00813363099703,0.0038460320454531687,0.06335448903659331,0.00029098343518752466,16.833
MKD,North Macedonia,2047,2050,ndc,0.8034840086430429,0.0038460320454531687,0.0008993759117169042,0.00029098343518752466,16.833
MKD,North Macedonia,2047,2050,ambitious,4.9768138572196,0.0038460320454531687,0.04056225302818085,0.00029098343518752466,16.833
MKD,North Macedonia,2048,2050,baseline,5.966624409234512,0.0038460320454531687,0.06547508140037465,0.0002851637664837742,16.833
MKD,North Macedonia,2048,2050,ndc,0.5356560057620281,0.0038460320454531687,-0.002411000127974239,0.0002851637664837742,16.833
MKD,North Macedonia,2048,2050,ambitious,4.94242985667003,0.0038460320454531687,0.04165865083939772,0.0002851637664837742,16.833
MKD,North Macedonia,2049,2050,baseline,5.925001463576754,0.0038460320454531687,0.06755405081849823,0.0002794604911540987,16.833
MKD,North Macedonia,2049,2050,ndc,0.26782800288101405,0.0038460320454531687,-0.005989204170546394,0.0002794604911540987,16.833
MKD,North Macedonia,2049,2050,ambitious,4.907951653379225,0.0038460320454531687,0.04272057044732379,0.0002794604911540987,16.833
MKD,North Macedonia,2050,2050,baseline,5.8834922418142375,0.003846032045453168,0.06959151101485929,0.00027387128133101666,16.833
MKD,North Macedonia,2050,2050,ndc,0.0,0.003846032045453168,-0.009835236215999563,0.00027387128133101666,16.833
MKD,North Macedonia,2050,2050,ambitious,4.873567652829656,0.003846032045453168,0.04374810605470027,0.00027387128133101666,16.833
MYS,Malaysia,2024,2050,baseline,295.3954995476411,0.07391163429258608,0.22148386525505503,0.000708140810541052,8.117
MYS,Malaysia,2024,2050,ndc,295.3954995476411,0.07391163429258608,0.22148386525505503,0.000708140810541052,8.117
MYS,Malaysia,2024,2050,ambitious,295.3954995476411,0.07391163429258608,0.22148386525505503,0.000708140810541052,8.117
MYS,Malaysia,2025,2050,baseline,301.57352693812953,0.0739116342925861,0.44914575790059846,0.0006939779943302309,8.117
MYS,Malaysia,2025,2050,ndc,284.0341341804242,0.0739116342925861,0.43160636514289313,0.0006939779943302309,8.117
MYS,Malaysia,2025,2050,ambitious,290.94686200270553,0.0739116342925861,0.4385190929651745,0.0006939779943302309,8.117
MYS,Malaysia,2026,2050,baseline,307.7346744723598,0.07391163429258608,0.6829687980803723,0.0006800984344436263,8.117
MYS,Malaysia,2026,2050,ndc,272.6727688132072,0.07391163429258608,0.6303674996635142,0.0006800984344436263,8.117
MYS,Malaysia,2026,2050,ambitious,286.7853390154872,0.07391163429258608,0.6513927976880756,0.0006800984344436263,8.117
MYS,Malaysia,2027,2050,baseline,313.8958220065901,0.0739116342925861,0.9229529857943762,0.0006664964657547537,8.117
MYS,Malaysia,2027,2050,ndc,261.3114034459902,0.0739116342925861,0.8177672688169183,0.0006664964657547537,8.117
MYS,Malaysia,2027,2050,ambitious,282.8977902003272,0.0739116342925861,0.8603789535958167,0.0006664964657547537,8.117
MYS,Malaysia,2028,2050,baseline,320.05696954082043,0.0739116342925861,1.1690983210426107,0.0006531665364396587,8.117
MYS,Malaysia,2028,2050,ndc,249.95003807877325,0.0739116342925861,0.9938056726031054,0.0006531665364396587,8.117
MYS,Malaysia,2028,2050,ambitious,279.2580221161231,0.0739116342925861,1.0657253414193537,0.0006531665364396587,8.117
MYS,Malaysia,2029,2050,baseline,326.23499693130884,0.07391163429258608,1.4214216836813334,0.0006401032057108655,8.117
MYS,Malaysia,2029,2050,ndc,238.58867271155628,0.07391163429258608,1.1584827110220757,0.0006401032057108655,8.117
MYS,Malaysia,2029,2050,ambitious,275.85735042904133,0.07391163429258608,1.267671057555809,0.0006401032057108655,8.117
MYS,Malaysia,2030,2050,baseline,332.3961444655391,0.07391163429258608,1.6799061938542863,0.0006273011415966482,8.117
MYS,Malaysia,2030,2050,ndc,227.2273073443393,0.07391163429258608,1.3117983840738288,0.0006273011415966482,8.117
MYS,Malaysia,2030,2050,ambitious,272.64659459960893,0.07391163429258608,1.4664060178628318,0.0006273011415966482,8.117
MYS,Malaysia,2031,2050,baseline,338.5572919997694,0.0739116342925861,1.94455185156147,0.0006147551187647152,8.117
MYS,Malaysia,2031,2050,ndc,215.8659419771224,0.0739116342925861,1.4537526917583654,0.0006147551187647152,8.117
MYS,Malaysia,2031,2050,ambitious,277.7002509731949,0.0739116342925861,1.6701946345434409,0.0006147551187647152,8.117
MYS,Malaysia,2032,2050,baseline,344.71843953399963,0.0739116342925861,2.2153586568028834,0.0006024600163894209,8.117
MYS,Malaysia,2032,2050,ndc,204.5045766099054,0.0739116342925861,1.5843456340756843,0.0006024600163894209,8.117
MYS,Malaysia,2032,2050,ambitious,282.7539073467808,0.0739116342925861,1.8790369075976354,0.0006024600163894209,8.117
MYS,Malaysia,2033,2050,baseline,350.8964669244881,0.07391163429258608,2.4923434894347856,0.0005904108160616324,8.117
MYS,Malaysia,2033,2050,ndc,193.14321124268844,0.07391163429258608,1.7035772110257867,0.0005904108160616324,8.117
MYS,Malaysia,2033,2050,ambitious,287.82140935426696,0.07391163429258608,2.0929466826593166,0.0005904108160616324,8.117
MYS,Malaysia,2034,2050,baseline,357.0576144587184,0.0739116342925861,2.7754894696009176,0.0005786025997403998,8.117
MYS,Malaysia,2034,2050,ndc,181.78184587547148,0.0739116342925861,1.8114474226086719,0.0005786025997403998,8.117
MYS,Malaysia,2034,2050,ambitious,292.8750657278529,0.0739116342925861,2.3119101140945832,0.0005786025997403998,8.117
MYS,Malaysia,2035,2050,baseline,363.21876199294866,0.0739116342925861,3.0647965973012803,0.0005670305477455918,8.117
MYS,Malaysia,2035,2050,ndc,170.42048050825449,0.0739116342925861,1.9079562688243406,0.0005670305477455918,8.117
MYS,Malaysia,2035,2050,ambitious,297.92872210143884,0.0739116342925861,2.5359272019034362,0.0005670305477455918,8.117
MYS,Malaysia,2036,2050,baseline,369.3799095271789,0.0739116342925861,3.360264872535873,0.0005556899367906799,8.117
MYS,Malaysia,2036,2050,ndc,159.05911514103752,0.0739116342925861,1.993103749672792,0.0005556899367906799,8.117
MYS,Malaysia,2036,2050,ambitious,302.98237847502475,0.0739116342925861,2.7649979460858747,0.0005556899367906799,8.117
MYS,Malaysia,2037,2050,baseline,375.5579369176674,0.0739116342925861,3.661911175160954,0.0005445761380548663,8.117
MYS,Malaysia,2037,2050,ndc,147.69774977382056,0.0739116342925861,2.0668898651540264,0.0005445761380548663,8.117
MYS,Malaysia,2037,2050,ambitious,308.04988048251096,0.0739116342925861,2.9991361922757998,0.0005445761380548663,8.117
MYS,Malaysia,2038,2050,baseline,381.71908445189763,0.0739116342925861,3.9697186253202656,0.000533684615293769,8.117
MYS,Malaysia,2038,2050,ndc,136.3363844066036,0.0739116342925861,2.129314615268044,0.000533684615293769,8.117
MYS,Malaysia,2038,2050,ambitious,313.10353685609687,0.0739116342925861,3.238328094839311,0.000533684615293769,8.117
MYS,Malaysia,2039,2050,baseline,387.8802319861279,0.07391163429258608,4.283687223013808,0.0005230109229878935,8.117
MYS,Malaysia,2039,2050,ndc,124.97501903938664,0.07391163429258608,2.1803780000148443,0.0005230109229878935,8.117
MYS,Malaysia,2039,2050,ambitious,318.15719322968283,0.07391163429258608,3.4825736537764085,0.0005230109229878935,8.117
MYS,Malaysia,2040,2050,baseline,394.0413795203582,0.07391163429258608,4.6038169682415795,0.0005125507045281358,8.117
MYS,Malaysia,2040,2050,ndc,113.61365367216965,0.07391163429258608,2.220080019394428,0.0005125507045281358,8.117
MYS,Malaysia,2040,2050,ambitious,323.21084960326874,0.07391163429258608,3.7318728690870913,0.0005125507045281358,8.117
MYS,Malaysia,2041,2050,baseline,400.21940691084666,0.0739116342925861,4.93012474085984,0.000502299690437573,8.117
MYS,Malaysia,2041,2050,ndc,102.2522883049527,0.0739116342925861,2.2484206734067946,0.000502299690437573,8.117
MYS,Malaysia,2041,2050,ambitious,328.27835161075495,0.0739116342925861,3.9862395864052598,0.000502299690437573,8.117
MYS,Malaysia,2042,2050,baseline,406.3805544450769,0.07391163429258608,5.262593661012332,0.0004922536966288215,8.117
MYS,Malaysia,2042,2050,ndc,90.89092293773574,0.07391163429258608,2.2653999620519447,0.0004922536966288215,8.117
MYS,Malaysia,2042,2050,ambitious,333.3320079843408,0.07391163429258608,4.245659960097015,0.0004922536966288215,8.117
MYS,Malaysia,2043,2050,baseline,412.5417019793072,0.0739116342925861,5.601223728699053,0.0004824086226962451,8.117
MYS,Malaysia,2043,2050,ndc,79.52955757051878,0.0739116342925861,2.2710178853298775,0.0004824086226962451,8.117
MYS,Malaysia,2043,2050,ambitious,338.3856643579268,0.0739116342925861,4.510133990162355,0.0004824086226962451,8.117
MYS,Malaysia,2044,2050,baseline,418.70284951353744,0.07391163429258608,5.946014943920004,0.00047276045024232017,8.117
MYS,Malaysia,2044,2050,ndc,68.16819220330179,0.07391163429258608,2.265274443240593,0.00047276045024232017,8.117
MYS,Malaysia,2044,2050,ambitious,343.4393207315127,0.07391163429258608,4.779661676601282,0.00047276045024232017,8.117
MYS,Malaysia,2045,2050,baseline,424.88087690402585,0.0739116342925861,6.296984186531444,0.00046330524123747375,8.117
MYS,Malaysia,2045,2050,ndc,56.806826836084824,0.0739116342925861,2.248169635784092,0.00046330524123747375,8.117
MYS,Malaysia,2045,2050,ambitious,348.50682273899884,0.0739116342925861,5.0542568650476944,0.00046330524123747375,8.117
MYS,Malaysia,2046,2050,baseline,431.0420244382562,0.0739116342925861,6.654114576677113,0.0004540391364127243,8.117
MYS,Malaysia,2046,2050,ndc,45.44546146886787,0.0739116342925861,2.2197034629603736,0.0004540391364127243,8.117
MYS,Malaysia,2046,2050,ambitious,353.5604791125848,0.0739116342925861,5.333905709867693,0.0004540391364127243,8.117
MYS,Malaysia,2047,2050,baseline,437.2031719724864,0.0739116342925861,7.017406114357014,0.00044495835368446986,8.117
MYS,Malaysia,2047,2050,ndc,34.08409610165091,0.0739116342925861,2.179875924769439,0.00044495835368446986,8.117
MYS,Malaysia,2047,2050,ambitious,358.6141354861707,0.0739116342925861,5.618608211061279,0.00044495835368446986,8.117
MYS,Malaysia,2048,2050,baseline,443.36431950671675,0.0739116342925861,7.3868587995711446,0.0004360591866107804,8.117
MYS,Malaysia,2048,2050,ndc,22.722730734433917,0.0739116342925861,2.1286870212112863,0.0004360591866107804,8.117
MYS,Malaysia,2048,2050,ambitious,363.6677918597567,0.0739116342925861,5.908364368628449,0.0004360591866107804,8.117
MYS,Malaysia,2049,2050,baseline,449.5423468972052,0.07391163429258608,7.7624895121757636,0.0004273380028785648,8.117
MYS,Malaysia,2049,2050,ndc,11.361365367216958,0.07391163429258608,2.0661367522859173,0.0004273380028785648,8.117
MYS,Malaysia,2049,2050,ambitious,368.7352938672429,0.07391163429258608,6.203188028203106,0.0004273380028785648,8.117
MYS,Malaysia,2050,2050,baseline,455.70349443143544,0.0739116342925861,8.144281372314614,0.00041879124282099346,8.117
MYS,Malaysia,2050,2050,ndc,0.0,0.0739116342925861,1.992225117993331,0.00041879124282099346,8.117
MYS,Malaysia,2050,2050,ambitious,373.7889502408288,0.0739116342925861,6.50306534415135,0.00041879124282099346,8.117
NLD,Netherlands,2024,2050,baseline,115.8175618580784,0.037616458583531166,0.07820110327454724,0.000100743709492132,16.63
NLD,Netherlands,2024,2050,ndc,115.8175618580784,0.037616458583531166,0.07820110327454724,0.000100743709492132,16.63
NLD,Netherlands,2024,2050,ambitious,115.8175618580784,0.037616458583531166,0.07820110327454724,0.000100743709492132,16.63
NLD,Netherlands,2025,2050,baseline,109.43174295470868,0.03761645858353117,0.15001638764572475,9.872883530228935e-05,16.63
NLD,Netherlands,2025,2050,ndc,111.36304024815232,0.03761645858353117,0.15194768493916838,9.872883530228935e-05,16.63
NLD,Netherlands,2025,2050,ambitious,104.92513160975838,0.03761645858353117,0.14550977630077447,9.872883530228935e-05,16.63
NLD,Netherlands,2026,2050,baseline,103.06337164397105,0.03761645858353117,0.21546330070616465,9.675425859624357e-05,16.63
NLD,Netherlands,2026,2050,ndc,106.90851863822623,0.03761645858353117,0.22123974499386345,9.675425859624357e-05,16.63
NLD,Netherlands,2026,2050,ambitious,94.91042678612281,0.03761645858353117,0.20280374450336613,9.675425859624357e-05,16.63
NLD,Netherlands,2027,2050,baseline,96.69500033323342,0.03761645858353117,0.2745418424558669,9.481917342431869e-05,16.63
NLD,Netherlands,2027,2050,ndc,102.45399702830012,0.03761645858353117,0.2860772834386324,9.481917342431869e-05,16.63
NLD,Netherlands,2027,2050,ambitious,85.65780386489484,0.03761645858353117,0.2508450897847298,9.481917342431869e-05,16.63
NLD,Netherlands,2028,2050,baseline,90.32662902249582,0.037616458583531166,0.3272520128948315,9.292278995583233e-05,16.63
NLD,Netherlands,2028,2050,ndc,97.99947541837403,0.037616458583531166,0.3464603002734753,9.292278995583233e-05,16.63
NLD,Netherlands,2028,2050,ambitious,77.08346383272482,0.037616458583531166,0.2903120950339234,9.292278995583233e-05,16.63
NLD,Netherlands,2029,2050,baseline,83.94081011912603,0.037616458583531166,0.3735763644304264,9.106433415671568e-05,16.63
NLD,Netherlands,2029,2050,ndc,93.54495380844794,0.037616458583531166,0.4023887954983921,9.106433415671568e-05,16.63
NLD,Netherlands,2029,2050,ambitious,69.10109632238016,0.037616458583531166,0.32179673277277243,9.106433415671568e-05,16.63
NLD,Netherlands,2030,2050,baseline,77.5724388083884,0.03761645858353117,0.4135323446552836,8.924304747358137e-05,16.63
NLD,Netherlands,2030,2050,ndc,89.09043219852184,0.03761645858353117,0.4538627691133828,8.924304747358137e-05,16.63
NLD,Netherlands,2030,2050,ambitious,61.67779870867287,0.03761645858353117,0.3458580728979141,8.924304747358137e-05,16.63
NLD,Netherlands,2031,2050,baseline,71.2040674976508,0.03761645858353117,0.44711995356940326,8.745818652410973e-05,16.63
NLD,Netherlands,2031,2050,ndc,84.63591058859576,0.03761645858353117,0.5008822211184474,8.745818652410973e-05,16.63
NLD,Netherlands,2031,2050,ambitious,56.614310569850986,0.03761645858353117,0.3648559248842339,8.745818652410973e-05,16.63
NLD,Netherlands,2032,2050,baseline,64.83569618691317,0.03761645858353117,0.4743391911727853,8.570902279362754e-05,16.63
NLD,Netherlands,2032,2050,ndc,80.18138897866966,0.03761645858353117,0.5434471515135859,8.570902279362754e-05,16.63
NLD,Netherlands,2032,2050,ambitious,51.55082243102908,0.03761645858353117,0.37879028873173176,8.570902279362754e-05,16.63
NLD,Netherlands,2033,2050,baseline,58.44987728354341,0.037616458583531166,0.49517260987279754,8.399484233775498e-05,16.63
NLD,Netherlands,2033,2050,ndc,75.72686736874357,0.037616458583531166,0.5815575602987982,8.399484233775498e-05,16.63
NLD,Netherlands,2033,2050,ambitious,46.47346172196385,0.037616458583531166,0.38764729187016445,8.399484233775498e-05,16.63
NLD,Netherlands,2034,2050,baseline,52.08150597280582,0.037616458583531166,0.5096376572620722,8.231494549099989e-05,16.63
NLD,Netherlands,2034,2050,ndc,71.27234575881748,0.037616458583531166,0.6152134474740845,8.231494549099989e-05,16.63
NLD,Netherlands,2034,2050,ambitious,41.409973583141976,0.037616458583531166,0.3914408068697753,8.231494549099989e-05,16.63
NLD,Netherlands,2035,2050,baseline,45.713134662068185,0.037616458583531166,0.5177343333406091,8.066864658117988e-05,16.63
NLD,Netherlands,2035,2050,ndc,66.81782414889138,0.037616458583531166,0.6444148130394448,8.066864658117988e-05,16.63
NLD,Netherlands,2035,2050,ambitious,36.34648544432007,0.037616458583531166,0.39017083373056416,8.066864658117988e-05,16.63
NLD,Netherlands,2036,2050,baseline,39.3447633513306,0.03761645858353117,0.5194626381084086,7.905527364955628e-05,16.63
NLD,Netherlands,2036,2050,ndc,62.36330253896529,0.03761645858353117,0.6691616569948791,7.905527364955628e-05,16.63
NLD,Netherlands,2036,2050,ambitious,31.2829973054982,0.03761645858353117,0.3838373724525312,7.905527364955628e-05,16.63
NLD,Netherlands,2037,2050,baseline,32.958944447960796,0.03761645858353117,0.5148051239728382,7.747416817656515e-05,16.63
NLD,Netherlands,2037,2050,ndc,57.9087809290392,0.03761645858353117,0.6894539793403871,7.747416817656515e-05,16.63
NLD,Netherlands,2037,2050,ambitious,26.20563659643293,0.03761645858353117,0.37242655046543294,7.747416817656515e-05,16.63
NLD,Netherlands,2038,2050,baseline,26.590573137223164,0.037616458583531166,0.5037792385265302,7.592468481303386e-05,16.63
NLD,Netherlands,2038,2050,ndc,53.45425931911311,0.037616458583531166,0.7052917800759692,7.592468481303386e-05,16.63
NLD,Netherlands,2038,2050,ambitious,21.142148457611025,0.037616458583531166,0.3559522403395128,7.592468481303386e-05,16.63
NLD,Netherlands,2039,2050,baseline,20.222201826485612,0.037616458583531166,0.48638498176948475,7.440619111677317e-05,16.63
NLD,Netherlands,2039,2050,ndc,48.99973770918702,0.037616458583531166,0.7166750592016251,7.440619111677317e-05,16.63
NLD,Netherlands,2039,2050,ambitious,16.078660318789183,0.037616458583531166,0.3344144420747708,7.440619111677317e-05,16.63
NLD,Netherlands,2040,2050,baseline,13.853830515747939,0.03761645858353117,0.46262235370170146,7.29180672944377e-05,16.63
NLD,Netherlands,2040,2050,ndc,44.54521609926092,0.03761645858353117,0.723603816717355,7.29180672944377e-05,16.63
NLD,Netherlands,2040,2050,ambitious,11.01517217996724,0.03761645858353117,0.30781315567120693,7.29180672944377e-05,16.63
NLD,Netherlands,2041,2050,baseline,7.468011612378178,0.03761645858353117,0.43247390673054853,7.145970594854895e-05,16.63
NLD,Netherlands,2041,2050,ndc,40.09069448933483,0.03761645858353117,0.7260780526231587,7.145970594854895e-05,16.63
NLD,Netherlands,2041,2050,ambitious,5.937811470902009,0.03761645858353117,0.2761345085585778,7.145970594854895e-05,16.63
NLD,Netherlands,2042,2050,baseline,1.0996403016405865,0.03761645858353117,0.39595708844865796,7.003051182957797e-05,16.63
NLD,Netherlands,2042,2050,ndc,35.63617287940874,0.03761645858353117,0.7240977669190364,7.003051182957797e-05,16.63
NLD,Netherlands,2042,2050,ambitious,0.8743233320801336,0.03761645858353117,0.23939237330712682,7.003051182957797e-05,16.63
NLD,Netherlands,2043,2050,baseline,0.0,0.03761645858353117,0.3583406298651268,6.862990159298641e-05,16.63
NLD,Netherlands,2043,2050,ndc,31.181651269482654,0.03761645858353117,0.7176629596049879,6.862990159298641e-05,16.63
NLD,Netherlands,2043,2050,ambitious,0.0,0.03761645858353117,0.20177591472359568,6.862990159298641e-05,16.63
NLD,Netherlands,2044,2050,baseline,0.0,0.037616458583531166,0.3207241712815957,6.725730356112669e-05,16.63
NLD,Netherlands,2044,2050,ndc,26.72712965955655,0.037616458583531166,0.7067736306810134,6.725730356112669e-05,16.63
NLD,Netherlands,2044,2050,ambitious,0.0,0.037616458583531166,0.16415945614006455,6.725730356112669e-05,16.63
NLD,Netherlands,2045,2050,baseline,0.0,0.037616458583531166,0.28310771269806456,6.591215748990415e-05,16.63
NLD,Netherlands,2045,2050,ndc,22.27260804963046,0.037616458583531166,0.6914297801471128,6.591215748990415e-05,16.63
NLD,Netherlands,2045,2050,ambitious,0.0,0.037616458583531166,0.12654299755653342,6.591215748990415e-05,16.63
NLD,Netherlands,2046,2050,baseline,0.0,0.03761645858353117,0.24549125411453343,6.459391434010607e-05,16.63
NLD,Netherlands,2046,2050,ndc,17.81808643970437,0.03761645858353117,0.671631408003286,6.459391434010607e-05,16.63
NLD,Netherlands,2046,2050,ambitious,0.0,0.03761645858353117,0.08892653897300229,6.459391434010607e-05,16.63
NLD,Netherlands,2047,2050,baseline,0.0,0.03761645858353117,0.2078747955310023,6.330203605330395e-05,16.63
NLD,Netherlands,2047,2050,ndc,13.363564829778282,0.03761645858353117,0.6473785142495332,6.330203605330395e-05,16.63
NLD,Netherlands,2047,2050,ambitious,0.0,0.03761645858353117,0.05131008038947116,6.330203605330395e-05,16.63
NLD,Netherlands,2048,2050,baseline,0.0,0.037616458583531166,0.17025833694747117,6.203599533223787e-05,16.63
NLD,Netherlands,2048,2050,ndc,8.90904321985218,0.037616458583531166,0.6186710988858543,6.203599533223787e-05,16.63
NLD,Netherlands,2048,2050,ambitious,0.0,0.037616458583531166,0.013693621805940026,6.203599533223787e-05,16.63
NLD,Netherlands,2049,2050,baseline,0.0,0.037616458583531166,0.13264187836394004,6.079527542559311e-05,16.63
NLD,Netherlands,2049,2050,ndc,4.45452160992609,0.037616458583531166,0.5855091619122492,6.079527542559311e-05,16.63
NLD,Netherlands,2049,2050,ambitious,0.0,0.037616458583531166,-0.023922836777591105,6.079527542559311e-05,16.63
NLD,Netherlands,2050,2050,baseline,0.0,0.037616458583531166,0.09502541978040879,5.957936991708123e-05,16.63
NLD,Netherlands,2050,2050,ndc,0.0,0.037616458583531166,0.547892703328718,5.957936991708123e-05,16.63
NLD,Netherlands,2050,2050,ambitious,0.0,0.037616458583531166,-0.06153929536112235,5.957936991708123e-05,16.63
NOR,Norway,2024,2020,baseline,38.6081322090396,0.011614153395030483,0.02699397881400912,7.893778066665482e-05,70.758
NOR,Norway,2024,2020,ndc,38.6081322090396,0.011614153395030483,0.02699397881400912,7.893778066665482e-05,70.758
NOR,Norway,2024,2020,ambitious,38.6081322090396,0.011614153395030483,0.02699397881400912,7.893778066665482e-05,70.758
NOR,Norway,2025,2020,baseline,37.79671152045153,0.011614153395030483,0.05317653693943017,7.735902505332172e-05,70.758
NOR,Norway,2025,2020,ndc,0.0,0.011614153395030483,0.015379825418978636,7.735902505332172e-05,70.758
NOR,Norway,2025,2020,ambitious,36.017998948834894,0.011614153395030483,0.05139782436781354,7.735902505332172e-05,70.758
NOR,Norway,2026,2020,baseline,36.987507828280364,0.011614153395030483,0.07854989137268005,7.581184455225529e-05,70.758
NOR,Norway,2026,2020,ndc,0.0,0.011614153395030483,0.0037656720239481536,7.581184455225529e-05,70.758
NOR,Norway,2026,2020,ambitious,34.229399113002636,0.011614153395030483,0.07401307008578568,7.581184455225529e-05,70.758
NOR,Norway,2027,2020,baseline,36.178304136109205,0.011614153395030483,0.10311404211375877,7.429560766121017e-05,70.758
NOR,Norway,2027,2020,ndc,0.0,0.011614153395030483,-0.007848481371082329,7.429560766121017e-05,70.758
NOR,Norway,2027,2020,ambitious,33.480536651880996,0.011614153395030483,0.0958794533426362,7.429560766121017e-05,70.758
NOR,Norway,2028,2020,baseline,35.36910044393804,0.011614153395030483,0.1268689891626663,7.280969550798598e-05,70.758
NOR,Norway,2028,2020,ndc,0.0,0.011614153395030483,-0.01946263476611281,7.280969550798598e-05,70.758
NOR,Norway,2028,2020,ambitious,32.73167419075935,0.011614153395030483,0.11699697413836506,7.280969550798598e-05,70.758
NOR,Norway,2029,2020,baseline,34.557679755349966,0.011614153395030483,0.1498125155229858,7.135350159782626e-05,70.758
NOR,Norway,2029,2020,ndc,0.0,0.011614153395030483,-0.031076788161143294,7.135350159782626e-05,70.758
NOR,Norway,2029,2020,ambitious,31.980760051662028,0.011614153395030483,0.1373635807949966,7.135350159782626e-05,70.758
NOR,Norway,2030,2020,baseline,33.7484760631788,0.011614153395030483,0.1719468381911341,6.992643156586973e-05,70.758
NOR,Norway,2030,2020,ndc,0.0,0.011614153395030483,-0.04269094155617378,6.992643156586973e-05,70.758
NOR,Norway,2030,2020,ambitious,31.23189759054038,0.011614153395030483,0.1569813249905065,6.992643156586973e-05,70.758
NOR,Norway,2031,2020,baseline,32.93927237100764,0.011614153395030483,0.19327195716711126,6.852790293455234e-05,70.758
NOR,Norway,2031,2020,ndc,0.0,0.011614153395030483,-0.05430509495120426,6.852790293455234e-05,70.758
NOR,Norway,2031,2020,ambitious,30.48303512941874,0.011614153395030483,0.17585020672489476,6.852790293455234e-05,70.758
NOR,Norway,2032,2020,baseline,32.130068678836466,0.011614153395030483,0.21378787245091724,6.715734487586129e-05,70.758
NOR,Norway,2032,2020,ndc,0.0,0.011614153395030483,-0.06591924834623475,6.715734487586129e-05,70.758
NOR,Norway,2032,2020,ambitious,29.734172668297088,0.011614153395030483,0.19397022599816138,6.715734487586129e-05,70.758
NOR,Norway,2033,2020,baseline,31.318647990248397,0.011614153395030483,0.23349236704613516,6.581419797834405e-05,70.758
NOR,Norway,2033,2020,ndc,0.0,0.011614153395030483,-0.07753340174126522,6.581419797834405e-05,70.758
NOR,Norway,2033,2020,ambitious,28.983258529199773,0.011614153395030483,0.21133933113233064,6.581419797834405e-05,70.758
NOR,Norway,2034,2020,baseline,30.509444298077238,0.011614153395030483,0.2523876579491819,6.449791401877719e-05,70.758
NOR,Norway,2034,2020,ndc,0.0,0.011614153395030483,-0.08914755513629571,6.449791401877719e-05,70.758
NOR,Norway,2034,2020,ambitious,28.234396068078134,0.011614153395030483,0.2279595738053783,6.449791401877719e-05,70.758
NOR,Norway,2035,2020,baseline,29.700240605906064,0.011614153395030483,0.27047374516005745,6.320795573840163e-05,70.758
NOR,Norway,2035,2020,ndc,0.0,0.011614153395030483,-0.10076170853132618,6.320795573840163e-05,70.758
NOR,Norway,2035,2020,ambitious,27.48553360695648,0.011614153395030483,0.2438309540173043,6.320795573840163e-05,70.758
NOR,Norway,2036,2020,baseline,28.891036913734904,0.011614153395030483,0.2877506286787619,6.19437966236336e-05,70.758
NOR,Norway,2036,2020,ndc,0.0,0.011614153395030483,-0.11237586192635665,6.19437966236336e-05,70.758
NOR,Norway,2036,2020,ambitious,26.73667114583484,0.011614153395030483,0.2589534717681087,6.19437966236336e-05,70.758
NOR,Norway,2037,2020,baseline,28.079616225146832,0.011614153395030483,0.30421609150887824,6.070492069116092e-05,70.758
NOR,Norway,2037,2020,ndc,0.0,0.011614153395030483,-0.12399001532138712,6.070492069116092e-05,70.758
NOR,Norway,2037,2020,ambitious,25.985757006737522,0.011614153395030483,0.2733250753798157,6.070492069116092e-05,70.758
NOR,Norway,2038,2020,baseline,27.270412532975662,0.011614153395030483,0.31987235064682346,5.9490822277337706e-05,70.758
NOR,Norway,2038,2020,ndc,0.0,0.011614153395030483,-0.1356041687164176,5.9490822277337706e-05,70.758
NOR,Norway,2038,2020,ambitious,25.236894545615872,0.011614153395030483,0.28694781653040113,5.9490822277337706e-05,70.758
NOR,Norway,2039,2020,baseline,26.461208840804503,0.011614153395030483,0.3347194060925975,5.8301005831790945e-05,70.758
NOR,Norway,2039,2020,ndc,0.0,0.011614153395030483,-0.14721832211144806,5.8301005831790945e-05,70.758
NOR,Norway,2039,2020,ambitious,24.488032084494233,0.011614153395030483,0.2998216952198649,5.8301005831790945e-05,70.758
NOR,Norway,2040,2020,baseline,25.652005148633336,0.011614153395030483,0.3487572578462003,5.713498571515513e-05,70.758
NOR,Norway,2040,2020,ndc,0.0,0.011614153395030483,-0.15883247550647853,5.713498571515513e-05,70.758
NOR,Norway,2040,2020,ambitious,23.739169623372586,0.011614153395030483,0.311946711448207,5.713498571515513e-05,70.758
NOR,Norway,2041,2020,baseline,24.84058446004526,0.011614153395030483,0.3619836889112151,5.5992286000852025e-05,70.758
NOR,Norway,2041,2020,ndc,0.0,0.011614153395030483,-0.170446628901509,5.5992286000852025e-05,70.758
NOR,Norway,2041,2020,ambitious,22.98825548427526,0.011614153395030483,0.32332081353745185,5.5992286000852025e-05,70.758
NOR,Norway,2042,2020,baseline,24.0313807678741,0.011614153395030483,0.37440091628405875,5.487244028083498e-05,70.758
NOR,Norway,2042,2020,ndc,0.0,0.011614153395030483,-0.18206078229653946,5.487244028083498e-05,70.758
NOR,Norway,2042,2020,ambitious,22.23939302315362,0.011614153395030483,0.33394605316557496,5.487244028083498e-05,70.758
NOR,Norway,2043,2020,baseline,23.222177075702934,0.011614153395030483,0.38600893996473123,5.377499147521828e-05,70.758
NOR,Norway,2043,2020,ndc,0.0,0.011614153395030483,-0.19367493569156993,5.377499147521828e-05,70.758
NOR,Norway,2043,2020,ambitious,21.490530562031974,0.011614153395030483,0.3438224303325765,5.377499147521828e-05,70.758
NOR,Norway,2044,2020,baseline,22.412973383531774,0.011614153395030483,0.39680775995323253,5.269949164571391e-05,70.758
NOR,Norway,2044,2020,ndc,0.0,0.011614153395030483,-0.2052890890866004,5.269949164571391e-05,70.758
NOR,Norway,2044,2020,ambitious,20.741668100910335,0.011614153395030483,0.3529499450384564,5.269949164571391e-05,70.758
NOR,Norway,2045,2020,baseline,21.6015526949437,0.011614153395030483,0.40679515925314574,5.164550181279963e-05,70.758
NOR,Norway,2045,2020,ndc,0.0,0.011614153395030483,-0.21690324248163087,5.164550181279963e-05,70.758
NOR,Norway,2045,2020,ambitious,19.990753961813013,0.011614153395030483,0.36132654560523897,5.164550181279963e-05,70.758
NOR,Norway,2046,2020,baseline,20.792349002772532,0.011614153395030483,0.41597335486088777,5.0612591776543644e-05,70.758
NOR,Norway,2046,2020,ndc,0.0,0.011614153395030483,-0.22851739587666134,5.0612591776543644e-05,70.758
NOR,Norway,2046,2020,ambitious,19.241891500691366,0.011614153395030483,0.36895428371089983,5.0612591776543644e-05,70.758
NOR,Norway,2047,2020,baseline,19.983145310601373,0.011614153395030483,0.4243423467764587,4.960033994101278e-05,70.758
NOR,Norway,2047,2020,ndc,0.0,0.011614153395030483,-0.2401315492716918,4.960033994101278e-05,70.758
NOR,Norway,2047,2020,ambitious,18.493029039569727,0.011614153395030483,0.3758331593554391,4.960033994101278e-05,70.758
NOR,Norway,2048,2020,baseline,19.173941618430206,0.011614153395030483,0.43190213499985847,4.8608333142192516e-05,70.758
NOR,Norway,2048,2020,ndc,0.0,0.011614153395030483,-0.2517457026667223,4.8608333142192516e-05,70.758
NOR,Norway,2048,2020,ambitious,17.74416657844808,0.011614153395030483,0.38196317253885675,4.8608333142192516e-05,70.758
NOR,Norway,2049,2020,baseline,18.362520929842134,0.011614153395030481,0.43865050253467014,4.763616647934867e-05,70.758
NOR,Norway,2049,2020,ndc,0.0,0.011614153395030481,-0.2633598560617528,4.763616647934867e-05,70.758
NOR,Norway,2049,2020,ambitious,16.993252439350762,0.011614153395030481,0.3873422715831771,4.763616647934867e-05,70.758
NOR,Norway,2050,2020,baseline,17.55331723767097,0.011614153395030481,0.4445896663773106,4.6683443149761685e-05,70.758
NOR,Norway,2050,2020,ndc,0.0,0.011614153395030481,-0.27497400945678324,4.6683443149761685e-05,70.758
NOR,Norway,2050,2020,ambitious,16.24438997822912,0.011614153395030481,0.3919725081663757,4.6683443149761685e-05,70.758
NZL,New Zealand,2024,2020,baseline,31.388315926972226,0.011036361470958711,0.020351954456013517,0.00011566301518720201,42.265
NZL,New Zealand,2024,2020,ndc,31.388315926972226,0.011036361470958711,0.020351954456013517,0.00011566301518720201,42.265
NZL,New Zealand,2024,2020,ambitious,31.388315926972226,0.011036361470958711,0.020351954456013517,0.00011566301518720201,42.265
NZL,New Zealand,2025,2020,baseline,30.815056880474174,0.011036361470958713,0.04013064986552898,0.00011334975488345795,42.265
NZL,New Zealand,2025,2020,ndc,0.0,0.011036361470958713,0.009315592985054806,0.00011334975488345795,42.265
NZL,New Zealand,2025,2020,ambitious,28.5273264292595,0.011036361470958713,0.03784291941431431,0.00011334975488345795,42.265
NZL,New Zealand,2026,2020,baseline,30.243364115523924,0.011036361470958713,0.059337652510094194,0.0001110827597857888,42.265
NZL,New Zealand,2026,2020,ndc,0.0,0.011036361470958713,-0.001720768485903905,0.0001110827597857888,42.265
NZL,New Zealand,2026,2020,ambitious,26.063132140434398,0.011036361470958713,0.05286969008379,0.0001110827597857888,42.265
NZL,New Zealand,2027,2020,baseline,29.67167135057368,0.011036361470958711,0.07797296238970916,0.00010886110459007301,42.265
NZL,New Zealand,2027,2020,ndc,0.0,0.011036361470958711,-0.012757129956862616,0.00010886110459007301,42.265
NZL,New Zealand,2027,2020,ambitious,23.91752105781362,0.011036361470958711,0.0657508496706449,0.00010886110459007301,42.265
NZL,New Zealand,2028,2020,baseline,29.099978585623433,0.011036361470958711,0.09603657950437389,0.00010668388249827156,42.265
NZL,New Zealand,2028,2020,ndc,0.0,0.011036361470958711,-0.023793491427821327,0.00010668388249827156,42.265
NZL,New Zealand,2028,2020,ambitious,22.032462418059893,0.011036361470958711,0.07674695061774608,0.00010668388249827156,42.265
NZL,New Zealand,2029,2020,baseline,28.526719539125374,0.01103636147095871,0.11352693757254056,0.00010455020484830613,42.265
NZL,New Zealand,2029,2020,ndc,0.0,0.01103636147095871,-0.03482985289878004,0.00010455020484830613,42.265
NZL,New Zealand,2029,2020,ambitious,20.362094636937243,0.01103636147095871,0.08607268378372462,0.00010455020484830613,42.265
NZL,New Zealand,2030,2020,baseline,27.955026774175124,0.011036361470958713,0.130445602875757,0.00010245920075134,42.265
NZL,New Zealand,2030,2020,ndc,0.0,0.011036361470958713,-0.04586621436973875,0.00010245920075134,42.265
NZL,New Zealand,2030,2020,ambitious,18.87366080805902,0.011036361470958713,0.09390998312082494,0.00010245920075134,42.265
NZL,New Zealand,2031,2020,baseline,27.38333400922488,0.011036361470958711,0.14679257541402316,0.0001004100167363132,42.265
NZL,New Zealand,2031,2020,ndc,0.0,0.011036361470958711,-0.05690257584069746,0.0001004100167363132,42.265
NZL,New Zealand,2031,2020,ambitious,18.487686027234986,0.011036361470958711,0.10136130767710122,0.0001004100167363132,42.265
NZL,New Zealand,2032,2020,baseline,26.811641244274632,0.011036361470958711,0.16256785518733907,9.840181640158694e-05,42.265
NZL,New Zealand,2032,2020,ndc,0.0,0.011036361470958711,-0.06793893731165618,9.840181640158694e-05,42.265
NZL,New Zealand,2032,2020,ambitious,18.101711246410947,0.011036361470958711,0.10842665745255345,9.840181640158694e-05,42.265
NZL,New Zealand,2033,2020,baseline,26.238382197776577,0.011036361470958711,0.17776987591415694,9.643378007355519e-05,42.265
NZL,New Zealand,2033,2020,ndc,0.0,0.011036361470958711,-0.07897529878261489,9.643378007355519e-05,42.265
NZL,New Zealand,2033,2020,ambitious,17.714679000433968,0.011036361470958711,0.11510497498202871,9.643378007355519e-05,42.265
NZL,New Zealand,2034,2020,baseline,25.666689432826328,0.011036361470958713,0.19240020387602458,9.450510447208409e-05,42.265
NZL,New Zealand,2034,2020,ndc,0.0,0.011036361470958713,-0.0900116602535736,9.450510447208409e-05,42.265
NZL,New Zealand,2034,2020,ambitious,17.328704219609925,0.011036361470958713,0.12139731773067991,9.450510447208409e-05,42.265
NZL,New Zealand,2035,2020,baseline,25.094996667876078,0.011036361470958711,0.20645883907294194,9.26150023826424e-05,42.265
NZL,New Zealand,2035,2020,ndc,0.0,0.011036361470958711,-0.10104802172453231,9.26150023826424e-05,42.265
NZL,New Zealand,2035,2020,ambitious,16.942729438785886,0.011036361470958711,0.12730368569850709,9.26150023826424e-05,42.265
NZL,New Zealand,2036,2020,baseline,24.523303902925832,0.011036361470958711,0.21994578150490907,9.076270233498955e-05,42.265
NZL,New Zealand,2036,2020,ndc,0.0,0.011036361470958711,-0.11208438319549102,9.076270233498955e-05,42.265
NZL,New Zealand,2036,2020,ambitious,16.556754657961847,0.011036361470958711,0.13282407888551023,9.076270233498955e-05,42.265
NZL,New Zealand,2037,2020,baseline,23.950044856427777,0.011036361470958713,0.23285946489037812,8.894744828828975e-05,42.265
NZL,New Zealand,2037,2020,ndc,0.0,0.011036361470958713,-0.12312074466644973,8.894744828828975e-05,42.265
NZL,New Zealand,2037,2020,ambitious,16.169722411984868,0.011036361470958713,0.1379574398265364,8.894744828828975e-05,42.265
NZL,New Zealand,2038,2020,baseline,23.37835209147753,0.011036361470958711,0.24520145551089695,8.716849932252398e-05,42.265
NZL,New Zealand,2038,2020,ndc,0.0,0.011036361470958711,-0.13415710613740844,8.716849932252398e-05,42.265
NZL,New Zealand,2038,2020,ambitious,15.783747631160828,0.011036361470958711,0.1427048259867385,8.716849932252398e-05,42.265
NZL,New Zealand,2039,2020,baseline,22.806659326527285,0.01103636147095871,0.2569717533664655,8.542512933607348e-05,42.265
NZL,New Zealand,2039,2020,ndc,0.0,0.01103636147095871,-0.14519346760836715,8.542512933607348e-05,42.265
NZL,New Zealand,2039,2020,ambitious,15.397772850336791,0.01103636147095871,0.14706623736611657,8.542512933607348e-05,42.265
NZL,New Zealand,2040,2020,baseline,22.234966561577032,0.011036361470958713,0.2681703584570838,8.371662674935201e-05,42.265
NZL,New Zealand,2040,2020,ndc,0.0,0.011036361470958713,-0.15622982907932587,8.371662674935201e-05,42.265
NZL,New Zealand,2040,2020,ambitious,15.011798069512748,0.011036361470958713,0.1510416739646706,8.371662674935201e-05,42.265
NZL,New Zealand,2041,2020,baseline,21.661707515078977,0.01103636147095871,0.27879570450120406,8.204229421436496e-05,42.265
NZL,New Zealand,2041,2020,ndc,0.0,0.01103636147095871,-0.16726619055028458,8.204229421436496e-05,42.265
NZL,New Zealand,2041,2020,ambitious,14.624765823535768,0.01103636147095871,0.15463007831724768,8.204229421436496e-05,42.265
NZL,New Zealand,2042,2020,baseline,21.09001475012873,0.011036361470958713,0.28884935778037407,8.040144833007767e-05,42.265
NZL,New Zealand,2042,2020,ndc,0.0,0.011036361470958713,-0.1783025520212433,8.040144833007767e-05,42.265
NZL,New Zealand,2042,2020,ambitious,14.23879104271173,0.011036361470958713,0.15783250788900072,8.040144833007767e-05,42.265
NZL,New Zealand,2043,2020,baseline,20.518321985178485,0.011036361470958711,0.2983313182945938,7.879341936347612e-05,42.265
NZL,New Zealand,2043,2020,ndc,0.0,0.011036361470958711,-0.189338913492202,7.879341936347612e-05,42.265
NZL,New Zealand,2043,2020,ambitious,13.852816261887693,0.011036361470958711,0.16064896267992967,7.879341936347612e-05,42.265
NZL,New Zealand,2044,2020,baseline,19.94662922022824,0.011036361470958711,0.30724158604386337,7.721755097620658e-05,42.265
NZL,New Zealand,2044,2020,ndc,0.0,0.011036361470958711,-0.2003752749631607,7.721755097620658e-05,42.265
NZL,New Zealand,2044,2020,ambitious,13.466841481063653,0.011036361470958711,0.1630794426900346,7.721755097620658e-05,42.265
NZL,New Zealand,2045,2020,baseline,19.37337017373018,0.011036361470958711,0.31557859474663486,7.567319995668246e-05,42.265
NZL,New Zealand,2045,2020,ndc,0.0,0.011036361470958711,-0.21141163643411942,7.567319995668246e-05,42.265
NZL,New Zealand,2045,2020,ambitious,13.079809235086671,0.011036361470958711,0.16512289045416256,7.567319995668246e-05,42.265
NZL,New Zealand,2046,2020,baseline,18.80167740877993,0.011036361470958711,0.32334391068445606,7.415973595754882e-05,42.265
NZL,New Zealand,2046,2020,ndc,0.0,0.011036361470958711,-0.22244799790507813,7.415973595754882e-05,42.265
NZL,New Zealand,2046,2020,ambitious,12.69383445426263,0.011036361470958711,0.1667803634374665,7.415973595754882e-05,42.265
NZL,New Zealand,2047,2020,baseline,18.229984643829685,0.011036361470958713,0.330537533857327,7.267654123839784e-05,42.265
NZL,New Zealand,2047,2020,ndc,0.0,0.011036361470958713,-0.23348435937603684,7.267654123839784e-05,42.265
NZL,New Zealand,2047,2020,ambitious,12.307859673438593,0.011036361470958713,0.1680518616399464,7.267654123839784e-05,42.265
NZL,New Zealand,2048,2020,baseline,17.65829187887944,0.011036361470958713,0.33715946426524773,7.122301041362987e-05,42.265
NZL,New Zealand,2048,2020,ndc,0.0,0.011036361470958713,-0.24452072084699555,7.122301041362987e-05,42.265
NZL,New Zealand,2048,2020,ambitious,11.921884892614555,0.011036361470958713,0.16893738506160222,7.122301041362987e-05,42.265
NZL,New Zealand,2049,2020,baseline,17.08503283238138,0.011036361470958711,0.3432081356266704,6.979855020535728e-05,42.265
NZL,New Zealand,2049,2020,ndc,0.0,0.011036361470958711,-0.25555708231795426,6.979855020535728e-05,42.265
NZL,New Zealand,2049,2020,ambitious,11.534852646637571,0.011036361470958711,0.16943587623728107,6.979855020535728e-05,42.265
NZL,New Zealand,2050,2020,baseline,16.513340067431134,0.011036361470958711,0.3486851142231428,6.840257920125013e-05,42.265
NZL,New Zealand,2050,2020,ndc,0.0,0.011036361470958711,-0.266593443788913,6.840257920125013e-05,42.265
NZL,New Zealand,2050,2020,ambitious,11.148877865813533,0.011036361470958711,0.1695483926321359,6.840257920125013e-05,42.265
OMN,Oman,2024,2050,baseline,78.4225459286208,0.010624510552546467,0.06779803537607433,0.000726571274090088,1.142
OMN,Oman,2024,2050,ndc,78.4225459286208,0.010624510552546467,0.06779803537607433,0.000726571274090088,1.142
OMN,Oman,2024,2050,ambitious,78.4225459286208,0.010624510552546467,0.06779803537607433,0.000726571274090088,1.142
OMN,Oman,2025,2050,baseline,79.83078656302025,0.010624510552546467,0.13700431138654812,0.0007120398486082862,1.142
OMN,Oman,2025,2050,ndc,75.4062941621354,0.010624510552546467,0.13257981898566326,0.0007120398486082862,1.142
OMN,Oman,2025,2050,ambitious,77.25559990187926,0.010624510552546467,0.1344291247254071,0.0007120398486082862,1.142
OMN,Oman,2026,2050,baseline,81.23517954541316,0.010624510552546467,0.20761498037941484,0.0006977990516361204,1.142
OMN,Oman,2026,2050,ndc,72.39004239564998,0.010624510552546467,0.1943453508287668,0.0006977990516361204,1.142
OMN,Oman,2026,2050,ambitious,76.15798082799284,0.010624510552546467,0.1999625950008535,0.0006977990516361204,1.142
OMN,Oman,2027,2050,baseline,82.63957252780607,0.010624510552546467,0.2796300423546744,0.0006838430706033981,1.142
OMN,Oman,2027,2050,ndc,69.37379062916456,0.010624510552546467,0.25309463090538487,0.0006838430706033981,1.142
OMN,Oman,2027,2050,ambitious,75.12688412216782,0.010624510552546467,0.26446496857047486,0.0006838430706033981,1.142
OMN,Oman,2028,2050,baseline,84.04396551019896,0.010624510552546467,0.35304949731232693,0.0006701662091913301,1.142
OMN,Oman,2028,2050,ndc,66.35753886267915,0.010624510552546467,0.3088276592155176,0.0006701662091913301,1.142
OMN,Oman,2028,2050,ambitious,74.15644016369738,0.010624510552546467,0.3279968981816258,0.0006701662091913301,1.142
OMN,Oman,2029,2050,baseline,85.4522061445984,0.010624510552546467,0.4278771929043789,0.0006567628850075035,1.142
OMN,Oman,2029,2050,ndc,63.34128709619373,0.010624510552546467,0.36154443575916484,0.0006567628850075035,1.142
OMN,Oman,2029,2050,ambitious,73.24474813310395,0.010624510552546467,0.39061713576218327,0.0006567628850075035,1.142
OMN,Oman,2030,2050,baseline,86.85659912699131,0.010624510552546467,0.5041092814788237,0.0006436276273073534,1.142
OMN,Oman,2030,2050,ndc,60.32503532970831,0.010624510552546467,0.41124496053632664,0.0006436276273073534,1.142
OMN,Oman,2030,2050,ambitious,72.38049928305617,0.010624510552546467,0.4523731244926929,0.0006436276273073534,1.142
OMN,Oman,2031,2050,baseline,88.26099210938422,0.010624510552546467,0.5817457630356615,0.0006307550747612063,1.142
OMN,Oman,2031,2050,ndc,57.3087835632229,0.010624510552546467,0.4579292335470031,0.0006307550747612063,1.142
OMN,Oman,2031,2050,ambitious,73.55082676855439,0.010624510552546467,0.5152994407087008,0.0006307550747612063,1.142
OMN,Oman,2032,2050,baseline,89.66538509177713,0.010624510552546467,0.6607866375748922,0.0006181399732659822,1.142
OMN,Oman,2032,2050,ndc,54.29253179673748,0.010624510552546467,0.5015972547911941,0.0006181399732659822,1.142
OMN,Oman,2032,2050,ambitious,74.72115425405262,0.010624510552546467,0.579396084410207,0.0006181399732659822,1.142
OMN,Oman,2033,2050,baseline,91.07362572617657,0.010624510552546467,0.7412357527485223,0.0006057771738006625,1.142
OMN,Oman,2033,2050,ndc,51.27628003025207,0.010624510552546467,0.5422490242688996,0.0006057771738006625,1.142
OMN,Oman,2033,2050,ambitious,75.89468811622342,0.010624510552546467,0.6446662619738839,0.0006057771738006625,1.142
OMN,Oman,2034,2050,baseline,92.47801870856946,0.010624510552546467,0.8230892609045453,0.0005936616303246493,1.142
OMN,Oman,2034,2050,ndc,48.26002826376665,0.010624510552546467,0.5798845419801198,0.0005936616303246493,1.142
OMN,Oman,2034,2050,ambitious,77.06501560172164,0.010624510552546467,0.7111067670230591,0.0005936616303246493,1.142
OMN,Oman,2035,2050,baseline,93.88241169096239,0.010624510552546467,0.9063471620429613,0.0005817883977181562,1.142
OMN,Oman,2035,2050,ndc,45.24377649728123,0.010624510552546467,0.6145038079248546,0.0005817883977181562,1.142
OMN,Oman,2035,2050,ambitious,78.23534308721987,0.010624510552546467,0.7787175995577326,0.0005817883977181562,1.142
OMN,Oman,2036,2050,baseline,95.28680467335528,0.010624510552546467,0.9910094561637701,0.0005701526297637931,1.142
OMN,Oman,2036,2050,ndc,42.227524730795814,0.010624510552546467,0.6461068221031039,0.0005701526297637931,1.142
OMN,Oman,2036,2050,ambitious,79.40567057271808,0.010624510552546467,0.8474987595779042,0.0005701526297637931,1.142
OMN,Oman,2037,2050,baseline,96.69504530775474,0.010624510552546467,1.0770799909189783,0.0005587495771685173,1.142
OMN,Oman,2037,2050,ndc,39.2112729643104,0.010624510552546467,0.6746935845148678,0.0005587495771685173,1.142
OMN,Oman,2037,2050,ambitious,80.57920443488891,0.010624510552546467,0.9174534534602466,0.0005587495771685173,1.142
OMN,Oman,2038,2050,baseline,98.09943829014763,0.010624510552546467,1.1645549186565796,0.0005475745856251469,1.142
OMN,Oman,2038,2050,ndc,36.19502119782499,0.010624510552546467,0.7002640951601464,0.0005475745856251469,1.142
OMN,Oman,2038,2050,ambitious,81.74953192038711,0.010624510552546467,0.9885784748280874,0.0005475745856251469,1.142
OMN,Oman,2039,2050,baseline,99.50383127254052,0.010624510552546467,1.2534342393765734,0.0005366230939126439,1.142
OMN,Oman,2039,2050,ndc,33.178769431339575,0.010624510552546467,0.7228183540389396,0.0005366230939126439,1.142
OMN,Oman,2039,2050,ambitious,82.91985940588532,0.010624510552546467,1.0608738236814261,0.0005366230939126439,1.142
OMN,Oman,2040,2050,baseline,100.90822425493344,0.010624510552546467,1.3437179530789605,0.0005258906320343911,1.142
OMN,Oman,2040,2050,ndc,30.162517664854153,0.010624510552546467,0.7423563611512471,0.0005258906320343911,1.142
OMN,Oman,2040,2050,ambitious,84.09018689138355,0.010624510552546467,1.1343395000202632,0.0005258906320343911,1.142
OMN,Oman,2041,2050,baseline,102.3164648893329,0.010624510552546467,1.435409907415747,0.0005153728193937032,1.142
OMN,Oman,2041,2050,ndc,27.14626589836874,0.010624510552546467,0.7588781164970695,0.0005153728193937032,1.142
OMN,Oman,2041,2050,ambitious,85.26372075355438,0.010624510552546467,1.2089787102212712,0.0005153728193937032,1.142
OMN,Oman,2042,2050,baseline,103.7208578717258,0.010624510552546467,1.5285062547349264,0.0005050653630058291,1.142
OMN,Oman,2042,2050,ndc,24.130014131883325,0.010624510552546467,0.7723836200764064,0.0005050653630058291,1.142
OMN,Oman,2042,2050,ambitious,86.43404823905259,0.010624510552546467,1.2847882479077775,0.0005050653630058291,1.142
OMN,Oman,2043,2050,baseline,105.12525085411869,0.010624510552546467,1.6230069950364987,0.0004949640557457126,1.142
OMN,Oman,2043,2050,ndc,21.113762365397914,0.010624510552546467,0.7828728718892579,0.0004949640557457126,1.142
OMN,Oman,2043,2050,ambitious,87.6043757245508,0.010624510552546467,1.3617681130797819,0.0004949640557457126,1.142
OMN,Oman,2044,2050,baseline,106.52964383651158,0.010624510552546467,1.7189121283204638,0.00048506477463079826,1.142
OMN,Oman,2044,2050,ndc,18.09751059891249,0.010624510552546467,0.790345871935624,0.00048506477463079826,1.142
OMN,Oman,2044,2050,ambitious,88.77470321004901,0.010624510552546467,1.4399183057372844,0.00048506477463079826,1.142
OMN,Oman,2045,2050,baseline,107.93788447091104,0.010624510552546467,1.8162255022388283,0.00047536347913818233,1.142
OMN,Oman,2045,2050,ndc,15.081258832427077,0.010624510552546467,0.7948026202155046,0.00047536347913818233,1.142
OMN,Oman,2045,2050,ambitious,89.94823707221983,0.010624510552546467,1.5192420322569578,0.00047536347913818233,1.142
OMN,Oman,2046,2050,baseline,109.34227745330394,0.010624510552546467,1.9149432691395858,0.0004658562095554187,1.142
OMN,Oman,2046,2050,ndc,12.065007065941662,0.010624510552546467,0.7962431167288998,0.0004658562095554187,1.142
OMN,Oman,2046,2050,ambitious,91.11856455771805,0.010624510552546467,1.599736086262129,0.0004658562095554187,1.142
OMN,Oman,2047,2050,baseline,110.74667043569684,0.010624510552546469,2.0150654290227363,0.00045653908536431035,1.142
OMN,Oman,2047,2050,ndc,9.04875529945625,0.010624510552546469,0.7946673614758095,0.00045653908536431035,1.142
OMN,Oman,2047,2050,ambitious,92.28889204321626,0.010624510552546469,1.681400467752799,0.00045653908536431035,1.142
OMN,Oman,2048,2050,baseline,112.15106341808975,0.010624510552546467,2.1165919818882797,0.0004474083036570241,1.142
OMN,Oman,2048,2050,ndc,6.032503532970828,0.010624510552546467,0.790075354456234,0.0004474083036570241,1.142
OMN,Oman,2048,2050,ambitious,93.45921952871448,0.010624510552546467,1.7642351767289668,0.0004474083036570241,1.142
OMN,Oman,2049,2050,baseline,113.55930405248921,0.010624510552546467,2.2195267753882226,0.00043846013758388363,1.142
OMN,Oman,2049,2050,ndc,3.016251766485414,0.010624510552546467,0.7824670956701729,0.00043846013758388363,1.142
OMN,Oman,2049,2050,ambitious,94.63275339088531,0.010624510552546467,1.8482434195673059,0.00043846013758388363,1.142
OMN,Oman,2050,2050,baseline,114.9636970348821,0.010624510552546467,2.3238659618705584,0.0004296909348322059,1.142
OMN,Oman,2050,2050,ndc,0.0,0.010624510552546467,0.7718425851176264,0.0004296909348322059,1.142
OMN,Oman,2050,2050,ambitious,95.80308087638352,0.010624510552546467,1.933421989891143,0.0004296909348322059,1.142
PAK,Pakistan,2024,2050,baseline,243.08560643865837,0.5207910529088833,-0.2777054464702249,0.000582012668506836,12.266
PAK,Pakistan,2024,2050,ndc,243.08560643865837,0.5207910529088833,-0.2777054464702249,0.000582012668506836,12.266
PAK,Pakistan,2024,2050,ambitious,243.08560643865837,0.5207910529088833,-0.2777054464702249,0.000582012668506836,12.266
PAK,Pakistan,2025,2050,baseline,250.47688473328543,0.5207910529088833,-0.5480196146458227,0.0005703724151366992,12.266
PAK,Pakistan,2025,2050,ndc,233.73616003717152,0.5207910529088833,-0.5647603393419367,0.0005703724151366992,12.266
PAK,Pakistan,2025,2050,ambitious,242.39698522639756,0.5207910529088833,-0.5560995141527106,0.0005703724151366992,12.266
PAK,Pakistan,2026,2050,baseline,257.8479682784738,0.5207910529088833,-0.8109626992762322,0.0005589649668339652,12.266
PAK,Pakistan,2026,2050,ndc,224.38671363568466,0.5207910529088833,-0.8611646786151353,0.0005589649668339652,12.266
PAK,Pakistan,2026,2050,ambitious,241.73247026230086,0.5207910529088833,-0.8351580967992931,0.0005589649668339652,12.266
PAK,Pakistan,2027,2050,baseline,265.219051823662,0.5207910529088833,-1.0665347003614536,0.0005477856674972859,12.266
PAK,Pakistan,2027,2050,ndc,215.03726723419777,0.5207910529088833,-1.1669184642898207,0.0005477856674972859,12.266
PAK,Pakistan,2027,2050,ambitious,241.10822893238878,0.5207910529088833,-1.1148409207757877,0.0005477856674972859,12.266
PAK,Pakistan,2028,2050,baseline,272.5901353688503,0.5207910529088833,-1.3147356179014866,0.0005368299541473402,12.266
PAK,Pakistan,2028,2050,ndc,205.68782083271094,0.5207910529088833,-1.4820216963659933,0.0005368299541473402,12.266
PAK,Pakistan,2028,2050,ambitious,240.52070768070428,0.5207910529088833,-1.3951112660039668,0.0005368299541473402,12.266
PAK,Pakistan,2029,2050,baseline,279.9814136634775,0.5207910529088833,-1.5555452571468926,0.0005260933550643934,12.266
PAK,Pakistan,2029,2050,ndc,196.33837443122408,0.5207910529088833,-1.8064743748436527,0.0005260933550643934,12.266
PAK,Pakistan,2029,2050,ambitious,239.98406885720422,0.5207910529088833,-1.6759182500556462,0.0005260933550643934,12.266
PAK,Pakistan,2030,2050,baseline,287.35249720866585,0.5207910529088833,-1.7889838128471103,0.0005155714879631055,12.266
PAK,Pakistan,2030,2050,ndc,186.9889280297372,0.5207910529088833,-2.140276499722799,0.0005155714879631055,12.266
PAK,Pakistan,2030,2050,ambitious,239.4604143438086,0.5207910529088833,-1.957248888620721,0.0005155714879631055,12.266
PAK,Pakistan,2031,2050,baseline,294.7235807538541,0.5207910529088833,-2.01505128500214,0.0005052600582038433,12.266
PAK,Pakistan,2031,2050,ndc,177.63948162825037,0.5207910529088833,-2.4834280710034324,0.0005052600582038433,12.266
PAK,Pakistan,2031,2050,ambitious,245.60298396488227,0.5207910529088833,-2.2324369575647225,0.0005052600582038433,12.266
PAK,Pakistan,2032,2050,baseline,302.0946642990424,0.5207910529088833,-2.233747673611981,0.0004951548570397666,12.266
PAK,Pakistan,2032,2050,ndc,168.29003522676348,0.5207910529088833,-2.8359290886855524,0.0004951548570397666,12.266
PAK,Pakistan,2032,2050,ambitious,251.74555358595597,0.5207910529088833,-2.5014824568876497,0.0004951548570397666,12.266
PAK,Pakistan,2033,2050,baseline,309.48594259366956,0.5207910529088833,-2.4450527839271947,0.00048525175989897113,12.266
PAK,Pakistan,2033,2050,ndc,158.94058882527662,0.5207910529088833,-3.197779552769159,0.00048525175989897113,12.266
PAK,Pakistan,2033,2050,ambitious,257.90495216489563,0.5207910529088833,-2.7643685576316375,0.00048525175989897113,12.266
PAK,Pakistan,2034,2050,baseline,316.8570261388578,0.5207910529088833,-2.6489868106972203,0.00047554672470099174,12.266
PAK,Pakistan,2034,2050,ndc,149.5911424237898,0.5207910529088833,-3.568979463254253,0.00047554672470099174,12.266
PAK,Pakistan,2034,2050,ambitious,264.0475217859693,0.5207910529088833,-3.0211120887545517,0.00047554672470099174,12.266
PAK,Pakistan,2035,2050,baseline,324.22810968404616,0.5207910529088833,-2.845549753922058,0.00046603579020697186,12.266
PAK,Pakistan,2035,2050,ndc,140.2416960223029,0.5207910529088833,-3.9495288201408334,0.00046603579020697186,12.266
PAK,Pakistan,2035,2050,ambitious,270.19009140704304,0.5207910529088833,-3.271713050256392,0.00046603579020697186,12.266
PAK,Pakistan,2036,2050,baseline,331.59919322923446,0.5207910529088833,-3.0347416136017067,0.0004567150744028324,12.266
PAK,Pakistan,2036,2050,ndc,130.89224962081605,0.5207910529088833,-4.3394276234289,0.0004567150744028324,12.266
PAK,Pakistan,2036,2050,ambitious,276.3326610281168,0.5207910529088833,-3.516171442137159,0.0004567150744028324,12.266
PAK,Pakistan,2037,2050,baseline,338.99047152386163,0.5207910529088833,-3.2165421949867286,0.00044758077291477574,12.266
PAK,Pakistan,2037,2050,ndc,121.54280321932919,0.5207910529088833,-4.738675873118455,0.00044758077291477574,12.266
PAK,Pakistan,2037,2050,ambitious,282.49205960705643,0.5207910529088833,-3.7544704354389857,0.00044758077291477574,12.266
PAK,Pakistan,2038,2050,baseline,346.36155506904987,0.5207910529088833,-3.390971692826562,0.0004386291574564803,12.266
PAK,Pakistan,2038,2050,ndc,112.19335681784233,0.5207910529088833,-5.147273569209496,0.0004386291574564803,12.266
PAK,Pakistan,2038,2050,ambitious,288.6346292281301,0.5207910529088833,-3.986626859119739,0.0004386291574564803,12.266
PAK,Pakistan,2039,2050,baseline,353.7326386142381,0.5207910529088833,-3.5580301071212066,0.00042985657430735064,12.266
PAK,Pakistan,2039,2050,ndc,102.84391041635548,0.5207910529088833,-5.565220711702024,0.00042985657430735064,12.266
PAK,Pakistan,2039,2050,ambitious,294.7771988492038,0.5207910529088833,-4.212640713179418,0.00042985657430735064,12.266
PAK,Pakistan,2040,2050,baseline,361.1037221594265,0.5207910529088833,-3.7177174378706637,0.0004212594428212036,12.266
PAK,Pakistan,2040,2050,ndc,93.4944640148686,0.5207910529088833,-5.992517300596038,0.0004212594428212036,12.266
PAK,Pakistan,2040,2050,ambitious,300.9197684702776,0.5207910529088833,-4.432511997618024,0.0004212594428212036,12.266
PAK,Pakistan,2041,2050,baseline,368.4950004540537,0.5207910529088833,-3.8700134903254932,0.0004128342539647795,12.266
PAK,Pakistan,2041,2050,ndc,84.14501761338174,0.5207910529088833,-6.429163335891539,0.0004128342539647795,12.266
PAK,Pakistan,2041,2050,ambitious,307.07916704921723,0.5207910529088833,-4.64622388347769,0.0004128342539647795,12.266
PAK,Pakistan,2042,2050,baseline,375.86608399924194,0.5207910529088833,-4.014938459235135,0.0004045775688854839,12.266
PAK,Pakistan,2042,2050,ndc,74.7955712118949,0.5207910529088833,-6.875158817588528,0.0004045775688854839,12.266
PAK,Pakistan,2042,2050,ambitious,313.2217366702909,0.5207910529088833,-4.853793199716283,0.0004045775688854839,12.266
PAK,Pakistan,2043,2050,baseline,383.2371675444302,0.5207910529088833,-4.1524923445995885,0.00039648601750777424,12.266
PAK,Pakistan,2043,2050,ndc,65.44612481040804,0.5207910529088833,-7.330503745687004,0.00039648601750777424,12.266
PAK,Pakistan,2043,2050,ambitious,319.3643062913646,0.5207910529088833,-5.055219946333802,0.00039648601750777424,12.266
PAK,Pakistan,2044,2050,baseline,390.6082510896185,0.5207910529088833,-4.282675146418853,0.00038855629715761874,12.266
PAK,Pakistan,2044,2050,ndc,56.09667840892115,0.5207910529088833,-7.795198120186966,0.00038855629715761874,12.266
PAK,Pakistan,2044,2050,ambitious,325.5068759124383,0.5207910529088833,-5.250504123330247,0.00038855629715761874,12.266
PAK,Pakistan,2045,2050,baseline,397.99952938424565,0.5207910529088833,-4.4054666699434915,0.00038078517121446635,12.266
PAK,Pakistan,2045,2050,ndc,46.7472320074343,0.5207910529088833,-8.269241941088415,0.00038078517121446635,12.266
PAK,Pakistan,2045,2050,ambitious,331.666274491378,0.5207910529088833,-5.439628901747752,0.00038078517121446635,12.266
PAK,Pakistan,2046,2050,baseline,405.370612929434,0.5207910529088833,-4.520887109922941,0.00037316946779017706,12.266
PAK,Pakistan,2046,2050,ndc,37.39778560594745,0.5207910529088833,-8.752635208391352,0.00037316946779017706,12.266
PAK,Pakistan,2046,2050,ambitious,337.8088441124517,0.5207910529088833,-5.622611110544184,0.00037316946779017706,12.266
PAK,Pakistan,2047,2050,baseline,412.74169647462224,0.5207910529088833,-4.628936466357202,0.0003657060784343735,12.266
PAK,Pakistan,2047,2050,ndc,28.04833920446059,0.5207910529088833,-9.245377922095773,0.0003657060784343735,12.266
PAK,Pakistan,2047,2050,ambitious,343.9514137335254,0.5207910529088833,-5.799450749719542,0.0003657060784343735,12.266
PAK,Pakistan,2048,2050,baseline,420.11278001981054,0.5207910529088833,-4.729614739246275,0.00035839195686568603,12.266
PAK,Pakistan,2048,2050,ndc,18.69889280297371,0.5207910529088833,-9.747470082201684,0.00035839195686568603,12.266
PAK,Pakistan,2048,2050,ambitious,350.0939833545991,0.5207910529088833,-5.970147819273826,0.00035839195686568603,12.266
PAK,Pakistan,2049,2050,baseline,427.5040583144377,0.5207910529088833,-4.82290173384072,0.0003512241177283723,12.266
PAK,Pakistan,2049,2050,ndc,9.349446401486855,0.5207910529088833,-10.25891168870908,0.0003512241177283723,12.266
PAK,Pakistan,2049,2050,ambitious,356.2533819335388,0.5207910529088833,-6.134685490249171,0.0003512241177283723,12.266
PAK,Pakistan,2050,2050,baseline,434.87514185962596,0.5207910529088833,-4.908817644889977,0.00034419963537380484,12.266
PAK,Pakistan,2050,2050,ndc,0.0,0.5207910529088833,-10.779702741617964,0.00034419963537380484,12.266
PAK,Pakistan,2050,2050,ambitious,362.39595155461245,0.5207910529088833,-6.2930805916034425,0.00034419963537380484,12.266
PER,Peru,2024,2020,baseline,54.86584258350633,0.07121686623825076,-0.016351023654744425,0.000205075600557786,25.562
PER,Peru,2024,2020,ndc,54.86584258350633,0.07121686623825076,-0.016351023654744425,0.000205075600557786,25.562
PER,Peru,2024,2020,ambitious,54.86584258350633,0.07121686623825076,-0.016351023654744425,0.000205075600557786,25.562
PER,Peru,2025,2020,baseline,55.12862096759751,0.07121686623825076,-0.03243926892539767,0.00020097408854663026,25.562
PER,Peru,2025,2020,ndc,0.0,0.07121686623825076,-0.08756788989299519,0.00020097408854663026,25.562
PER,Peru,2025,2020,ambitious,52.7771766848339,0.07121686623825076,-0.03479071320816128,0.00020097408854663026,25.562
PER,Peru,2026,2020,baseline,55.39068137796168,0.07121686623825074,-0.048265453785686724,0.00019695460677569766,25.562
PER,Peru,2026,2020,ndc,0.0,0.07121686623825074,-0.15878475613124593,0.00019695460677569766,25.562
PER,Peru,2026,2020,ambitious,50.85874146184367,0.07121686623825074,-0.05514883798456835,0.00019695460677569766,25.562
PER,Peru,2027,2020,baseline,55.65274178832584,0.07121686623825074,-0.06382957823561158,0.00019301551464018368,25.562
PER,Peru,2027,2020,ndc,0.0,0.07121686623825074,-0.23000162236949664,0.00019301551464018368,25.562
PER,Peru,2027,2020,ambitious,49.09109947713722,0.07121686623825074,-0.07727460474568185,0.00019301551464018368,25.562
PER,Peru,2028,2020,baseline,55.914802198690005,0.07121686623825076,-0.07913164227517233,0.00018915520434738001,25.562
PER,Peru,2028,2020,ndc,0.0,0.07121686623825076,-0.30121848860774736,0.00018915520434738001,25.562
PER,Peru,2028,2020,ambitious,47.457144021739666,0.07121686623825076,-0.10103432696219294,0.00018915520434738001,25.562
PER,Peru,2029,2020,baseline,56.1775805827812,0.07121686623825076,-0.09417092793064186,0.00018537210026043242,25.562
PER,Peru,2029,2020,ndc,0.0,0.07121686623825076,-0.3724353548459981,0.00018537210026043242,25.562
PER,Peru,2029,2020,ambitious,45.94284882941935,0.07121686623825076,-0.12630834437102434,0.00018537210026043242,25.562
PER,Peru,2030,2020,baseline,56.43964099314536,0.07121686623825076,-0.10894815317574724,0.00018166465825522377,25.562
PER,Peru,2030,2020,ndc,0.0,0.07121686623825076,-0.44365222108424884,0.00018166465825522377,25.562
PER,Peru,2030,2020,ambitious,44.534460487732034,0.07121686623825076,-0.15299075012154306,0.00018166465825522377,25.562
PER,Peru,2031,2020,baseline,56.70170140350952,0.07121686623825076,-0.12346331801048849,0.00017803136509011929,25.562
PER,Peru,2031,2020,ndc,0.0,0.07121686623825076,-0.5148690873224996,0.00017803136509011929,25.562
PER,Peru,2031,2020,ambitious,44.74124279154184,0.07121686623825076,-0.17946637356825196,0.00017803136509011929,25.562
PER,Peru,2032,2020,baseline,56.96376181387369,0.07121686623825076,-0.1377164224348656,0.0001744707377883169,25.562
PER,Peru,2032,2020,ndc,0.0,0.07121686623825076,-0.5860859535607503,0.0001744707377883169,25.562
PER,Peru,2032,2020,ambitious,44.94802509535167,0.07121686623825076,-0.20573521471115103,0.0001744707377883169,25.562
PER,Peru,2033,2020,baseline,57.22654019796488,0.07121686623825076,-0.15170674847515142,0.00017098132303255056,25.562
PER,Peru,2033,2020,ndc,0.0,0.07121686623825076,-0.6573028197990011,0.00017098132303255056,25.562
PER,Peru,2033,2020,ambitious,45.15537392602124,0.07121686623825076,-0.2317967070233805,0.00017098132303255056,25.562
PER,Peru,2034,2020,baseline,57.488600608329044,0.07121686623825076,-0.1654350141050731,0.00016756169657189957,25.562
PER,Peru,2034,2020,ndc,0.0,0.07121686623825076,-0.7285196860372518,0.00016756169657189957,25.562
PER,Peru,2034,2020,ambitious,45.36215622983106,0.07121686623825076,-0.25765141703180017,0.00016756169657189957,25.562
PER,Peru,2035,2020,baseline,57.75066101869321,0.07121686623825076,-0.17890121932463066,0.00016421046264046156,25.562
PER,Peru,2035,2020,ndc,0.0,0.07121686623825076,-0.7997365522755026,0.00016421046264046156,25.562
PER,Peru,2035,2020,ambitious,45.56893853364088,0.07121686623825076,-0.28329934473641005,0.00016421046264046156,25.562
PER,Peru,2036,2020,baseline,58.012721429057365,0.07121686623825076,-0.19210536413382406,0.00016092625338765232,25.562
PER,Peru,2036,2020,ndc,0.0,0.07121686623825076,-0.8709534185137533,0.00016092625338765232,25.562
PER,Peru,2036,2020,ambitious,45.77572083745069,0.07121686623825076,-0.30874049013721006,0.00016092625338765232,25.562
PER,Peru,2037,2020,baseline,58.275499813148556,0.07121686623825076,-0.2050467305589263,0.00015770772831989925,25.562
PER,Peru,2037,2020,ndc,0.0,0.07121686623825076,-0.942170284752004,0.00015770772831989925,25.562
PER,Peru,2037,2020,ambitious,45.983069668120265,0.07121686623825076,-0.33397428670734053,0.00015770772831989925,25.562
PER,Peru,2038,2020,baseline,58.53756022351273,0.07121686623825076,-0.2177260365736644,0.0001545535737535013,25.562
PER,Peru,2038,2020,ndc,0.0,0.07121686623825076,-1.013387150990255,0.0001545535737535013,25.562
PER,Peru,2038,2020,ambitious,46.18985197193009,0.07121686623825076,-0.35900130097366134,0.0001545535737535013,25.562
PER,Peru,2039,2020,baseline,58.79962063387689,0.07121686623825076,-0.23014328217803837,0.00015146250227843124,25.562
PER,Peru,2039,2020,ndc,0.0,0.07121686623825076,-1.0846040172285059,0.00015146250227843124,25.562
PER,Peru,2039,2020,ambitious,46.39663427573991,0.07121686623825076,-0.38382153293617227,0.00015146250227843124,25.562
PER,Peru,2040,2020,baseline,59.061681044241055,0.07121686623825074,-0.2422984673720482,0.00014843325223286261,25.562
PER,Peru,2040,2020,ndc,0.0,0.07121686623825074,-1.1558208834667567,0.00014843325223286261,25.562
PER,Peru,2040,2020,ambitious,46.60341657954973,0.07121686623825074,-0.40843498259487343,0.00014843325223286261,25.562
PER,Peru,2041,2020,baseline,59.32445942833223,0.07121686623825074,-0.2541908741819665,0.00014546458718820535,25.562
PER,Peru,2041,2020,ndc,0.0,0.07121686623825074,-1.2270377497050073,0.00014546458718820535,25.562
PER,Peru,2041,2020,ambitious,46.8107654102193,0.07121686623825074,-0.4328410834229047,0.00014546458718820535,25.562
PER,Peru,2042,2020,baseline,59.58651983869641,0.07121686623825074,-0.2658212205815207,0.00014255529544444126,25.562
PER,Peru,2042,2020,ndc,0.0,0.07121686623825074,-1.298254615943258,0.00014255529544444126,25.562
PER,Peru,2042,2020,ambitious,47.01754771402912,0.07121686623825074,-0.45704040194712625,0.00014255529544444126,25.562
PER,Peru,2043,2020,baseline,59.848580249060575,0.07121686623825076,-0.27718950657071106,0.00013970418953555242,25.562
PER,Peru,2043,2020,ndc,0.0,0.07121686623825076,-1.3694714821815088,0.00013970418953555242,25.562
PER,Peru,2043,2020,ambitious,47.224330017838945,0.07121686623825076,-0.4810329381675381,0.00013970418953555242,25.562
PER,Peru,2044,2020,baseline,60.11064065942474,0.07121686623825076,-0.2882957321495372,0.00013691010574484137,25.562
PER,Peru,2044,2020,ndc,0.0,0.07121686623825076,-1.4406883484197597,0.00013691010574484137,25.562
PER,Peru,2044,2020,ambitious,47.43111232164876,0.07121686623825076,-0.5048186920841402,0.00013691010574484137,25.562
PER,Peru,2045,2020,baseline,60.373419043515916,0.07121686623825076,-0.29913917934427214,0.00013417190362994454,25.562
PER,Peru,2045,2020,ndc,0.0,0.07121686623825076,-1.5119052146580105,0.00013417190362994454,25.562
PER,Peru,2045,2020,ambitious,47.63846115231833,0.07121686623825076,-0.5283970971700727,0.00013417190362994454,25.562
PER,Peru,2046,2020,baseline,60.63547945388008,0.07121686623825074,-0.30972056612864285,0.00013148846555734566,25.562
PER,Peru,2046,2020,ndc,0.0,0.07121686623825074,-1.5831220808962614,0.00013148846555734566,25.562
PER,Peru,2046,2020,ambitious,47.845243456128145,0.07121686623825074,-0.5517687199521955,0.00013148846555734566,25.562
PER,Peru,2047,2020,baseline,60.897539864244244,0.07121686623825076,-0.3200398925026495,0.00012885869624619875,25.562
PER,Peru,2047,2020,ndc,0.0,0.07121686623825076,-1.6543389471345122,0.00012885869624619875,25.562
PER,Peru,2047,2020,ambitious,48.05202575993796,0.07121686623825076,-0.5749335604305084,0.00012885869624619875,25.562
PER,Peru,2048,2020,baseline,61.15960027460842,0.07121686623825076,-0.33009715846629195,0.00012628152232127478,25.562
PER,Peru,2048,2020,ndc,0.0,0.07121686623825076,-1.725555813372763,0.00012628152232127478,25.562
PER,Peru,2048,2020,ambitious,48.25880806374779,0.07121686623825076,-0.5978916186050114,0.00012628152232127478,25.562
PER,Peru,2049,2020,baseline,61.42237865869961,0.07121686623825074,-0.339891646045843,0.00012375589187484928,25.562
PER,Peru,2049,2020,ndc,0.0,0.07121686623825074,-1.7967726796110137,0.00012375589187484928,25.562
PER,Peru,2049,2020,ambitious,48.46615689441736,0.07121686623825074,-0.6206423279488447,0.00012375589187484928,25.562
PER,Peru,2050,2020,baseline,61.684439069063764,0.07121686623825076,-0.34942407321503,0.00012128077403735227,25.562
PER,Peru,2050,2020,ndc,0.0,0.07121686623825076,-1.8679895458492646,0.00012128077403735227,25.562
PER,Peru,2050,2020,ambitious,48.672939198227176,0.07121686623825076,-0.6431862549888683,0.00012128077403735227,25.562
PHL,Philippines,2024,2050,baseline,155.7921347465993,0.24175039122895137,-0.08595825648235209,0.000346609013948806,12.922
PHL,Philippines,2024,2050,ndc,155.7921347465993,0.24175039122895137,-0.08595825648235209,0.000346609013948806,12.922
PHL,Philippines,2024,2050,ambitious,155.7921347465993,0.24175039122895137,-0.08595825648235209,0.000346609013948806,12.922
PHL,Philippines,2025,2050,baseline,159.67034178603276,0.2417503912289514,-0.1680383059252707,0.00033967683366982986,12.922
PHL,Philippines,2025,2050,ndc,149.80012956403777,0.2417503912289514,-0.17790851814726572,0.00033967683366982986,12.922
PHL,Philippines,2025,2050,ambitious,152.26214764891122,0.2417503912289514,-0.17544650006239226,0.00033967683366982986,12.922
PHL,Philippines,2026,2050,baseline,163.53795263136948,0.2417503912289514,-0.24625074452285256,0.0003328832969964332,12.922
PHL,Philippines,2026,2050,ndc,143.80812438147626,0.2417503912289514,-0.2758507849947408,0.0003328832969964332,12.922
PHL,Philippines,2026,2050,ambitious,149.03554039527236,0.2417503912289514,-0.2681613508960713,0.0003328832969964332,12.922
PHL,Philippines,2027,2050,baseline,167.40556347670616,0.2417503912289514,-0.3205955722750977,0.00032622563105650455,12.922
PHL,Philippines,2027,2050,ndc,137.81611919891475,0.2417503912289514,-0.3797850570247774,0.00032622563105650455,12.922
PHL,Philippines,2027,2050,ambitious,146.08291767823337,0.2417503912289514,-0.3638288244467893,0.00032622563105650455,12.922
PHL,Philippines,2028,2050,baseline,171.27317432204282,0.2417503912289514,-0.3910727891820063,0.0003197011184353745,12.922
PHL,Philippines,2028,2050,ndc,131.82411401635324,0.2417503912289514,-0.48971133423737556,0.0003197011184353745,12.922
PHL,Philippines,2028,2050,ambitious,143.3708030721053,0.2417503912289514,-0.46220841260363543,0.0003197011184353745,12.922
PHL,Philippines,2029,2050,baseline,175.15138136147633,0.2417503912289514,-0.4576717990494813,0.00031330709606666696,12.922
PHL,Philippines,2029,2050,ndc,125.83210883379174,0.2417503912289514,-0.6056296166325352,0.00031330709606666696,12.922
PHL,Philippines,2029,2050,ambitious,140.87948325629267,0.2417503912289514,-0.5630793205762941,0.00031330709606666696,12.922
PHL,Philippines,2030,2050,baseline,179.018992206813,0.2417503912289514,-0.5204031980716197,0.00030704095414533367,12.922
PHL,Philippines,2030,2050,ndc,119.84010365123021,0.2417503912289514,-0.7275399042102564,0.00030704095414533367,12.922
PHL,Philippines,2030,2050,ambitious,138.56760895376948,0.2417503912289514,-0.6662621028514759,0.00030704095414533367,12.922
PHL,Philippines,2031,2050,baseline,182.88660305214967,0.24175039122895137,-0.5792669862484214,0.00030090013506242695,12.922
PHL,Philippines,2031,2050,ndc,113.84809846866872,0.24175039122895137,-0.855442196970539,0.00030090013506242695,12.922
PHL,Philippines,2031,2050,ambitious,141.56128901304965,0.24175039122895137,-0.7664512050673777,0.00030090013506242695,12.922
PHL,Philippines,2032,2050,baseline,186.75421389748635,0.2417503912289514,-0.6342631635798868,0.00029488213236117844,12.922
PHL,Philippines,2032,2050,ndc,107.8560932861072,0.2417503912289514,-0.9893364949133834,0.00029488213236117844,12.922
PHL,Philippines,2032,2050,ambitious,144.55496907232984,0.2417503912289514,-0.8636466272239995,0.00029488213236117844,12.922
PHL,Philippines,2033,2050,baseline,190.63242093691986,0.2417503912289514,-0.6853811338719185,0.0002889844897139548,12.922
PHL,Philippines,2033,2050,ndc,101.86408810354568,0.2417503912289514,-1.1292227980387892,0.0002889844897139548,12.922
PHL,Philippines,2033,2050,ambitious,147.55685099478615,0.2417503912289514,-0.9578401674581649,0.0002889844897139548,12.922
PHL,Philippines,2034,2050,baseline,194.50003178225657,0.2417503912289514,-0.7326314933186135,0.00028320479991967575,12.922
PHL,Philippines,2034,2050,ndc,95.87208292098418,0.2417503912289514,-1.2751011063467566,0.00028320479991967575,12.922
PHL,Philippines,2034,2050,ambitious,150.55053105406634,0.2417503912289514,-1.0490400276330503,0.00028320479991967575,12.922
PHL,Philippines,2035,2050,baseline,198.36764262759326,0.2417503912289514,-0.776014241919972,0.0002775407039212822,12.922
PHL,Philippines,2035,2050,ndc,89.88007773842266,0.2417503912289514,-1.4269714198372854,0.0002775407039212822,12.922
PHL,Philippines,2035,2050,ambitious,153.54421111334653,0.2417503912289514,-1.1372462077486554,0.0002775407039212822,12.922
PHL,Philippines,2036,2050,baseline,202.2352534729299,0.2417503912289514,-0.8155293796759939,0.00027198988984285656,12.922
PHL,Philippines,2036,2050,ndc,83.88807255586116,0.2417503912289514,-1.584833738510376,0.00027198988984285656,12.922
PHL,Philippines,2036,2050,ambitious,156.5378911726267,0.2417503912289514,-1.2224587078049802,0.00027198988984285656,12.922
PHL,Philippines,2037,2050,baseline,206.11346051236342,0.2417503912289514,-0.851166310392582,0.0002665500920459994,12.922
PHL,Philippines,2037,2050,ndc,77.89606737329964,0.2417503912289514,-1.748688062366028,0.0002665500920459994,12.922
PHL,Philippines,2037,2050,ambitious,159.539773095083,0.2417503912289514,-1.3046693259388489,0.0002665500920459994,12.922
PHL,Philippines,2038,2050,baseline,209.9810713577001,0.2417503912289514,-0.8829356302638334,0.00026121909020507944,12.922
PHL,Philippines,2038,2050,ndc,71.90406219073813,0.2417503912289514,-1.9185343914042414,0.00026121909020507944,12.922
PHL,Philippines,2038,2050,ambitious,162.5334531543632,0.2417503912289514,-1.3838862640134373,0.00026121909020507944,12.922
PHL,Philippines,2039,2050,baseline,213.84868220303676,0.24175039122895137,-0.9108373392897482,0.00025599470840097785,12.922
PHL,Philippines,2039,2050,ndc,65.91205700817663,0.24175039122895137,-2.0943727256250164,0.00025599470840097785,12.922
PHL,Philippines,2039,2050,ambitious,165.52713321364337,0.24175039122895137,-1.4601095220287457,0.00025599470840097785,12.922
PHL,Philippines,2040,2050,baseline,217.71629304837347,0.24175039122895137,-0.934871437470326,0.0002508748142329583,12.922
PHL,Philippines,2040,2050,ndc,59.920051825615104,0.24175039122895137,-2.2762030650283522,0.0002508748142329583,12.922
PHL,Philippines,2040,2050,ambitious,168.52081327292356,0.24175039122895137,-1.5333390999847731,0.0002508748142329583,12.922
PHL,Philippines,2041,2050,baseline,221.59450008780695,0.24175039122895137,-0.9550273286114703,0.0002458573179482991,12.922
PHL,Philippines,2041,2050,ndc,53.9280466430536,0.24175039122895137,-2.46402540961425,0.0002458573179482991,12.922
PHL,Philippines,2041,2050,ambitious,171.52269519537987,0.24175039122895137,-1.6035667960183444,0.0002458573179482991,12.922
PHL,Philippines,2042,2050,baseline,225.46211093314363,0.2417503912289514,-0.9713156089072776,0.0002409401715893331,12.922
PHL,Philippines,2042,2050,ndc,47.93604146049209,0.2417503912289514,-2.6578397593827088,0.0002409401715893331,12.922
PHL,Philippines,2042,2050,ambitious,174.51637525466003,0.2417503912289514,-1.6708008119926356,0.0002409401715893331,12.922
PHL,Philippines,2043,2050,baseline,229.32972177848032,0.2417503912289514,-0.9837362783577484,0.00023612136815754647,12.922
PHL,Philippines,2043,2050,ndc,41.944036277930586,0.2417503912289514,-2.8576461143337295,0.00023612136815754647,12.922
PHL,Philippines,2043,2050,ambitious,177.51005531394023,0.2417503912289514,-1.7350411479076464,0.00023612136815754647,12.922
PHL,Philippines,2044,2050,baseline,233.19733262381698,0.2417503912289514,-0.9922893369628829,0.00023139894079439552,12.922
PHL,Philippines,2044,2050,ndc,35.95203109536906,0.2417503912289514,-3.0634444744673117,0.00023139894079439552,12.922
PHL,Philippines,2044,2050,ambitious,180.5037353732204,0.2417503912289514,-1.7962878037633772,0.00023139894079439552,12.922
PHL,Philippines,2045,2050,baseline,237.07553966325048,0.24175039122895137,-0.9969641885285832,0.0002267709619785076,12.922
PHL,Philippines,2045,2050,ndc,29.960025912807552,0.24175039122895137,-3.2752348397834554,0.0002267709619785076,12.922
PHL,Philippines,2045,2050,ambitious,183.5056172956767,0.24175039122895137,-1.8545325776966517,0.0002267709619785076,12.922
PHL,Philippines,2046,2050,baseline,240.9431505085872,0.2417503912289514,-0.9977714292489468,0.00022223554273893747,12.922
PHL,Philippines,2046,2050,ndc,23.968020730246046,0.2417503912289514,-3.4930172102821606,0.00022223554273893747,12.922
PHL,Philippines,2046,2050,ambitious,186.49929735495692,0.2417503912289514,-1.9097836715706458,0.00022223554273893747,12.922
PHL,Philippines,2047,2050,baseline,244.81076135392388,0.2417503912289514,-0.9947110591239738,0.0002177908318841587,12.922
PHL,Philippines,2047,2050,ndc,17.97601554768454,0.2417503912289514,-3.7167915859634273,0.0002177908318841587,12.922
PHL,Philippines,2047,2050,ambitious,189.4929774142371,0.2417503912289514,-1.9620410853853598,0.0002177908318841587,12.922
PHL,Philippines,2048,2050,baseline,248.67837219926056,0.24175039122895137,-0.9877830781536643,0.00021343501524647554,12.922
PHL,Philippines,2048,2050,ndc,11.984010365123014,0.24175039122895137,-3.9465579668272555,0.00021343501524647554,12.922
PHL,Philippines,2048,2050,ambitious,192.48665747351728,0.24175039122895137,-2.0113048191407934,0.00021343501524647554,12.922
PHL,Philippines,2049,2050,baseline,252.55657923869407,0.24175039122895137,-0.9769768901439218,0.00020916631494154604,12.922
PHL,Philippines,2049,2050,ndc,5.992005182561507,0.24175039122895137,-4.182316352873645,0.00020916631494154604,12.922
PHL,Philippines,2049,2050,ambitious,195.4885393959736,0.24175039122895137,-2.057566670973771,0.00020916631494154604,12.922
PHL,Philippines,2050,2050,baseline,256.4241900840307,0.24175039122895137,-0.9623030912888417,0.00020498298864271507,12.922
PHL,Philippines,2050,2050,ndc,0.0,0.24175039122895137,-4.424066744102596,0.00020498298864271507,12.922
PHL,Philippines,2050,2050,ambitious,198.48221945525376,0.24175039122895137,-2.100834842747469,0.00020498298864271507,12.922
POL,Poland,2024,2050,baseline,304.8183346914261,0.07719635636237587,0.22762197832905023,0.00034893958527252997,11.752
POL,Poland,2024,2050,ndc,304.8183346914261,0.07719635636237587,0.22762197832905023,0.00034893958527252997,11.752
POL,Poland,2024,2050,ambitious,304.8183346914261,0.07719635636237587,0.22762197832905023,0.00034893958527252997,11.752
POL,Poland,2025,2050,baseline,302.19000275805735,0.07719635636237589,0.4526156247247317,0.0003419607935670794,11.752
POL,Poland,2025,2050,ndc,293.09455258790973,0.07719635636237589,0.44352017455458403,0.0003419607935670794,11.752
POL,Poland,2025,2050,ambitious,289.47585141022756,0.07719635636237589,0.439901473376902,0.0003419607935670794,11.752
POL,Poland,2026,2050,baseline,299.5688520594792,0.07719635636237589,0.6749881204218351,0.0003351215776957378,11.752
POL,Poland,2026,2050,ndc,281.37077048439335,0.07719635636237589,0.6476945886766015,0.0003351215776957378,11.752
POL,Poland,2026,2050,ambitious,275.3788648870702,0.07719635636237589,0.6380839819015964,0.0003351215776957378,11.752
POL,Poland,2027,2050,baseline,296.9477013609011,0.07719635636237587,0.8947394654203604,0.000328419146141823,11.752
POL,Poland,2027,2050,ndc,269.64698838087696,0.07719635636237587,0.8401452206951026,0.000328419146141823,11.752
POL,Poland,2027,2050,ambitious,262.3760249193414,0.07719635636237587,0.823263650458562,0.000328419146141823,11.752
POL,Poland,2028,2050,baseline,294.3265506623229,0.07719635636237586,1.1118696597203075,0.0003218507632189866,11.752
POL,Poland,2028,2050,ndc,257.9232062773606,0.07719635636237586,1.0208720706100873,0.0003218507632189866,11.752
POL,Poland,2028,2050,ambitious,250.34470601578008,0.07719635636237586,0.9964120001119663,0.0003218507632189866,11.752
POL,Poland,2029,2050,baseline,291.69821872895415,0.07719635636237589,1.3263715220868857,0.00031541374795460684,11.752
POL,Poland,2029,2050,ndc,246.19942417384416,0.07719635636237589,1.1898751384215556,0.00031541374795460684,11.752
POL,Poland,2029,2050,ambitious,239.1740588134578,0.07719635636237589,1.1583897025630483,0.00031541374795460684,11.752
POL,Poland,2030,2050,baseline,289.07706803037604,0.07719635636237589,1.5382522337548856,0.0003091054729955147,11.752
POL,Poland,2030,2050,ndc,234.47564207032775,0.07719635636237589,1.3471544241295075,0.0003091054729955147,11.752
POL,Poland,2030,2050,ambitious,228.78569725822246,0.07719635636237589,1.309979043458895,0.0003091054729955147,11.752
POL,Poland,2031,2050,baseline,286.4559173317979,0.07719635636237587,1.7475117947243075,0.00030292336353560437,11.752
POL,Poland,2031,2050,ndc,222.75185996681142,0.07719635636237587,1.492709927733943,0.00030292336353560437,11.752
POL,Poland,2031,2050,ambitious,226.71122696461182,0.07719635636237587,1.459493914061131,0.00030292336353560437,11.752
POL,Poland,2032,2050,baseline,283.8347666332197,0.07719635636237587,1.9541502049951514,0.0002968648962648923,11.752
POL,Poland,2032,2050,ndc,211.028077863295,0.07719635636237587,1.6265416492348623,0.0002968648962648923,11.752
POL,Poland,2032,2050,ambitious,224.63675667100117,0.07719635636237587,1.6069343143697563,0.0002968648962648923,11.752
POL,Poland,2033,2050,baseline,281.206434699851,0.07719635636237587,2.1581602833326263,0.0002909275983395944,11.752
POL,Poland,2033,2050,ndc,199.30429575977863,0.07719635636237587,1.748649588632265,0.0002909275983395944,11.752
POL,Poland,2033,2050,ambitious,222.5566028971341,0.07719635636237587,1.7522945609045144,0.0002909275983395944,11.752
POL,Poland,2034,2050,baseline,278.58528400127284,0.07719635636237587,2.3595492109715233,0.00028510904637280254,11.752
POL,Poland,2034,2050,ndc,187.58051365626224,0.07719635636237587,1.8590337459261512,0.00028510904637280254,11.752
POL,Poland,2034,2050,ambitious,220.48213260352344,0.07719635636237587,1.8955803371456619,0.00028510904637280254,11.752
POL,Poland,2035,2050,baseline,275.9641333026947,0.07719635636237587,2.558316987911842,0.00027940686544534646,11.752
POL,Poland,2035,2050,ndc,175.85673155274583,0.07719635636237587,1.9576941211165213,0.00027940686544534646,11.752
POL,Poland,2035,2050,ambitious,218.40766230991278,0.07719635636237587,2.0367916430931987,0.00027940686544534646,11.752
POL,Poland,2036,2050,baseline,273.3429826041166,0.07719635636237589,2.754463614153583,0.00027381872813643954,11.752
POL,Poland,2036,2050,ndc,164.13294944922944,0.07719635636237589,2.044630714203375,0.00027381872813643954,11.752
POL,Poland,2036,2050,ambitious,216.3331920163022,0.07719635636237589,2.175928478747125,0.00027381872813643954,11.752
POL,Poland,2037,2050,baseline,270.7146506707478,0.07719635636237589,2.947981908461955,0.00026834235357371076,11.752
POL,Poland,2037,2050,ndc,152.40916734571306,0.07719635636237589,2.119843525186712,0.00026834235357371076,11.752
POL,Poland,2037,2050,ambitious,214.25303824243505,0.07719635636237589,2.3129851606271843,0.00026834235357371076,11.752
POL,Poland,2038,2050,baseline,268.09349997216964,0.07719635636237587,3.138879052071749,0.00026297550650223656,11.752
POL,Poland,2038,2050,ndc,140.68538524219667,0.07719635636237587,2.1833325540665327,0.00026297550650223656,11.752
POL,Poland,2038,2050,ambitious,212.1785679488244,0.07719635636237587,2.4479673722136326,0.00026297550650223656,11.752
POL,Poland,2039,2050,baseline,265.4723492735916,0.07719635636237586,3.3271550449829643,0.0002577159963721918,11.752
POL,Poland,2039,2050,ndc,128.9616031386803,0.07719635636237586,2.235097800842837,0.0002577159963721918,11.752
POL,Poland,2039,2050,ambitious,210.10409765521385,0.07719635636237586,2.5808751135064707,0.0002577159963721918,11.752
POL,Poland,2040,2050,baseline,262.8511985750134,0.07719635636237587,3.512809887195602,0.000252561676444748,11.752
POL,Poland,2040,2050,ndc,117.23782103516388,0.07719635636237587,2.275139265515625,0.000252561676444748,11.752
POL,Poland,2040,2050,ambitious,208.0296273616032,0.07719635636237587,2.711708384505698,0.000252561676444748,11.752
POL,Poland,2041,2050,baseline,260.22286664164466,0.07719635636237587,3.6958363974748707,0.00024751044291585297,11.752
POL,Poland,2041,2050,ndc,105.5140389316475,0.07719635636237587,2.3034569480848965,0.00024751044291585297,11.752
POL,Poland,2041,2050,ambitious,205.94947358773607,0.07719635636237587,2.840461501731058,0.00024751044291585297,11.752
POL,Poland,2042,2050,baseline,257.60171594306655,0.07719635636237589,3.8762417570555616,0.00024256023405753592,11.752
POL,Poland,2042,2050,ndc,93.79025682813112,0.07719635636237589,2.3200508485506517,0.00024256023405753592,11.752
POL,Poland,2042,2050,ambitious,203.87500329412546,0.07719635636237589,2.967140148662808,0.00024256023405753592,11.752
POL,Poland,2043,2050,baseline,254.98056524448836,0.07719635636237587,4.054025965937674,0.0002377090293763852,11.752
POL,Poland,2043,2050,ndc,82.06647472461474,0.07719635636237587,2.3249209669128907,0.0002377090293763852,11.752
POL,Poland,2043,2050,ambitious,201.80053300051478,0.07719635636237587,3.0917443253009464,0.0002377090293763852,11.752
POL,Poland,2044,2050,baseline,252.35941454591023,0.07719635636237587,4.229189024121208,0.00023295484878885748,11.752
POL,Poland,2044,2050,ndc,70.34269262109832,0.07719635636237587,2.3180673031716132,0.00023295484878885748,11.752
POL,Poland,2044,2050,ambitious,199.72606270690414,0.07719635636237587,3.2142740316454743,0.00023295484878885748,11.752
POL,Poland,2045,2050,baseline,249.73108261254148,0.07719635636237587,4.4017237503713735,0.00022829575181308032,11.752
POL,Poland,2045,2050,ndc,58.61891051758194,0.07719635636237587,2.299489857326819,0.00022829575181308032,11.752
POL,Poland,2045,2050,ambitious,197.64590893303705,0.07719635636237587,3.3347235842161354,0.00022829575181308032,11.752
POL,Poland,2046,2050,baseline,247.10993191396332,0.07719635636237587,4.571637325922961,0.00022372983677681875,11.752
POL,Poland,2046,2050,ndc,46.89512841406556,0.07719635636237587,2.269188629378509,0.00022372983677681875,11.752
POL,Poland,2046,2050,ambitious,195.5714386394264,0.07719635636237587,3.4530986664931858,0.00022372983677681875,11.752
POL,Poland,2047,2050,baseline,244.4887812153852,0.07719635636237589,4.73892975077597,0.00021925524004128238,11.752
POL,Poland,2047,2050,ndc,35.171346310549175,0.07719635636237589,2.2271636193266824,0.00021925524004128238,11.752
POL,Poland,2047,2050,ambitious,193.49696834581576,0.07719635636237589,3.5693992784766255,0.00021925524004128238,11.752
POL,Poland,2048,2050,baseline,241.86763051680705,0.07719635636237589,4.903601024930401,0.0002148701352404567,11.752
POL,Poland,2048,2050,ndc,23.447564207032762,0.07719635636237589,2.1734148271713396,0.0002148701352404567,11.752
POL,Poland,2048,2050,ambitious,191.42249805220513,0.07719635636237589,3.6836254201664547,0.0002148701352404567,11.752
POL,Poland,2049,2050,baseline,239.23929858343828,0.07719635636237587,5.0656439671514635,0.00021057273253564758,11.752
POL,Poland,2049,2050,ndc,11.723782103516381,0.07719635636237587,2.10794225291248,0.00021057273253564758,11.752
POL,Poland,2049,2050,ambitious,189.34234427833803,0.07719635636237587,3.795771408082417,0.00021057273253564758,11.752
POL,Poland,2050,2050,baseline,236.61814788486012,0.07719635636237587,5.2250657586739475,0.0002063612778849346,11.752
POL,Poland,2050,2050,ndc,0.0,0.07719635636237587,2.030745896550104,0.0002063612778849346,11.752
POL,Poland,2050,2050,ambitious,187.26787398472737,0.07719635636237587,3.9058429257047687,0.0002063612778849346,11.752
PRT,Portugal,2024,2050,baseline,35.56266407048704,0.022258255856376967,0.013304408214110074,0.000125936563745804,34.67
PRT,Portugal,2024,2050,ndc,35.56266407048704,0.022258255856376967,0.013304408214110074,0.000125936563745804,34.67
PRT,Portugal,2024,2050,ambitious,35.56266407048704,0.022258255856376967,0.013304408214110074,0.000125936563745804,34.67
PRT,Portugal,2025,2050,baseline,33.40334492993716,0.02225825585637697,0.024449497287670277,0.00012341783247088792,34.67
PRT,Portugal,2025,2050,ndc,34.19486929854523,0.02225825585637697,0.025241021656278326,0.00012341783247088792,34.67
PRT,Portugal,2025,2050,ambitious,31.171744728509797,0.02225825585637697,0.022217897086242902,0.00012341783247088792,34.67
PRT,Portugal,2026,2050,baseline,31.249925568459798,0.02225825585637697,0.033441166999753094,0.00012094947582147015,34.67
PRT,Portugal,2026,2050,ndc,32.82707452660342,0.02225825585637697,0.03580984032650476,0.00012094947582147015,34.67
PRT,Portugal,2026,2050,ambitious,27.33593945532924,0.02225825585637697,0.027295580685195164,0.00012094947582147015,34.67
PRT,Portugal,2027,2050,baseline,29.096506206982443,0.022258255856376967,0.04027941735035859,0.00011853048630504074,34.67
PRT,Portugal,2027,2050,ndc,31.45927975466161,0.022258255856376967,0.04501086422478942,0.00011853048630504074,34.67
PRT,Portugal,2027,2050,ambitious,23.952247452320872,0.022258255856376967,0.028989572281139075,0.00011853048630504074,34.67
PRT,Portugal,2028,2050,baseline,26.943086845505107,0.022258255856376967,0.04496424833948673,0.00011615987657893994,34.67
PRT,Portugal,2028,2050,ndc,30.091484982719802,0.022258255856376967,0.05284409335113224,0.00011615987657893994,34.67
PRT,Portugal,2028,2050,ambitious,20.94518372749749,0.022258255856376967,0.027676500152259587,0.00011615987657893994,34.67
PRT,Portugal,2029,2050,baseline,24.78376770495522,0.022258255856376967,0.04748976018806497,0.00011383667904736113,34.67
PRT,Portugal,2029,2050,ndc,28.723690210777992,0.022258255856376967,0.05930952770553327,0.00011383667904736113,34.67
PRT,Portugal,2029,2050,ambitious,18.250836778803713,0.022258255856376967,0.02366908107468632,0.00011383667904736113,34.67
PRT,Portugal,2030,2050,baseline,22.630348343477866,0.02225825585637697,0.04786185267516588,0.00011155994546641391,34.67
PRT,Portugal,2030,2050,ndc,27.355895438836182,0.02225825585637697,0.06440716728799248,0.00011155994546641391,34.67
PRT,Portugal,2030,2050,ambitious,15.830478789314292,0.02225825585637697,0.017241304007623637,0.00011155994546641391,34.67
PRT,Portugal,2031,2050,baseline,20.47692898200053,0.022258255856376967,0.046080525800789446,0.00010932874655708562,34.67
PRT,Portugal,2031,2050,ndc,25.988100666894375,0.022258255856376967,0.06813701209850989,0.00010932874655708562,34.67
PRT,Portugal,2031,2050,ambitious,14.32410959830754,0.022258255856376967,0.009307157749554207,0.00010932874655708562,34.67
PRT,Portugal,2032,2050,baseline,18.323509620523176,0.02225825585637697,0.04214577956493565,0.00010714217162594391,34.67
PRT,Portugal,2032,2050,ndc,24.620305894952565,0.02225825585637697,0.07049906213708548,0.00010714217162594391,34.67
PRT,Portugal,2032,2050,ambitious,12.817740407300779,0.02225825585637697,-0.0001333576995219965,0.00010714217162594391,34.67
PRT,Portugal,2033,2050,baseline,16.164190479973275,0.022258255856376967,0.03605171418853195,0.00010499932819342502,34.67
PRT,Portugal,2033,2050,ndc,23.252511123010756,0.022258255856376967,0.07149331740371925,0.00010499932819342502,34.67
PRT,Portugal,2033,2050,ambitious,11.30724417741454,0.022258255856376967,-0.011084369378484421,0.00010499932819342502,34.67
PRT,Portugal,2034,2050,baseline,14.010771118495938,0.022258255856376967,0.02780422945065089,0.00010289934162955653,34.67
PRT,Portugal,2034,2050,ndc,21.88471635106895,0.022258255856376967,0.0711197778984112,0.00010289934162955653,34.67
PRT,Portugal,2034,2050,ambitious,9.800874986407791,0.022258255856376967,-0.02354175024845359,0.00010289934162955653,34.67
PRT,Portugal,2035,2050,baseline,11.857351757018584,0.022258255856376967,0.01740332535129252,0.0001008413547969654,34.67
PRT,Portugal,2035,2050,ndc,20.516921579127136,0.022258255856376967,0.06937844362116141,0.0001008413547969654,34.67
PRT,Portugal,2035,2050,ambitious,8.29450579540103,0.022258255856376967,-0.03750550030942951,0.0001008413547969654,34.67
PRT,Portugal,2036,2050,baseline,9.703932395541246,0.02225825585637697,0.004849001890456783,9.882452770102608e-05,34.67
PRT,Portugal,2036,2050,ndc,19.14912680718533,0.02225825585637697,0.06626931457196977,9.882452770102608e-05,34.67
PRT,Portugal,2036,2050,ambitious,6.7881366043942775,0.02225825585637697,-0.052975619561412196,9.882452770102608e-05,34.67
PRT,Portugal,2037,2050,baseline,7.544613254991361,0.02225825585637697,-0.009864640710928851,9.684803714700556e-05,34.67
PRT,Portugal,2037,2050,ndc,17.78133203524352,0.02225825585637697,0.06179239075083631,9.684803714700556e-05,34.67
PRT,Portugal,2037,2050,ambitious,5.277640374508052,0.02225825585637697,-0.0699562350432811,9.684803714700556e-05,34.67
PRT,Portugal,2038,2050,baseline,5.391193893514008,0.02225825585637697,-0.026731702673791824,9.491107640406546e-05,34.67
PRT,Portugal,2038,2050,ndc,16.41353726330171,0.02225825585637697,0.05594767215776103,9.491107640406546e-05,34.67
PRT,Portugal,2038,2050,ambitious,3.77127118350129,0.02225825585637697,-0.08844321971615679,9.491107640406546e-05,34.67
PRT,Portugal,2039,2050,baseline,3.23777453203667,0.022258255856376963,-0.045752183998132134,9.301285487598414e-05,34.67
PRT,Portugal,2039,2050,ndc,15.045742491359903,0.022258255856376963,0.04873515879274398,9.301285487598414e-05,34.67
PRT,Portugal,2039,2050,ambitious,2.264901992494539,0.022258255856376963,-0.10843657358003922,9.301285487598414e-05,34.67
PRT,Portugal,2040,2050,baseline,1.0843551705593015,0.022258255856376967,-0.06692608468394978,9.115259777846445e-05,34.67
PRT,Portugal,2040,2050,ndc,13.677947719418091,0.022258255856376967,0.04015485065578511,9.115259777846445e-05,34.67
PRT,Portugal,2040,2050,ambitious,0.7585328014877666,0.022258255856376967,-0.12993629663492842,9.115259777846445e-05,34.67
PRT,Portugal,2041,2050,baseline,0.0,0.022258255856376967,-0.08918434054032676,8.932954582289515e-05,34.67
PRT,Portugal,2041,2050,ndc,12.310152947476283,0.022258255856376967,0.03020674774688442,8.932954582289515e-05,34.67
PRT,Portugal,2041,2050,ambitious,0.0,0.022258255856376967,-0.1521945524913054,8.932954582289515e-05,34.67
PRT,Portugal,2042,2050,baseline,0.0,0.022258255856376967,-0.11144259639670373,8.754295490643726e-05,34.67
PRT,Portugal,2042,2050,ndc,10.942358175534475,0.022258255856376967,0.01889085006604191,8.754295490643726e-05,34.67
PRT,Portugal,2042,2050,ambitious,0.0,0.022258255856376967,-0.17445280834768237,8.754295490643726e-05,34.67
PRT,Portugal,2043,2050,baseline,0.0,0.022258255856376967,-0.1337008522530807,8.57920958083085e-05,34.67
PRT,Portugal,2043,2050,ndc,9.574563403592666,0.022258255856376967,0.0062071576132575745,8.57920958083085e-05,34.67
PRT,Portugal,2043,2050,ambitious,0.0,0.022258255856376967,-0.19671106420405934,8.57920958083085e-05,34.67
PRT,Portugal,2044,2050,baseline,0.0,0.022258255856376967,-0.15595910810945768,8.407625389214234e-05,34.67
PRT,Portugal,2044,2050,ndc,8.206768631650853,0.022258255856376967,-0.007844329611468526,8.407625389214234e-05,34.67
PRT,Portugal,2044,2050,ambitious,0.0,0.022258255856376967,-0.21896932006043632,8.407625389214234e-05,34.67
PRT,Portugal,2045,2050,baseline,0.0,0.02225825585637697,-0.17821736396583465,8.239472881429949e-05,34.67
PRT,Portugal,2045,2050,ndc,6.8389738597090455,0.02225825585637697,-0.023263611608136447,8.239472881429949e-05,34.67
PRT,Portugal,2045,2050,ambitious,0.0,0.02225825585637697,-0.2412275759168133,8.239472881429949e-05,34.67
PRT,Portugal,2046,2050,baseline,0.0,0.022258255856376967,-0.20047561982221157,8.074683423801351e-05,34.67
PRT,Portugal,2046,2050,ndc,5.471179087767237,0.022258255856376967,-0.040050688376746135,8.074683423801351e-05,34.67
PRT,Portugal,2046,2050,ambitious,0.0,0.022258255856376967,-0.2634858317731902,8.074683423801351e-05,34.67
PRT,Portugal,2047,2050,baseline,0.0,0.02225825585637697,-0.22273387567858854,7.913189755325324e-05,34.67
PRT,Portugal,2047,2050,ndc,4.103384315825429,0.02225825585637697,-0.0582055599172977,7.913189755325324e-05,34.67
PRT,Portugal,2047,2050,ambitious,0.0,0.02225825585637697,-0.28574408762956716,7.913189755325324e-05,34.67
PRT,Portugal,2048,2050,baseline,0.0,0.022258255856376967,-0.24499213153496552,7.754925960218816e-05,34.67
PRT,Portugal,2048,2050,ndc,2.7355895438836164,0.022258255856376967,-0.07772822622979103,7.754925960218816e-05,34.67
PRT,Portugal,2048,2050,ambitious,0.0,0.022258255856376967,-0.30800234348594413,7.754925960218816e-05,34.67
PRT,Portugal,2049,2050,baseline,0.0,0.022258255856376963,-0.2672503873913425,7.59982744101444e-05,34.67
PRT,Portugal,2049,2050,ndc,1.3677947719418082,0.022258255856376963,-0.09861868731422618,7.59982744101444e-05,34.67
PRT,Portugal,2049,2050,ambitious,0.0,0.022258255856376963,-0.3302605993423211,7.59982744101444e-05,34.67
PRT,Portugal,2050,2050,baseline,0.0,0.022258255856376963,-0.28950864324771947,7.447830892194151e-05,34.67
PRT,Portugal,2050,2050,ndc,0.0,0.022258255856376963,-0.12087694317060316,7.447830892194151e-05,34.67
PRT,Portugal,2050,2050,ambitious,0.0,0.022258255856376963,-0.3525188551986981,7.447830892194151e-05,34.67
QAT,Qatar,2024,2050,baseline,114.14898938979849,0.005588737698843357,0.10856025169095514,0.000532376828038132,0.816
QAT,Qatar,2024,2050,ndc,114.14898938979849,0.005588737698843357,0.10856025169095514,0.000532376828038132,0.816
QAT,Qatar,2024,2050,ambitious,114.14898938979849,0.005588737698843357,0.10856025169095514,0.000532376828038132,0.816
QAT,Qatar,2025,2050,baseline,116.8770949264247,0.005588737698843357,0.21984860891853647,0.0005217292914773693,0.816
QAT,Qatar,2025,2050,ndc,109.75864364403701,0.005588737698843357,0.21273015763614878,0.0005217292914773693,0.816
QAT,Qatar,2025,2050,ambitious,111.9420966494095,0.005588737698843357,0.21491361064152129,0.0005217292914773693,0.816
QAT,Qatar,2026,2050,baseline,119.5977466227869,0.005588737698843357,0.33385761784247997,0.000511294705647822,0.816
QAT,Qatar,2026,2050,ndc,105.36829789827553,0.005588737698843357,0.31250971783558096,0.000511294705647822,0.816
QAT,Qatar,2026,2050,ambitious,109.90717062172226,0.005588737698843357,0.31923204356440016,0.000511294705647822,0.816
QAT,Qatar,2027,2050,baseline,122.31839831914911,0.005588737698843357,0.4505872784627858,0.0005010688115348655,0.816
QAT,Qatar,2027,2050,ndc,100.97795215251404,0.005588737698843357,0.40789893228925167,0.0005010688115348655,0.816
QAT,Qatar,2027,2050,ambitious,108.03070750349022,0.005588737698843357,0.4216740133690471,0.0005010688115348655,0.816
QAT,Qatar,2028,2050,baseline,125.03905001551132,0.005588737698843356,0.5700375907794537,0.0004910474353041682,0.816
QAT,Qatar,2028,2050,ndc,96.58760640675257,0.005588737698843356,0.49889780099716086,0.0004910474353041682,0.816
QAT,Qatar,2028,2050,ambitious,106.29489133690385,0.005588737698843356,0.5223801670071075,0.0004910474353041682,0.816
QAT,Qatar,2029,2050,baseline,127.76715555213752,0.005588737698843357,0.6922160086327479,0.0004812264865980848,0.816
QAT,Qatar,2029,2050,ndc,92.19726066099109,0.005588737698843357,0.5855063239593086,0.0004812264865980848,0.816
QAT,Qatar,2029,2050,ambitious,104.69058798725982,0.005588737698843357,0.621482017295524,0.0004812264865980848,0.816
QAT,Qatar,2030,2050,baseline,130.48780724849973,0.005588737698843357,0.8171150781824044,0.00047160195686612316,0.816
QAT,Qatar,2030,2050,ndc,87.8069149152296,0.005588737698843357,0.6677245011756949,0.00047160195686612316,0.816
QAT,Qatar,2030,2050,ambitious,103.1922531924865,0.005588737698843357,0.7190855327891672,0.00047160195686612316,0.816
QAT,Qatar,2031,2050,baseline,133.20845894486192,0.005588737698843357,0.9447347994284229,0.0004621699177288006,0.816
QAT,Qatar,2031,2050,ndc,83.41656916946813,0.005588737698843357,0.7455523326463197,0.0004621699177288006,0.816
QAT,Qatar,2031,2050,ambitious,105.34379657894955,0.005588737698843357,0.8188405916692734,0.0004621699177288006,0.816
QAT,Qatar,2032,2050,baseline,135.92911064122416,0.005588737698843356,1.0750751723708036,0.00045292651937422465,0.816
QAT,Qatar,2032,2050,ndc,79.02622342370664,0.005588737698843356,0.818989818371183,0.00045292651937422465,0.816
QAT,Qatar,2032,2050,ambitious,107.49533996541264,0.005588737698843356,0.9207471939358426,0.00045292651937422465,0.816
QAT,Qatar,2033,2050,baseline,138.65721617785036,0.005588737698843357,1.2081436508498105,0.0004438679889867401,0.816
QAT,Qatar,2033,2050,ndc,74.63587767794516,0.005588737698843357,0.8880369583502847,0.0004438679889867401,0.816
QAT,Qatar,2033,2050,ambitious,109.65277799129066,0.005588737698843357,1.0248112342282898,0.0004438679889867401,0.816
QAT,Qatar,2034,2050,baseline,141.37786787421257,0.005588737698843357,1.3439327810251798,0.00043499062920700535,0.816
QAT,Qatar,2034,2050,ndc,70.2455319321837,0.005588737698843357,0.9526937525836252,0.00043499062920700535,0.816
QAT,Qatar,2034,2050,ambitious,111.80432137775374,0.005588737698843357,1.1310268179072003,0.00043499062920700535,0.816
QAT,Qatar,2035,2050,baseline,144.09851957057478,0.005588737698843357,1.4824425628969111,0.0004262908166228652,0.816
QAT,Qatar,2035,2050,ndc,65.8551861864222,0.005588737698843357,1.012960201071204,0.0004262908166228652,0.816
QAT,Qatar,2035,2050,ambitious,113.9558647642168,0.005588737698843357,1.2393939449725735,0.0004262908166228652,0.816
QAT,Qatar,2036,2050,baseline,146.81917126693696,0.005588737698843357,1.6236729964650047,0.00041776500029040784,0.816
QAT,Qatar,2036,2050,ndc,61.46484044066072,0.005588737698843357,1.0688363038130215,0.00041776500029040784,0.816
QAT,Qatar,2036,2050,ambitious,116.10740815067984,0.005588737698843357,1.34991261542441,0.00041776500029040784,0.816
QAT,Qatar,2037,2050,baseline,149.54727680356316,0.005588737698843357,1.7676315355697245,0.0004094097002845997,0.816
QAT,Qatar,2037,2050,ndc,57.07449469489924,0.005588737698843357,1.1203220608090776,0.0004094097002845997,0.816
QAT,Qatar,2037,2050,ambitious,118.26484617655787,0.005588737698843357,1.4625887239021247,0.0004094097002845997,0.816
QAT,Qatar,2038,2050,baseline,152.26792849992538,0.005588737698843357,1.9143107263708063,0.00040122150627890774,0.816
QAT,Qatar,2038,2050,ndc,52.684148949137764,0.005588737698843357,1.167417472059372,0.00040122150627890774,0.816
QAT,Qatar,2038,2050,ambitious,120.41638956302094,0.005588737698843357,1.5774163757663022,0.00040122150627890774,0.816
QAT,Qatar,2039,2050,baseline,154.98858019628756,0.005588737698843356,2.0637105688682507,0.00039319707615332954,0.816
QAT,Qatar,2039,2050,ndc,48.29380320337629,0.005588737698843356,1.210122537563905,0.00039319707615332954,0.816
QAT,Qatar,2039,2050,ambitious,122.56793294948399,0.005588737698843356,1.694395571016943,0.00039319707615332954,0.816
QAT,Qatar,2040,2050,baseline,157.70923189264977,0.005588737698843357,2.215831063062057,0.00038533313463026296,0.816
QAT,Qatar,2040,2050,ndc,43.9034574576148,0.005588737698843357,1.2484372573226765,0.00038533313463026296,0.816
QAT,Qatar,2040,2050,ambitious,124.71947633594705,0.005588737698843357,1.8135263096540468,0.00038533313463026296,0.816
QAT,Qatar,2041,2050,baseline,160.437337429276,0.005588737698843356,2.3706796627924898,0.0003776264719376577,0.816
QAT,Qatar,2041,2050,ndc,39.51311171185332,0.005588737698843356,1.2823616313356863,0.0003776264719376577,0.816
QAT,Qatar,2041,2050,ambitious,126.8769143618251,0.005588737698843356,1.9348144863170285,0.0003776264719376577,0.816
QAT,Qatar,2042,2050,baseline,163.1579891256382,0.005588737698843357,2.5282489142192843,0.0003700739424989045,0.816
QAT,Qatar,2042,2050,ndc,35.12276596609185,0.005588737698843357,1.3118956596029347,0.0003700739424989045,0.816
QAT,Qatar,2042,2050,ambitious,129.02845774828816,0.005588737698843357,2.058254206366473,0.0003700739424989045,0.816
QAT,Qatar,2043,2050,baseline,165.87864082200042,0.005588737698843357,2.6885388173424416,0.0003626724636489264,0.816
QAT,Qatar,2043,2050,ndc,30.73242022033037,0.005588737698843357,1.3370393421244215,0.0003626724636489264,0.816
QAT,Qatar,2043,2050,ambitious,131.18000113475122,0.005588737698843357,2.183845469802381,0.0003626724636489264,0.816
QAT,Qatar,2044,2050,baseline,168.59929251836257,0.005588737698843357,2.8515493721619607,0.00035541901437594785,0.816
QAT,Qatar,2044,2050,ndc,26.342074474568875,0.005588737698843357,1.357792678900147,0.00035541901437594785,0.816
QAT,Qatar,2044,2050,ambitious,133.33154452121425,0.005588737698843357,2.311588276624752,0.00035541901437594785,0.816
QAT,Qatar,2045,2050,baseline,171.3273980549888,0.005588737698843357,3.017288032518106,0.0003483106340884289,0.816
QAT,Qatar,2045,2050,ndc,21.9517287288074,0.005588737698843357,1.3741556699301112,0.0003483106340884289,0.816
QAT,Qatar,2045,2050,ambitious,135.4889825470923,0.005588737698843357,2.441488521473001,0.0003483106340884289,0.816
QAT,Qatar,2046,2050,baseline,174.04804975135102,0.005588737698843357,3.185747344570614,0.00034134442140666037,0.816
QAT,Qatar,2046,2050,ndc,17.561382983045924,0.005588737698843357,1.3861283152143136,0.00034134442140666037,0.816
QAT,Qatar,2046,2050,ambitious,137.64052593355538,0.005588737698843357,2.573540309707713,0.00034134442140666037,0.816
QAT,Qatar,2047,2050,baseline,176.76870144771323,0.005588737698843358,3.3569273083194835,0.0003345175329785272,0.816
QAT,Qatar,2047,2050,ndc,13.171037237284445,0.005588737698843358,1.3937106147527547,0.0003345175329785272,0.816
QAT,Qatar,2047,2050,ambitious,139.79206932001844,0.005588737698843358,2.707743641328888,0.0003345175329785272,0.816
QAT,Qatar,2048,2050,baseline,179.48935314407544,0.005588737698843357,3.5308279237647158,0.0003278271823189566,0.816
QAT,Qatar,2048,2050,ndc,8.780691491522955,0.005588737698843357,1.3969025685454342,0.0003278271823189566,0.816
QAT,Qatar,2048,2050,ambitious,141.9436127064815,0.005588737698843357,2.844098516336526,0.0003278271823189566,0.816
QAT,Qatar,2049,2050,baseline,182.21745868070167,0.005588737698843356,3.707456644746574,0.00032127063867257746,0.816
QAT,Qatar,2049,2050,ndc,4.390345745761477,0.005588737698843356,1.3957041765923524,0.00032127063867257746,0.816
QAT,Qatar,2049,2050,ambitious,144.10105073235954,0.005588737698843356,2.9826108293700426,0.00032127063867257746,0.816
QAT,Qatar,2050,2050,baseline,184.93811037706382,0.005588737698843357,3.886806017424795,0.00031484522589912586,0.816
QAT,Qatar,2050,2050,ndc,0.0,0.005588737698843357,1.390115438893509,0.00031484522589912586,0.816
QAT,Qatar,2050,2050,ambitious,146.25259411882257,0.005588737698843357,3.123274685790022,0.00031484522589912586,0.816
ROU,Romania,2024,2050,baseline,70.78700875704325,0.0401043469384455,0.03068266181859776,0.000190646587491598,20.908
ROU,Romania,2024,2050,ndc,70.78700875704325,0.0401043469384455,0.03068266181859776,0.000190646587491598,20.908
ROU,Romania,2024,2050,ambitious,70.78700875704325,0.0401043469384455,0.03068266181859776,0.000190646587491598,20.908
ROU,Romania,2025,2050,baseline,69.81833005483514,0.0401043469384455,0.06039664493498742,0.00018683365574176603,20.908
ROU,Romania,2025,2050,ndc,68.06443149715697,0.0401043469384455,0.058642746377309235,0.00018683365574176603,20.908
ROU,Romania,2025,2050,ambitious,65.7276906282521,0.0401043469384455,0.056306005508404366,0.00018683365574176603,20.908
ROU,Romania,2026,2050,baseline,68.85229801574782,0.0401043469384455,0.08914459601228975,0.0001830969826269307,20.908
ROU,Romania,2026,2050,ndc,65.3418542372707,0.0401043469384455,0.08388025367613444,0.0001830969826269307,20.908
ROU,Romania,2026,2050,ambitious,61.23076231175254,0.0401043469384455,0.0774324208817114,0.0001830969826269307,20.908
ROU,Romania,2027,2050,baseline,67.88626597666048,0.0401043469384455,0.11692651505050472,0.0001794350429743921,20.908
ROU,Romania,2027,2050,ndc,62.619276977384416,0.0401043469384455,0.10639518371507334,0.0001794350429743921,20.908
ROU,Romania,2027,2050,ambitious,57.20551103383114,0.0401043469384455,0.09453358497709702,0.0001794350429743921,20.908
ROU,Romania,2028,2050,baseline,66.92023393757316,0.0401043469384455,0.14374240204963235,0.00017584634211490423,20.908
ROU,Romania,2028,2050,ndc,59.89669971749814,0.0401043469384455,0.126187536494126,0.00017584634211490423,20.908
ROU,Romania,2028,2050,ambitious,53.581424374446584,0.0401043469384455,0.10801066241309809,0.00017584634211490423,20.908
ROU,Romania,2029,2050,baseline,65.95155523536505,0.0401043469384455,0.1695896103465519,0.00017232941527260616,20.908
ROU,Romania,2029,2050,ndc,57.17412245761186,0.0401043469384455,0.1432573120132924,0.00017232941527260616,20.908
ROU,Romania,2029,2050,ambitious,50.29935907570697,0.0401043469384455,0.11820567455035957,0.00017232941527260616,20.908
ROU,Romania,2030,2050,baseline,64.98552319627771,0.0401043469384455,0.1944707866043841,0.00016888282696715404,20.908
ROU,Romania,2030,2050,ndc,54.45154519772557,0.0401043469384455,0.15760451027257244,0.00016888282696715404,20.908
ROU,Romania,2030,2050,ambitious,47.31667334126652,0.0401043469384455,0.12541800095318062,0.00016888282696715404,20.908
ROU,Romania,2031,2050,baseline,64.01949115719039,0.0401043469384455,0.21838593082312896,0.00016550517042781095,20.908
ROU,Romania,2031,2050,ndc,51.72896793783931,0.0401043469384455,0.16922913127196626,0.00016550517042781095,20.908
ROU,Romania,2031,2050,ambitious,46.61329480120869,0.0401043469384455,0.1319269488159438,0.00016550517042781095,20.908
ROU,Romania,2032,2050,baseline,63.05345911810306,0.0401043469384455,0.24133504300278646,0.00016219506701925474,20.908
ROU,Romania,2032,2050,ndc,49.00639067795302,0.0401043469384455,0.17813117501147374,0.00016219506701925474,20.908
ROU,Romania,2032,2050,ambitious,45.90991626115085,0.0401043469384455,0.13773251813864912,0.00016219506701925474,20.908
ROU,Romania,2033,2050,baseline,62.08478041589495,0.04010434693844551,0.2633154764802359,0.0001589511656788696,20.908
ROU,Romania,2033,2050,ndc,46.28381341806674,0.04010434693844551,0.184310641491095,0.0001589511656788696,20.908
ROU,Romania,2033,2050,ambitious,45.2046106565997,0.04010434693844551,0.14283278185680326,0.0001589511656788696,20.908
ROU,Romania,2034,2050,baseline,61.11874837680763,0.0401043469384455,0.28432987791859804,0.00015577214236529223,20.908
ROU,Romania,2034,2050,ndc,43.56123615818046,0.0401043469384455,0.1877675307108299,0.00015577214236529223,20.908
ROU,Romania,2034,2050,ambitious,44.501232116541864,0.0401043469384455,0.14722966703489965,0.00015577214236529223,20.908
ROU,Romania,2035,2050,baseline,60.15271633772029,0.04010434693844551,0.3043782473178729,0.00015265669951798638,20.908
ROU,Romania,2035,2050,ndc,40.83865889829418,0.04010434693844551,0.1885018426706786,0.00015265669951798638,20.908
ROU,Romania,2035,2050,ambitious,43.797853576484016,0.04010434693844551,0.15092317367293817,0.00015265669951798638,20.908
ROU,Romania,2036,2050,baseline,59.18668429863297,0.04010434693844551,0.32346058467806027,0.00014960356552762665,20.908
ROU,Romania,2036,2050,ndc,38.116081638407906,0.04010434693844551,0.1865135773706409,0.00014960356552762665,20.908
ROU,Romania,2036,2050,ambitious,43.09447503642618,0.04010434693844551,0.15391330177091878,0.00014960356552762665,20.908
ROU,Romania,2037,2050,baseline,58.21800559642485,0.0401043469384455,0.3415742433360396,0.0001466114942170741,20.908
ROU,Romania,2037,2050,ndc,35.39350437852163,0.0401043469384455,0.18180273481071696,0.0001466114942170741,20.908
ROU,Romania,2037,2050,ambitious,42.38916943187503,0.0401043469384455,0.1561981242643482,0.0001466114942170741,20.908
ROU,Romania,2038,2050,baseline,57.25197355733752,0.0401043469384455,0.3587218699549317,0.00014367926433273264,20.908
ROU,Romania,2038,2050,ndc,32.67092711863535,0.0401043469384455,0.1743693149909069,0.00014367926433273264,20.908
ROU,Romania,2038,2050,ambitious,41.68579089181719,0.0401043469384455,0.15777956821772,0.00014367926433273264,20.908
ROU,Romania,2039,2050,baseline,56.2859415182502,0.0401043469384455,0.37490346453473644,0.00014080567904607797,20.908
ROU,Romania,2039,2050,ndc,29.948349858749072,0.0401043469384455,0.16421331791121052,0.00014080567904607797,20.908
ROU,Romania,2039,2050,ambitious,40.98241235175935,0.0401043469384455,0.1586576336310339,0.00014080567904607797,20.908
ROU,Romania,2040,2050,baseline,55.319909479162874,0.0401043469384455,0.39011902707545376,0.00013798956546515643,20.908
ROU,Romania,2040,2050,ndc,27.225772598862786,0.0401043469384455,0.1513347435716279,0.00013798956546515643,20.908
ROU,Romania,2040,2050,ambitious,40.27903381170152,0.0401043469384455,0.15883232050428997,0.00013798956546515643,20.908
ROU,Romania,2041,2050,baseline,54.35123077695475,0.0401043469384455,0.404365910913963,0.00013522977415585328,20.908
ROU,Romania,2041,2050,ndc,24.50319533897651,0.0401043469384455,0.13573359197215895,0.00013522977415585328,20.908
ROU,Romania,2041,2050,ambitious,39.57372820715036,0.0401043469384455,0.15830170177299485,0.00013522977415585328,20.908
ROU,Romania,2042,2050,baseline,53.38519873786743,0.0401043469384455,0.4176467627133851,0.0001325251786727362,20.908
ROU,Romania,2042,2050,ndc,21.78061807909023,0.0401043469384455,0.11740986311280377,0.0001325251786727362,20.908
ROU,Romania,2042,2050,ambitious,38.870349667092526,0.0401043469384455,0.15706770450164198,0.0001325251786727362,20.908
ROU,Romania,2043,2050,baseline,52.4191666987801,0.04010434693844551,0.42996158247371963,0.00012987467509928147,20.908
ROU,Romania,2043,2050,ndc,19.058040819203956,0.04010434693844551,0.09636355699356214,0.00012987467509928147,20.908
ROU,Romania,2043,2050,ambitious,38.166971127034685,0.04010434693844551,0.15513032869023113,0.00012987467509928147,20.908
ROU,Romania,2044,2050,baseline,51.45313465969277,0.0401043469384455,0.4413103701949668,0.00012727718159729584,20.908
ROU,Romania,2044,2050,ndc,16.33546355931767,0.0401043469384455,0.07259467361443428,0.00012727718159729584,20.908
ROU,Romania,2044,2050,ambitious,37.463592586976844,0.0401043469384455,0.15248957433876242,0.00012727718159729584,20.908
ROU,Romania,2045,2050,baseline,50.48445595748466,0.0401043469384455,0.45169047921400596,0.00012473163796534992,20.908
ROU,Romania,2045,2050,ndc,13.612886299431393,0.0401043469384455,0.046103212975420194,0.00012473163796534992,20.908
ROU,Romania,2045,2050,ambitious,36.7582869824257,0.0401043469384455,0.14914351438274265,0.00012473163796534992,20.908
ROU,Romania,2046,2050,baseline,49.51842391839733,0.0401043469384455,0.46110455619395796,0.00012223700520604296,20.908
ROU,Romania,2046,2050,ndc,10.890309039545116,0.0401043469384455,0.01688917507651988,0.00012223700520604296,20.908
ROU,Romania,2046,2050,ambitious,36.05490844236786,0.0401043469384455,0.145094075886665,0.00012223700520604296,20.908
ROU,Romania,2047,2050,baseline,48.55239187931,0.0401043469384455,0.46955260113482256,0.00011979226510192208,20.908
ROU,Romania,2047,2050,ndc,8.167731779658839,0.0401043469384455,-0.015047440082266772,0.00011979226510192208,20.908
ROU,Romania,2047,2050,ambitious,35.35152990231002,0.0401043469384455,0.1403412588505295,0.00011979226510192208,20.908
ROU,Romania,2048,2050,baseline,47.58635984022268,0.0401043469384455,0.47703461403659975,0.00011739641979988363,20.908
ROU,Romania,2048,2050,ndc,5.445154519772554,0.0401043469384455,-0.04970663250093965,0.00011739641979988363,20.908
ROU,Romania,2048,2050,ambitious,34.64815136225218,0.0401043469384455,0.13488506327433614,0.00011739641979988363,20.908
ROU,Romania,2049,2050,baseline,46.61768113801456,0.0401043469384455,0.48354794823616887,0.00011504849140388597,20.908
ROU,Romania,2049,2050,ndc,2.722577259886277,0.0401043469384455,-0.08708840217949887,0.00011504849140388597,20.908
ROU,Romania,2049,2050,ambitious,33.94284575770103,0.0401043469384455,0.12872356209359181,0.00011504849140388597,20.908
ROU,Romania,2050,2050,baseline,45.65164909892724,0.0401043469384455,0.4890952503966506,0.00011274752157580823,20.908
ROU,Romania,2050,2050,ndc,0.0,0.0401043469384455,-0.12719274911794431,0.00011274752157580823,20.908
ROU,Romania,2050,2050,ambitious,33.239467217643195,0.0401043469384455,0.12185868237278963,0.00011274752157580823,20.908
RUS,Russian Federation,2024,2020,baseline,1805.857307770652,0.30263434883681584,1.503222958933836,0.00085908838121778,5.913
RUS,Russian Federation,2024,2020,ndc,1805.857307770652,0.30263434883681584,1.503222958933836,0.00085908838121778,5.913
RUS,Russian Federation,2024,2020,ambitious,1805.857307770652,0.30263434883681584,1.503222958933836,0.00085908838121778,5.913
RUS,Russian Federation,2025,2020,baseline,1827.0486242668076,0.30263434883681584,3.0276372343638283,0.0008419066135934243,5.913
RUS,Russian Federation,2025,2020,ndc,0.0,0.30263434883681584,1.2005886100970202,0.0008419066135934243,5.913
RUS,Russian Federation,2025,2020,ambitious,1720.616429979351,0.30263434883681584,2.921205040076371,0.0008419066135934243,5.913
RUS,Russian Federation,2026,2020,baseline,1848.1820409911159,0.3026343488368158,4.573184926518128,0.0008250684813215558,5.913
RUS,Russian Federation,2026,2020,ndc,0.0,0.3026343488368158,0.8979542612602045,0.0008250684813215558,5.913
RUS,Russian Federation,2026,2020,ambitious,1644.708525063051,0.3026343488368158,4.263279216302607,0.0008250684813215558,5.913
RUS,Russian Federation,2027,2020,baseline,1869.3154577154241,0.3026343488368158,6.139866035396737,0.0008085671116951247,5.913
RUS,Russian Federation,2027,2020,ndc,0.0,0.3026343488368158,0.5953199124233888,0.0008085671116951247,5.913
RUS,Russian Federation,2027,2020,ambitious,1576.7215901421835,0.3026343488368158,5.537366457607974,0.0008085671116951247,5.913
RUS,Russian Federation,2028,2020,baseline,1890.4488744397327,0.30263434883681584,7.727680560999653,0.0007923957694612223,5.913
RUS,Russian Federation,2028,2020,ndc,0.0,0.30263434883681584,0.29268556358657283,0.0007923957694612223,5.913
RUS,Russian Federation,2028,2020,ambitious,1515.4772785816883,0.30263434883681584,6.750209387352847,0.0007923957694612223,5.913
RUS,Russian Federation,2029,2020,baseline,1911.640190935888,0.30263434883681584,9.336686403098726,0.0007765478540719977,5.913
RUS,Russian Federation,2029,2020,ndc,0.0,0.30263434883681584,-0.009948785250242898,0.0007765478540719977,5.913
RUS,Russian Federation,2029,2020,ambitious,1460.0641495536918,0.30263434883681584,7.907639188069723,0.0007765478540719977,5.913
RUS,Russian Federation,2030,2020,baseline,1932.7736076601964,0.30263434883681584,10.966825661922107,0.0007610168969905579,5.913
RUS,Russian Federation,2030,2020,ndc,0.0,0.30263434883681584,-0.3125831340870586,0.0007610168969905579,5.913
RUS,Russian Federation,2030,2020,ambitious,1409.6085531468461,0.30263434883681584,9.014613392379752,0.0007610168969905579,5.913
RUS,Russian Federation,2031,2020,baseline,1953.907024384505,0.3026343488368158,12.618098337469796,0.0007457965590507466,5.913
RUS,Russian Federation,2031,2020,ndc,0.0,0.3026343488368158,-0.6152174829238743,0.0007457965590507466,5.913
RUS,Russian Federation,2031,2020,ambitious,1425.0215559184774,0.3026343488368158,10.137000599461414,0.0007457965590507466,5.913
RUS,Russian Federation,2032,2020,baseline,1975.0404411088132,0.3026343488368158,14.290504429741793,0.0007308806278697317,5.913
RUS,Russian Federation,2032,2020,ndc,0.0,0.3026343488368158,-0.9178518317606901,0.0007308806278697317,5.913
RUS,Russian Federation,2032,2020,ambitious,1440.4345586901081,0.3026343488368158,11.274800809314707,0.0007308806278697317,5.913
RUS,Russian Federation,2033,2020,baseline,1996.231757604969,0.30263434883681584,15.984101838509948,0.000716263015312337,5.913
RUS,Russian Federation,2033,2020,ndc,0.0,0.30263434883681584,-1.2204861805975058,0.000716263015312337,5.913
RUS,Russian Federation,2033,2020,ambitious,1455.8897888665929,0.30263434883681584,12.428056249344484,0.000716263015312337,5.913
RUS,Russian Federation,2034,2020,baseline,2017.3651743292771,0.30263434883681584,17.69883266400241,0.0007019377550060903,5.913
RUS,Russian Federation,2034,2020,ndc,0.0,0.30263434883681584,-1.5231205294343215,0.0007019377550060903,5.913
RUS,Russian Federation,2034,2020,ambitious,1471.3027916382237,0.30263434883681584,13.59672469214589,0.0007019377550060903,5.913
RUS,Russian Federation,2035,2020,baseline,2038.4985910535854,0.30263434883681584,19.43469690621918,0.0006878989999059685,5.913
RUS,Russian Federation,2035,2020,ndc,0.0,0.30263434883681584,-1.8257548782711372,0.0006878989999059685,5.913
RUS,Russian Federation,2035,2020,ambitious,1486.7157944098544,0.30263434883681584,14.78080613771893,0.0006878989999059685,5.913
RUS,Russian Federation,2036,2020,baseline,2059.6320077778937,0.30263434883681584,21.191694565160258,0.0006741410199078491,5.913
RUS,Russian Federation,2036,2020,ndc,0.0,0.30263434883681584,-2.128389227107953,0.0006741410199078491,5.913
RUS,Russian Federation,2036,2020,ambitious,1502.1287971814852,0.30263434883681584,15.980300586063597,0.0006741410199078491,5.913
RUS,Russian Federation,2037,2020,baseline,2080.8233242740494,0.30263434883681584,22.96988354059749,0.000660658199509692,5.913
RUS,Russian Federation,2037,2020,ndc,0.0,0.30263434883681584,-2.431023575944769,0.000660658199509692,5.913
RUS,Russian Federation,2037,2020,ambitious,1517.58402735797,0.30263434883681584,17.19525026458475,0.000660658199509692,5.913
RUS,Russian Federation,2038,2020,baseline,2101.956740998358,0.3026343488368158,24.769205932759032,0.0006474450355194983,5.913
RUS,Russian Federation,2038,2020,ndc,0.0,0.3026343488368158,-2.7336579247815846,0.0006474450355194983,5.913
RUS,Russian Federation,2038,2020,ambitious,1532.997030129601,0.3026343488368158,18.425612945877536,0.0006474450355194983,5.913
RUS,Russian Federation,2039,2020,baseline,2123.090157722666,0.3026343488368158,26.589661741644882,0.0006344961348091082,5.913
RUS,Russian Federation,2039,2020,ndc,0.0,0.3026343488368158,-3.0362922736184004,0.0006344961348091082,5.913
RUS,Russian Federation,2039,2020,ambitious,1548.4100329012315,0.3026343488368158,19.67138862994195,0.0006344961348091082,5.913
RUS,Russian Federation,2040,2020,baseline,2144.2235744469745,0.30263434883681584,28.43125096725504,0.0006218062121129261,5.913
RUS,Russian Federation,2040,2020,ndc,0.0,0.30263434883681584,-3.338926622455216,0.0006218062121129261,5.913
RUS,Russian Federation,2040,2020,ambitious,1563.8230356728625,0.30263434883681584,20.932577316777994,0.0006218062121129261,5.913
RUS,Russian Federation,2041,2020,baseline,2165.41489094313,0.30263434883681584,30.294031509361357,0.0006093700878706675,5.913
RUS,Russian Federation,2041,2020,ndc,0.0,0.30263434883681584,-3.641560971292032,0.0006093700878706675,5.913
RUS,Russian Federation,2041,2020,ambitious,1579.2782658493472,0.30263434883681584,22.209221233790526,0.0006093700878706675,5.913
RUS,Russian Federation,2042,2020,baseline,2186.548307667438,0.30263434883681584,32.17794546819198,0.0005971826861132541,5.913
RUS,Russian Federation,2042,2020,ndc,0.0,0.30263434883681584,-3.9441953201288475,0.0005971826861132541,5.913
RUS,Russian Federation,2042,2020,ambitious,1594.6912686209778,0.30263434883681584,23.501278153574688,0.0005971826861132541,5.913
RUS,Russian Federation,2043,2020,baseline,2207.6817243917467,0.3026343488368158,34.08299284374691,0.0005852390323909891,5.913
RUS,Russian Federation,2043,2020,ndc,0.0,0.3026343488368158,-4.246829668965663,0.0005852390323909891,5.913
RUS,Russian Federation,2043,2020,ambitious,1610.1042713926088,0.3026343488368158,24.80874807613048,0.0005852390323909891,5.913
RUS,Russian Federation,2044,2020,baseline,2228.815141116055,0.3026343488368158,36.009173636026155,0.0005735342517431693,5.913
RUS,Russian Federation,2044,2020,ndc,0.0,0.3026343488368158,-4.549464017802479,0.0005735342517431693,5.913
RUS,Russian Federation,2044,2020,ambitious,1625.51727416424,0.3026343488368158,26.131631001457905,0.0005735342517431693,5.913
RUS,Russian Federation,2045,2020,baseline,2250.0064576122104,0.30263434883681584,37.956545744801545,0.0005620635667083058,5.913
RUS,Russian Federation,2045,2020,ndc,0.0,0.30263434883681584,-4.852098366639295,0.0005620635667083058,5.913
RUS,Russian Federation,2045,2020,ambitious,1640.972504340724,0.30263434883681584,27.46996915696181,0.0005620635667083058,5.913
RUS,Russian Federation,2046,2020,baseline,2271.139874336519,0.3026343488368158,39.92505127030125,0.0005508222953741398,5.913
RUS,Russian Federation,2046,2020,ndc,0.0,0.3026343488368158,-5.1547327154761104,0.0005508222953741398,5.913
RUS,Russian Federation,2046,2020,ambitious,1656.3855071123553,0.3026343488368158,28.82372031523735,0.0005508222953741398,5.913
RUS,Russian Federation,2047,2020,baseline,2292.2732910608274,0.30263434883681584,41.914690212525265,0.000539805849466657,5.913
RUS,Russian Federation,2047,2020,ndc,0.0,0.30263434883681584,-5.457367064312926,0.000539805849466657,5.913
RUS,Russian Federation,2047,2020,ambitious,1671.7985098839863,0.30263434883681584,30.19288447628452,0.000539805849466657,5.913
RUS,Russian Federation,2048,2020,baseline,2313.4067077851355,0.30263434883681584,43.92546257147358,0.0005290097324773238,5.913
RUS,Russian Federation,2048,2020,ndc,0.0,0.30263434883681584,-5.760001413149742,0.0005290097324773238,5.913
RUS,Russian Federation,2048,2020,ambitious,1687.2115126556168,0.30263434883681584,31.577461640103316,0.0005290097324773238,5.913
RUS,Russian Federation,2049,2020,baseline,2334.5980242812916,0.3026343488368158,45.95742624691806,0.0005184295378277774,5.913
RUS,Russian Federation,2049,2020,ndc,0.0,0.3026343488368158,-6.062635761986558,0.0005184295378277774,5.913
RUS,Russian Federation,2049,2020,ambitious,1702.6667428321018,0.3026343488368158,32.977494034098605,0.0005184295378277774,5.913
RUS,Russian Federation,2050,2020,baseline,2355.7314410055997,0.30263434883681584,48.010523339086845,0.0005080609470712218,5.913
RUS,Russian Federation,2050,2020,ndc,0.0,0.30263434883681584,-6.365270110823373,0.0005080609470712218,5.913
RUS,Russian Federation,2050,2020,ambitious,1718.0797456037326,0.30263434883681584,34.39293943086552,0.0005080609470712218,5.913
SAU,Saudi Arabia,2024,2050,baseline,728.4953247739467,0.0709162100809315,0.6575791146930151,0.000592064711363468,0.359
SAU,Saudi Arabia,2024,2050,ndc,728.4953247739467,0.0709162100809315,0.6575791146930151,0.000592064711363468,0.359
SAU,Saudi Arabia,2024,2050,ambitious,728.4953247739467,0.0709162100809315,0.6575791146930151,0.000592064711363468,0.359
SAU,Saudi Arabia,2025,2050,baseline,742.0156593935699,0.0709162100809315,1.3286785640056533,0.0005802234171361986,0.359
SAU,Saudi Arabia,2025,2050,ndc,700.4762738211026,0.0709162100809315,1.2871391784331863,0.0005802234171361986,0.359
SAU,Saudi Arabia,2025,2050,ambitious,712.0146675374637,0.0709162100809315,1.2986775721495474,0.0005802234171361986,0.359
SAU,Saudi Arabia,2026,2050,baseline,755.4990532082215,0.07091621008093152,2.0132614071329433,0.0005686189487934747,0.359
SAU,Saudi Arabia,2026,2050,ndc,672.4572228682584,0.07091621008093152,1.8886801912205133,0.0005686189487934747,0.359
SAU,Saudi Arabia,2026,2050,ambitious,696.7808353928247,0.07091621008093152,1.9245421974614405,0.0005686189487934747,0.359
SAU,Saudi Arabia,2027,2050,baseline,768.9824470228734,0.0709162100809315,2.711327644074885,0.0005572465698176052,0.359
SAU,Saudi Arabia,2027,2050,ndc,644.4381719154144,0.0709162100809315,2.4622021530549962,0.0005572465698176052,0.359
SAU,Saudi Arabia,2027,2050,ambitious,682.6867040466342,0.0709162100809315,2.536312691427143,0.0005572465698176052,0.359
SAU,Saudi Arabia,2028,2050,baseline,782.465840837525,0.0709162100809315,3.4228772748314786,0.000546101638421253,0.359
SAU,Saudi Arabia,2028,2050,ndc,616.4191209625702,0.0709162100809315,3.007705063936635,0.000546101638421253,0.359
SAU,Saudi Arabia,2028,2050,ambitious,669.6089872420608,0.0709162100809315,3.1350054685882727,0.000546101638421253,0.359
SAU,Saudi Arabia,2029,2050,baseline,795.9861754571484,0.0709162100809315,4.147947240207696,0.000535179605652828,0.359
SAU,Saudi Arabia,2029,2050,ndc,588.4000700097262,0.0709162100809315,3.5251889238654295,0.000535179605652828,0.359
SAU,Saudi Arabia,2029,2050,ambitious,657.4720742433881,0.0709162100809315,3.721561332750729,0.000535179605652828,0.359
SAU,Saudi Arabia,2030,2050,baseline,809.4695692718,0.07091621008093152,4.886500599398564,0.0005244760135397715,0.359
SAU,Saudi Arabia,2030,2050,ndc,560.381019056882,0.07091621008093152,4.0146537328413805,0.0005244760135397715,0.359
SAU,Saudi Arabia,2030,2050,ambitious,646.122067339034,0.07091621008093152,4.296767190008832,0.0005244760135397715,0.359
SAU,Saudi Arabia,2031,2050,baseline,822.9529630864517,0.0709162100809315,5.638537352404084,0.0005139864932689759,0.359
SAU,Saudi Arabia,2031,2050,ndc,532.3619681040379,0.0709162100809315,4.476099490864486,0.0005139864932689759,0.359
SAU,Saudi Arabia,2031,2050,ambitious,656.8845698678275,0.0709162100809315,4.882735549795727,0.0005139864932689759,0.359
SAU,Saudi Arabia,2032,2050,baseline,836.4363569011035,0.0709162100809315,6.404057499224256,0.0005037067634035964,0.359
SAU,Saudi Arabia,2032,2050,ndc,504.34291715119383,0.0709162100809315,4.909526197934748,0.0005037067634035964,0.359
SAU,Saudi Arabia,2032,2050,ambitious,667.6470723966211,0.0709162100809315,5.4794664121114165,0.0005037067634035964,0.359
SAU,Saudi Arabia,2033,2050,baseline,849.9566915207268,0.0709162100809315,7.183097980664051,0.0004936326281355244,0.359
SAU,Saudi Arabia,2033,2050,ndc,476.3238661983497,0.0709162100809315,5.314933854052167,0.0004936326281355244,0.359
SAU,Saudi Arabia,2033,2050,ambitious,678.4390612337126,0.0709162100809315,6.086989263264198,0.0004936326281355244,0.359
SAU,Saudi Arabia,2034,2050,baseline,863.4400853353785,0.0709162100809315,7.975621855918497,0.00048375997557281405,0.359
SAU,Saudi Arabia,2034,2050,ndc,448.30481524550567,0.0709162100809315,5.692322459216741,0.00048375997557281405,0.359
SAU,Saudi Arabia,2034,2050,ambitious,689.201563762506,0.0709162100809315,6.705274616945772,0.00048375997557281405,0.359
SAU,Saudi Arabia,2035,2050,baseline,876.9234791500301,0.0709162100809315,8.781629124987596,0.0004740847760613577,0.359
SAU,Saudi Arabia,2035,2050,ndc,420.2857642926615,0.0709162100809315,6.041692013428471,0.0004740847760613577,0.359
SAU,Saudi Arabia,2035,2050,ambitious,699.9640662912993,0.0709162100809315,7.334322473156139,0.0004740847760613577,0.359
SAU,Saudi Arabia,2036,2050,baseline,890.4068729646818,0.07091621008093152,9.601119787871346,0.0004646030805401305,0.359
SAU,Saudi Arabia,2036,2050,ndc,392.26671333981744,0.07091621008093152,6.363042516687357,0.0004646030805401305,0.359
SAU,Saudi Arabia,2036,2050,ambitious,710.7265688200928,0.07091621008093152,7.9741328318953,0.0004646030805401305,0.359
SAU,Saudi Arabia,2037,2050,baseline,903.9272075843052,0.0709162100809315,10.43413078537472,0.0004553110189293279,0.359
SAU,Saudi Arabia,2037,2050,ndc,364.24766238697333,0.0709162100809315,6.6563739689934,0.0004553110189293279,0.359
SAU,Saudi Arabia,2037,2050,ambitious,721.5185576571844,0.0709162100809315,8.624735179471553,0.0004553110189293279,0.359
SAU,Saudi Arabia,2038,2050,baseline,917.4106013989569,0.0709162100809315,11.280625176692745,0.0004462047985507414,0.359
SAU,Saudi Arabia,2038,2050,ndc,336.2286114341292,0.0709162100809315,6.921686370346597,0.0004462047985507414,0.359
SAU,Saudi Arabia,2038,2050,ambitious,732.2810601859778,0.0709162100809315,9.286100029576598,0.0004462047985507414,0.359
SAU,Saudi Arabia,2039,2050,baseline,930.8939952136086,0.0709162100809315,12.140602961825422,0.0004372807025797265,0.359
SAU,Saudi Arabia,2039,2050,ndc,308.20956048128517,0.0709162100809315,7.1589797207469505,0.0004372807025797265,0.359
SAU,Saudi Arabia,2039,2050,ambitious,743.0435627147713,0.0709162100809315,9.958227382210438,0.0004372807025797265,0.359
SAU,Saudi Arabia,2040,2050,baseline,944.3773890282603,0.0709162100809315,13.014064140772751,0.000428535088528132,0.359
SAU,Saudi Arabia,2040,2050,ndc,280.190509528441,0.0709162100809315,7.3682540201944615,0.000428535088528132,0.359
SAU,Saudi Arabia,2040,2050,ambitious,753.8060652435647,0.0709162100809315,10.641117237373072,0.000428535088528132,0.359
SAU,Saudi Arabia,2041,2050,baseline,957.8977236478837,0.0709162100809315,13.901045654339702,0.0004199643867575693,0.359
SAU,Saudi Arabia,2041,2050,ndc,252.17145857559692,0.0709162100809315,7.549509268689127,0.0004199643867575693,0.359
SAU,Saudi Arabia,2041,2050,ambitious,764.5980540806563,0.0709162100809315,11.334799081372795,0.0004199643867575693,0.359
SAU,Saudi Arabia,2042,2050,baseline,971.3811174625353,0.0709162100809315,14.801510561721306,0.00041156509902241794,0.359
SAU,Saudi Arabia,2042,2050,ndc,224.15240762275283,0.0709162100809315,7.702745466230949,0.00041156509902241794,0.359
SAU,Saudi Arabia,2042,2050,ambitious,775.3605566094496,0.0709162100809315,12.039243427901313,0.00041156509902241794,0.359
SAU,Saudi Arabia,2043,2050,baseline,984.864511277187,0.0709162100809315,15.715458862917563,0.00040333379704196956,0.359
SAU,Saudi Arabia,2043,2050,ndc,196.13335666990875,0.0709162100809315,7.827962612819927,0.00040333379704196956,0.359
SAU,Saudi Arabia,2043,2050,ambitious,786.1230591382432,0.0709162100809315,12.754450276958625,0.00040333379704196956,0.359
SAU,Saudi Arabia,2044,2050,baseline,998.3479050918386,0.0709162100809315,16.642890557928467,0.00039526712110113014,0.359
SAU,Saudi Arabia,2044,2050,ndc,168.11430571706458,0.0709162100809315,7.92516070845606,0.00039526712110113014,0.359
SAU,Saudi Arabia,2044,2050,ambitious,796.8855616670365,0.0709162100809315,13.480419628544729,0.00039526712110113014,0.359
SAU,Saudi Arabia,2045,2050,baseline,1011.868239711462,0.0709162100809315,17.583842587558998,0.00038736177867910754,0.359
SAU,Saudi Arabia,2045,2050,ndc,140.0952547642205,0.0709162100809315,7.99433975313935,0.00038736177867910754,0.359
SAU,Saudi Arabia,2045,2050,ambitious,807.6775505041281,0.0709162100809315,14.217180968967925,0.00038736177867910754,0.359
SAU,Saudi Arabia,2046,2050,baseline,1025.351633526114,0.0709162100809315,18.53827801100418,0.0003796145431055254,0.359
SAU,Saudi Arabia,2046,2050,ndc,112.07620381137642,0.0709162100809315,8.035499746869796,0.0003796145431055254,0.359
SAU,Saudi Arabia,2046,2050,ambitious,818.4400530329218,0.0709162100809315,14.964704811919916,0.0003796145431055254,0.359
SAU,Saudi Arabia,2047,2050,baseline,1038.8350273407655,0.07091621008093152,19.506196828264017,0.0003720222522434149,0.359
SAU,Saudi Arabia,2047,2050,ndc,84.05715285853233,0.07091621008093152,8.048640689647396,0.0003720222522434149,0.359
SAU,Saudi Arabia,2047,2050,ambitious,829.202555561715,0.07091621008093152,15.722991157400697,0.0003720222522434149,0.359
SAU,Saudi Arabia,2048,2050,baseline,1052.3184211554171,0.0709162100809315,20.487599039338498,0.0003645818071985466,0.359
SAU,Saudi Arabia,2048,2050,ndc,56.038101905688166,0.0709162100809315,8.033762581472153,0.0003645818071985466,0.359
SAU,Saudi Arabia,2048,2050,ambitious,839.9650580905085,0.0709162100809315,16.492040005410274,0.0003645818071985466,0.359
SAU,Saudi Arabia,2049,2050,baseline,1065.8387557750405,0.0709162100809315,21.482521585032607,0.0003572901710545757,0.359
SAU,Saudi Arabia,2049,2050,ndc,28.019050952844083,0.0709162100809315,7.990865422344066,0.0003572901710545757,0.359
SAU,Saudi Arabia,2049,2050,ambitious,850.7570469276,0.0709162100809315,17.271880842256945,0.0003572901710545757,0.359
SAU,Saudi Arabia,2050,2050,baseline,1079.3221495896921,0.0709162100809315,22.49092752454137,0.00035014436763348413,0.359
SAU,Saudi Arabia,2050,2050,ndc,0.0,0.0709162100809315,7.919949212263134,0.00035014436763348413,0.359
SAU,Saudi Arabia,2050,2050,ambitious,861.5195494563934,0.0709162100809315,18.062484181632406,0.00035014436763348413,0.359
SGP,Singapore,2024,2020,baseline,49.54739610906687,0.012451725907701786,0.03709567020136508,9.549696582002771e-05,0.493
SGP,Singapore,2024,2020,ndc,49.54739610906687,0.012451725907701786,0.03709567020136508,9.549696582002771e-05,0.493
SGP,Singapore,2024,2020,ambitious,49.54739610906687,0.012451725907701786,0.03709567020136508,9.549696582002771e-05,0.493
SGP,Singapore,2025,2020,baseline,49.65165570925574,0.012451725907701787,0.07429560000291904,9.358702650362716e-05,0.493
SGP,Singapore,2025,2020,ndc,0.0,0.012451725907701787,0.024643944293663296,9.358702650362716e-05,0.493
SGP,Singapore,2025,2020,ambitious,48.049989399197955,0.012451725907701787,0.07269393369286126,9.358702650362716e-05,0.493
SGP,Singapore,2026,2020,baseline,49.75563044714902,0.012451725907701787,0.11159950454236627,9.171528597355461e-05,0.493
SGP,Singapore,2026,2020,ndc,0.0,0.012451725907701787,0.01219221838596151,9.171528597355461e-05,0.493
SGP,Singapore,2026,2020,ambitious,46.645903550115726,0.012451725907701787,0.10688811133527519,9.171528597355461e-05,0.493
SGP,Singapore,2027,2020,baseline,49.85960518504229,0.012451725907701787,0.14900738381970677,8.988098025408351e-05,0.493
SGP,Singapore,2027,2020,ndc,0.0,0.012451725907701787,-0.0002595075217402751,8.988098025408351e-05,0.493
SGP,Singapore,2027,2020,ambitious,45.32691381294217,0.012451725907701787,0.1397632992405156,8.988098025408351e-05,0.493
SGP,Singapore,2028,2020,baseline,49.963579922935565,0.012451725907701787,0.18651923783494057,8.808336064900185e-05,0.493
SGP,Singapore,2028,2020,ndc,0.0,0.012451725907701787,-0.01271123342944206,8.808336064900185e-05,0.493
SGP,Singapore,2028,2020,ambitious,44.0855117072282,0.012451725907701787,0.17139708504004203,8.808336064900185e-05,0.493
SGP,Singapore,2029,2020,baseline,50.067839523124434,0.012451725907701787,0.2241353514503632,8.632169343602181e-05,0.493
SGP,Singapore,2029,2020,ndc,0.0,0.012451725907701787,-0.025162959337143846,8.632169343602181e-05,0.493
SGP,Singapore,2029,2020,ambitious,42.91529103225655,0.012451725907701787,0.20186065016459678,8.632169343602181e-05,0.493
SGP,Singapore,2030,2020,baseline,50.17181426101771,0.012451725907701786,0.2618554398036791,8.459525956730138e-05,0.493
SGP,Singapore,2030,2020,ndc,0.0,0.012451725907701786,-0.03761468524484563,8.459525956730138e-05,0.493
SGP,Singapore,2030,2020,ambitious,41.809845231649255,0.012451725907701786,0.23121876948854425,8.459525956730138e-05,0.493
SGP,Singapore,2031,2020,baseline,50.27578899891099,0.012451725907701786,0.2996795028948883,8.290335437595534e-05,0.493
SGP,Singapore,2031,2020,ndc,0.0,0.012451725907701786,-0.05006641115254742,8.290335437595534e-05,0.493
SGP,Singapore,2031,2020,ambitious,41.896490846589614,0.012451725907701786,0.26066353442743206,8.290335437595534e-05,0.493
SGP,Singapore,2032,2020,baseline,50.379763736804264,0.012451725907701787,0.3376075407239908,8.124528728843623e-05,0.493
SGP,Singapore,2032,2020,ndc,0.0,0.012451725907701787,-0.0625181370602492,8.124528728843623e-05,0.493
SGP,Singapore,2032,2020,ambitious,41.98313646152997,0.012451725907701787,0.29019494498126025,8.124528728843623e-05,0.493
SGP,Singapore,2033,2020,baseline,50.48402333699313,0.012451725907701787,0.37563983815328217,7.96203815426675e-05,0.493
SGP,Singapore,2033,2020,ndc,0.0,0.012451725907701787,-0.074969862967951,7.96203815426675e-05,0.493
SGP,Singapore,2033,2020,ambitious,42.07001946171673,0.012451725907701787,0.3198132385352752,7.96203815426675e-05,0.493
SGP,Singapore,2034,2020,baseline,50.58799807488641,0.012451725907701787,0.4137761103204668,7.802797391181417e-05,0.493
SGP,Singapore,2034,2020,ndc,0.0,0.012451725907701787,-0.0874215888756528,7.802797391181417e-05,0.493
SGP,Singapore,2034,2020,ambitious,42.156665076657085,0.012451725907701787,0.3495181777042305,7.802797391181417e-05,0.493
SGP,Singapore,2035,2020,baseline,50.69197281277968,0.012451725907701787,0.4520163572255447,7.646741443357787e-05,0.493
SGP,Singapore,2035,2020,ndc,0.0,0.012451725907701787,-0.0998733147833546,7.646741443357787e-05,0.493
SGP,Singapore,2035,2020,ambitious,42.24331069159744,0.012451725907701787,0.3793097624881261,7.646741443357787e-05,0.493
SGP,Singapore,2036,2020,baseline,50.795947550672956,0.012451725907701789,0.49036057886851586,7.49380661449063e-05,0.493
SGP,Singapore,2036,2020,ndc,0.0,0.012451725907701789,-0.1123250406910564,7.49380661449063e-05,0.493
SGP,Singapore,2036,2020,ambitious,42.329956306537795,0.012451725907701789,0.4091879928869621,7.49380661449063e-05,0.493
SGP,Singapore,2037,2020,baseline,50.90020715086183,0.012451725907701789,0.5288090601116759,7.343930482200818e-05,0.493
SGP,Singapore,2037,2020,ndc,0.0,0.012451725907701789,-0.1247767665987582,7.343930482200818e-05,0.493
SGP,Singapore,2037,2020,ambitious,42.41683930672456,0.012451725907701789,0.4391531062859849,7.343930482200818e-05,0.493
SGP,Singapore,2038,2020,baseline,51.004181888755106,0.012451725907701787,0.5673615160927292,7.197051872556802e-05,0.493
SGP,Singapore,2038,2020,ndc,0.0,0.012451725907701787,-0.13722849250646,7.197051872556802e-05,0.493
SGP,Singapore,2038,2020,ambitious,42.50348492166491,0.012451725907701787,0.469204865299948,7.197051872556802e-05,0.493
SGP,Singapore,2039,2020,baseline,51.10815662664838,0.012451725907701786,0.6060179468116758,7.053110835105665e-05,0.493
SGP,Singapore,2039,2020,ndc,0.0,0.012451725907701786,-0.14968021841416176,7.053110835105665e-05,0.493
SGP,Singapore,2039,2020,ambitious,42.59013053660527,0.012451725907701786,0.49934326992885153,7.053110835105665e-05,0.493
SGP,Singapore,2040,2020,baseline,51.212131364541655,0.012451725907701786,0.6447783522685157,6.912048618403552e-05,0.493
SGP,Singapore,2040,2020,ndc,0.0,0.012451725907701786,-0.16213194432186354,6.912048618403552e-05,0.493
SGP,Singapore,2040,2020,ambitious,42.676776151545624,0.012451725907701786,0.5295683201726954,6.912048618403552e-05,0.493
SGP,Singapore,2041,2020,baseline,51.31639096473053,0.012451725907701786,0.6836430173255443,6.77380764603548e-05,0.493
SGP,Singapore,2041,2020,ndc,0.0,0.012451725907701786,-0.1745836702295653,6.77380764603548e-05,0.493
SGP,Singapore,2041,2020,ambitious,42.76365915173239,0.012451725907701786,0.559880253416726,6.77380764603548e-05,0.493
SGP,Singapore,2042,2020,baseline,51.420365702623805,0.012451725907701786,0.7226116571204664,6.63833149311477e-05,0.493
SGP,Singapore,2042,2020,ndc,0.0,0.012451725907701786,-0.18703539613726708,6.63833149311477e-05,0.493
SGP,Singapore,2042,2020,ambitious,42.85030476667275,0.012451725907701786,0.590278832275697,6.63833149311477e-05,0.493
SGP,Singapore,2043,2020,baseline,51.52434044051708,0.012451725907701786,0.7616842716532817,6.505564863252476e-05,0.493
SGP,Singapore,2043,2020,ndc,0.0,0.012451725907701786,-0.19948712204496885,6.505564863252476e-05,0.493
SGP,Singapore,2043,2020,ambitious,42.9369503816131,0.012451725907701786,0.6207640567496084,6.505564863252476e-05,0.493
SGP,Singapore,2044,2020,baseline,51.628315178410354,0.012451725907701786,0.8008608609239901,6.375453565987426e-05,0.493
SGP,Singapore,2044,2020,ndc,0.0,0.012451725907701786,-0.21193884795267062,6.375453565987426e-05,0.493
SGP,Singapore,2044,2020,ambitious,43.02359599655345,0.012451725907701786,0.6513359268384601,6.375453565987426e-05,0.493
SGP,Singapore,2045,2020,baseline,51.73257477859922,0.012451725907701787,0.8401417097948876,6.247944494667678e-05,0.493
SGP,Singapore,2045,2020,ndc,0.0,0.012451725907701787,-0.2243905738603724,6.247944494667678e-05,0.493
SGP,Singapore,2045,2020,ambitious,43.11047899674022,0.012451725907701787,0.6819946799274985,6.247944494667678e-05,0.493
SGP,Singapore,2046,2020,baseline,51.8365495164925,0.012451725907701787,0.8795265334036784,6.122985604774324e-05,0.493
SGP,Singapore,2046,2020,ndc,0.0,0.012451725907701787,-0.23684229976807417,6.122985604774324e-05,0.493
SGP,Singapore,2046,2020,ambitious,43.19712461168057,0.012451725907701787,0.7127400786314774,6.122985604774324e-05,0.493
SGP,Singapore,2047,2020,baseline,51.94052425438577,0.012451725907701789,0.9190153317503624,6.000525892678838e-05,0.493
SGP,Singapore,2047,2020,ndc,0.0,0.012451725907701789,-0.24929402567577594,6.000525892678838e-05,0.493
SGP,Singapore,2047,2020,ambitious,43.28377022662092,0.012451725907701789,0.7435721229503967,6.000525892678838e-05,0.493
SGP,Singapore,2048,2020,baseline,52.04449899227905,0.012451725907701787,0.9586081048349396,5.8805153748252604e-05,0.493
SGP,Singapore,2048,2020,ndc,0.0,0.012451725907701787,-0.2617457515834777,5.8805153748252604e-05,0.493
SGP,Singapore,2048,2020,ambitious,43.37041584156128,0.012451725907701787,0.7744908128842561,5.8805153748252604e-05,0.493
SGP,Singapore,2049,2020,baseline,52.14875859246793,0.012451725907701786,0.9983051375197058,5.7629050673287554e-05,0.493
SGP,Singapore,2049,2020,ndc,0.0,0.012451725907701786,-0.27419747749117945,5.7629050673287554e-05,0.493
SGP,Singapore,2049,2020,ambitious,43.457298841748056,0.012451725907701786,0.8054963858183024,5.7629050673287554e-05,0.493
SGP,Singapore,2050,2020,baseline,52.252733330361195,0.012451725907701786,1.0381061449423654,5.6476469659821795e-05,0.493
SGP,Singapore,2050,2020,ndc,0.0,0.012451725907701786,-0.2866492033988812,5.6476469659821795e-05,0.493
SGP,Singapore,2050,2020,ambitious,43.5439444566884,0.012451725907701786,0.836588604367289,5.6476469659821795e-05,0.493
SVK,Slovak Republic,2024,2050,baseline,30.988234465400964,0.011418772974053474,0.01956946149134749,0.000224980659860726,10.553
SVK,Slovak Republic,2024,2050,ndc,30.988234465400964,0.011418772974053474,0.01956946149134749,0.000224980659860726,10.553
SVK,Slovak Republic,2024,2050,ambitious,30.988234465400964,0.011418772974053474,0.01956946149134749,0.000224980659860726,10.553
SVK,Slovak Republic,2025,2050,baseline,30.41089475901532,0.011418772974053477,0.03856158327630933,0.00022048104666351145,10.553
SVK,Slovak Republic,2025,2050,ndc,29.796379293654773,0.011418772974053477,0.03794706781094878,0.00022048104666351145,10.553
SVK,Slovak Republic,2025,2050,ambitious,29.429898153975756,0.011418772974053477,0.03758058667126976,0.00022048104666351145,10.553
SVK,Slovak Republic,2026,2050,baseline,29.835132483521438,0.011418772974053477,0.056977942785777294,0.00021607142573024123,10.553
SVK,Slovak Republic,2026,2050,ndc,28.604524121908582,0.011418772974053477,0.0551328189588039,0.00021607142573024123,10.553
SVK,Slovak Republic,2026,2050,ambitious,27.970436703467005,0.011418772974053477,0.0541322504006833,0.00021607142573024123,10.553
SVK,Slovak Republic,2027,2050,baseline,29.259370208027555,0.011418772974053474,0.07481854001975138,0.0002117499972156364,10.553
SVK,Slovak Republic,2027,2050,ndc,27.41266895016239,0.011418772974053474,0.07112671493491282,0.0002117499972156364,10.553
SVK,Slovak Republic,2027,2050,ambitious,26.59942746207237,0.011418772974053474,0.0693129048887022,0.0002117499972156364,10.553
SVK,Slovak Republic,2028,2050,baseline,28.683607932533675,0.011418772974053476,0.09208337497823157,0.0002075149972713237,10.553
SVK,Slovak Republic,2028,2050,ndc,26.2208137784162,0.011418772974053476,0.08592875573927553,0.0002075149972713237,10.553
SVK,Slovak Republic,2028,2050,ambitious,25.309065823105982,0.011418772974053476,0.0832031977377547,0.0002075149972713237,10.553
SVK,Slovak Republic,2029,2050,baseline,28.10626822614803,0.011418772974053474,0.10877087023032614,0.0002033646973258972,10.553
SVK,Slovak Republic,2029,2050,ndc,25.02895860667001,0.011418772974053474,0.09953894137189206,0.0002033646973258972,10.553
SVK,Slovak Republic,2029,2050,ambitious,24.091087051310147,0.011418772974053474,0.09587551181501139,0.0002033646973258972,10.553
SVK,Slovak Republic,2030,2050,baseline,27.530505950654145,0.011418772974053476,0.12488260320692682,0.00019929740337937927,10.553
SVK,Slovak Republic,2030,2050,ndc,23.837103434923815,0.011418772974053476,0.11195727183276241,0.00019929740337937927,10.553
SVK,Slovak Republic,2030,2050,ambitious,22.94208829257412,0.011418772974053476,0.10739882713353205,0.00019929740337937927,10.553
SVK,Slovak Republic,2031,2050,baseline,26.954743675160266,0.011418772974053476,0.1404185739080336,0.00019531145531179167,10.553
SVK,Slovak Republic,2031,2050,ndc,22.64524826317763,0.011418772974053476,0.12318374712188657,0.00019531145531179167,10.553
SVK,Slovak Republic,2031,2050,ambitious,22.46228639632164,0.011418772974053476,0.11844234055580022,0.00019531145531179167,10.553
SVK,Slovak Republic,2032,2050,baseline,26.378981399666383,0.011418772974053477,0.15537878233364652,0.00019140522620555582,10.553
SVK,Slovak Republic,2032,2050,ndc,21.453393091431437,0.011418772974053477,0.13321836723926453,0.00019140522620555582,10.553
SVK,Slovak Republic,2032,2050,ambitious,21.982484500069162,0.011418772974053477,0.1290060520818159,0.00019140522620555582,10.553
SVK,Slovak Republic,2033,2050,baseline,25.80164169328074,0.011418772974053477,0.1697616510528738,0.0001875771216814447,10.553
SVK,Slovak Republic,2033,2050,ndc,20.261537919685246,0.011418772974053477,0.14206113218489633,0.0001875771216814447,10.553
SVK,Slovak Republic,2033,2050,ambitious,21.501368078073526,0.011418772974053477,0.13908864718583594,0.0001875771216814447,10.553
SVK,Slovak Republic,2034,2050,baseline,25.22587941778686,0.011418772974053477,0.1835687574966072,0.00018382557924781582,10.553
SVK,Slovak Republic,2034,2050,ndc,19.069682747939055,0.011418772974053477,0.14971204195878193,0.00018382557924781582,10.553
SVK,Slovak Republic,2034,2050,ambitious,21.02156618182105,0.011418772974053477,0.14869144039360352,0.00018382557924781582,10.553
SVK,Slovak Republic,2035,2050,baseline,24.650117142292977,0.011418772974053476,0.1968001016648467,0.00018014906766285947,10.553
SVK,Slovak Republic,2035,2050,ndc,17.877827576192864,0.011418772974053476,0.15617109656092135,0.00018014906766285947,10.553
SVK,Slovak Republic,2035,2050,ambitious,20.54176428556857,0.011418772974053476,0.15781443170511864,0.00018014906766285947,10.553
SVK,Slovak Republic,2036,2050,baseline,24.074354866799098,0.011418772974053476,0.20945568355759234,0.0001765460863096023,10.553
SVK,Slovak Republic,2036,2050,ndc,16.685972404446673,0.011418772974053476,0.16143829599131457,0.0001765460863096023,10.553
SVK,Slovak Republic,2036,2050,ambitious,20.061962389316093,0.011418772974053476,0.16645762112038123,0.0001765460863096023,10.553
SVK,Slovak Republic,2037,2050,baseline,23.49701516041345,0.011418772974053477,0.22153392574395234,0.00017301516458341024,10.553
SVK,Slovak Republic,2037,2050,ndc,15.494117232700482,0.011418772974053477,0.1655136402499616,0.00017301516458341024,10.553
SVK,Slovak Republic,2037,2050,ambitious,19.580845967320453,0.011418772974053477,0.17461969411364822,0.00017301516458341024,10.553
SVK,Slovak Republic,2038,2050,baseline,22.921252884919568,0.011418772974053474,0.23303640565481845,0.00016955486129174204,10.553
SVK,Slovak Republic,2038,2050,ndc,14.302262060954291,0.011418772974053474,0.16839712933686243,0.00016955486129174204,10.553
SVK,Slovak Republic,2038,2050,ambitious,19.101044071067975,0.011418772974053474,0.18230196521066275,0.00016955486129174204,10.553
SVK,Slovak Republic,2039,2050,baseline,22.345490609425692,0.011418772974053476,0.24396312329019068,0.00016616376406590718,10.553
SVK,Slovak Republic,2039,2050,ndc,13.110406889208102,0.011418772974053476,0.17008876325201708,0.00016616376406590718,10.553
SVK,Slovak Republic,2039,2050,ambitious,18.6212421748155,0.011418772974053476,0.18950443441142475,0.00016616376406590718,10.553
SVK,Slovak Republic,2040,2050,baseline,21.769728333931806,0.011418772974053476,0.25431407865006905,0.00016284048878458904,10.553
SVK,Slovak Republic,2040,2050,ndc,11.918551717461908,0.011418772974053476,0.17058854199542553,0.00016284048878458904,10.553
SVK,Slovak Republic,2040,2050,ambitious,18.141440278563017,0.011418772974053476,0.1962271017159343,0.00016284048878458904,10.553
SVK,Slovak Republic,2041,2050,baseline,21.19238862754616,0.011418772974053474,0.2640876943035617,0.00015958367900889727,10.553
SVK,Slovak Republic,2041,2050,ndc,10.726696545715718,0.011418772974053474,0.1698964655670878,0.00015958367900889727,10.553
SVK,Slovak Republic,2041,2050,ambitious,17.66032385656738,0.011418772974053474,0.20246865259844823,0.00015958367900889727,10.553
SVK,Slovak Republic,2042,2050,baseline,20.616626352052283,0.011418772974053476,0.27328554768156055,0.0001563920054287193,10.553
SVK,Slovak Republic,2042,2050,ndc,9.534841373969527,0.011418772974053476,0.16801253396700386,0.0001563920054287193,10.553
SVK,Slovak Republic,2042,2050,ambitious,17.180521960314906,0.011418772974053476,0.20823040158470965,0.0001563920054287193,10.553
SVK,Slovak Republic,2043,2050,baseline,20.0408640765584,0.011418772974053474,0.28190763878406544,0.00015326416532014493,10.553
SVK,Slovak Republic,2043,2050,ndc,8.342986202223338,0.011418772974053474,0.16493674719517373,0.00015326416532014493,10.553
SVK,Slovak Republic,2043,2050,ambitious,16.700720064062427,0.011418772974053474,0.2135123486747186,0.00015326416532014493,10.553
SVK,Slovak Republic,2044,2050,baseline,19.46510180106452,0.011418772974053474,0.2899539676110765,0.000150198882013742,10.553
SVK,Slovak Republic,2044,2050,ndc,7.151131030477145,0.011418772974053474,0.16066910525159742,0.000150198882013742,10.553
SVK,Slovak Republic,2044,2050,ambitious,16.22091816780995,0.011418772974053474,0.2183144938684751,0.000150198882013742,10.553
SVK,Slovak Republic,2045,2050,baseline,18.887762094678873,0.011418772974053474,0.2974229567317019,0.00014719490437346716,10.553
SVK,Slovak Republic,2045,2050,ndc,5.959275858730954,0.011418772974053474,0.15520960813627488,0.00014719490437346716,10.553
SVK,Slovak Republic,2045,2050,ambitious,15.73980174581431,0.011418772974053474,0.2226355226402359,0.00014719490437346716,10.553
SVK,Slovak Republic,2046,2050,baseline,18.311999819184994,0.011418772974053477,0.3043161835768334,0.00014425100628599784,10.553
SVK,Slovak Republic,2046,2050,ndc,4.767420686984764,0.011418772974053477,0.14855825584920618,0.00014425100628599784,10.553
SVK,Slovak Republic,2046,2050,ambitious,15.259999849561833,0.011418772974053477,0.22647674951574426,0.00014425100628599784,10.553
SVK,Slovak Republic,2047,2050,baseline,17.736237543691114,0.011418772974053477,0.31063364814647104,0.00014136598616027788,10.553
SVK,Slovak Republic,2047,2050,ndc,3.5755655152385737,0.011418772974053477,0.14071504839039128,0.00014136598616027788,10.553
SVK,Slovak Republic,2047,2050,ambitious,14.780197953309356,0.011418772974053477,0.22983817449500016,0.00014136598616027788,10.553
SVK,Slovak Republic,2048,2050,baseline,17.160475268197228,0.011418772974053477,0.31637535044061477,0.0001385386664370723,10.553
SVK,Slovak Republic,2048,2050,ndc,2.38371034349238,0.011418772974053477,0.1316799857598302,0.0001385386664370723,10.553
SVK,Slovak Republic,2048,2050,ambitious,14.300396057056874,0.011418772974053477,0.2327197975780036,0.0001385386664370723,10.553
SVK,Slovak Republic,2049,2050,baseline,16.583135561811584,0.011418772974053474,0.32153971302837286,0.00013576789310833088,10.553
SVK,Slovak Republic,2049,2050,ndc,1.19185517174619,0.011418772974053474,0.12145306795752292,0.00013576789310833088,10.553
SVK,Slovak Republic,2049,2050,ambitious,13.819279635061239,0.011418772974053474,0.23512030423901137,0.00013576789310833088,10.553
SVK,Slovak Republic,2050,2050,baseline,16.007373286317705,0.011418772974053474,0.32612831334063713,0.00013305253524616424,10.553
SVK,Slovak Republic,2050,2050,ndc,0.0,0.011418772974053474,0.11003429498346945,0.00013305253524616424,10.553
SVK,Slovak Republic,2050,2050,ambitious,13.339477738808762,0.011418772974053474,0.23704100900376662,0.00013305253524616424,10.553
SVN,Slovenia,2024,2050,baseline,11.940231393638644,0.0044618063071631235,0.0074784250864755215,0.000160544987533196,23.026
SVN,Slovenia,2024,2050,ndc,11.940231393638644,0.0044618063071631235,0.0074784250864755215,0.000160544987533196,23.026
SVN,Slovenia,2024,2050,ambitious,11.940231393638644,0.0044618063071631235,0.0074784250864755215,0.000160544987533196,23.026
SVN,Slovenia,2025,2050,baseline,11.649393468213338,0.0044618063071631235,0.014666012247525735,0.00015733408778253208,23.026
SVN,Slovenia,2025,2050,ndc,11.480991724652542,0.0044618063071631235,0.01449761050396494,0.00015733408778253208,23.026
SVN,Slovenia,2025,2050,ambitious,11.06544817462689,0.0044618063071631235,0.01408206695393929,0.00015733408778253208,23.026
SVN,Slovenia,2026,2050,baseline,11.359350181928534,0.0044618063071631235,0.021563556122291144,0.00015418740602688143,23.026
SVN,Slovenia,2026,2050,ndc,11.021752055666441,0.0044618063071631235,0.021057556252468256,0.00015418740602688143,23.026
SVN,Slovenia,2026,2050,ambitious,10.274897408062634,0.0044618063071631235,0.0198951580548388,0.00015418740602688143,23.026
SVN,Slovenia,2027,2050,baseline,11.06930689564373,0.0044618063071631235,0.028171056710771747,0.0001511036579063438,23.026
SVN,Slovenia,2027,2050,ndc,10.56251238668034,0.0044618063071631235,0.02715826233198547,0.0001511036579063438,23.026
SVN,Slovenia,2027,2050,ambitious,9.556380373056717,0.0044618063071631235,0.024989732120732397,0.0001511036579063438,23.026
SVN,Slovenia,2028,2050,baseline,10.779263609358928,0.004461806307163123,0.034488514012967555,0.00014808158474821694,23.026
SVN,Slovenia,2028,2050,ndc,10.103272717694237,0.004461806307163123,0.032799728742516576,0.00014808158474821694,23.026
SVN,Slovenia,2028,2050,ambitious,8.900480674121622,0.004461806307163123,0.029428406487690895,0.00014808158474821694,23.026
SVN,Slovenia,2029,2050,baseline,10.488425683933619,0.004461806307163123,0.04051513338973805,0.0001451199530532526,23.026
SVN,Slovenia,2029,2050,ndc,9.644033048708136,0.004461806307163123,0.03798195548406159,0.0001451199530532526,23.026
SVN,Slovenia,2029,2050,ambitious,8.298725886897868,0.004461806307163123,0.03326532606742564,0.0001451199530532526,23.026
SVN,Slovenia,2030,2050,baseline,10.198382397648817,0.0044618063071631235,0.04625170948022375,0.00014221755399218753,23.026
SVN,Slovenia,2030,2050,ndc,9.184793379722032,0.0044618063071631235,0.042704942556620495,0.00014221755399218753,23.026
SVN,Slovenia,2030,2050,ambitious,7.745812539179754,0.0044618063071631235,0.03654933229944228,0.00014221755399218753,23.026
SVN,Slovenia,2031,2050,baseline,9.908339111364015,0.004461806307163123,0.05169824228442464,0.00013937320291234378,23.026
SVN,Slovenia,2031,2050,ndc,8.725553710735934,0.004461806307163123,0.04696868996019331,0.00013937320291234378,23.026
SVN,Slovenia,2031,2050,ambitious,7.525520650112359,0.004461806307163123,0.039613046642391514,0.00013937320291234378,23.026
SVN,Slovenia,2032,2050,baseline,9.618295825079212,0.004461806307163123,0.056854731802340734,0.0001365857388540969,23.026
SVN,Slovenia,2032,2050,ndc,8.26631404174983,0.004461806307163123,0.050773197694780024,0.0001365857388540969,23.026
SVN,Slovenia,2032,2050,ambitious,7.305228761044964,0.004461806307163123,0.042456469096273354,0.0001365857388540969,23.026
SVN,Slovenia,2033,2050,baseline,9.327457899653902,0.004461806307163123,0.06172038339483152,0.00013385402407701494,23.026
SVN,Slovenia,2033,2050,ndc,7.807074372763729,0.004461806307163123,0.05411846576038064,0.00013385402407701494,23.026
SVN,Slovenia,2033,2050,ambitious,7.084333332555466,0.004461806307163123,0.0450789961216657,0.00013385402407701494,23.026
SVN,Slovenia,2034,2050,baseline,9.0374146133691,0.004461806307163123,0.0662959917010375,0.00013117694359547467,23.026
SVN,Slovenia,2034,2050,ndc,7.347834703777628,0.004461806307163123,0.05700449415699515,0.00013117694359547467,23.026
SVN,Slovenia,2034,2050,ambitious,6.8640414434880705,0.004461806307163123,0.04748123125799065,0.00013117694359547467,23.026
SVN,Slovenia,2035,2050,baseline,8.747371327084297,0.004461806307163123,0.07058155672095867,0.00012855340472356515,23.026
SVN,Slovenia,2035,2050,ndc,6.888595034791525,0.004461806307163123,0.05943128288462356,0.00012855340472356515,23.026
SVN,Slovenia,2035,2050,ambitious,6.643749554420676,0.004461806307163123,0.04966317450524821,0.00012855340472356515,23.026
SVN,Slovenia,2036,2050,baseline,8.457328040799494,0.0044618063071631235,0.07457707845459503,0.00012598233662909384,23.026
SVN,Slovenia,2036,2050,ndc,6.429355365805423,0.0044618063071631235,0.061398831943265855,0.00012598233662909384,23.026
SVN,Slovenia,2036,2050,ambitious,6.423457665353281,0.0044618063071631235,0.05162482586343836,0.00012598233662909384,23.026
SVN,Slovenia,2037,2050,baseline,8.166490115374184,0.0044618063071631235,0.07828176226280609,0.00012346268989651198,23.026
SVN,Slovenia,2037,2050,ndc,5.970115696819322,0.0044618063071631235,0.06290714133292205,0.00012346268989651198,23.026
SVN,Slovenia,2037,2050,ambitious,6.202562236863782,0.0044618063071631235,0.05336558179313902,0.00012346268989651198,23.026
SVN,Slovenia,2038,2050,baseline,7.876446829089382,0.004461806307163123,0.08169640278473235,0.00012099343609858175,23.026
SVN,Slovenia,2038,2050,ndc,5.510876027833221,0.004461806307163123,0.06395621105359216,0.00012099343609858175,23.026
SVN,Slovenia,2038,2050,ambitious,5.982270347796388,0.004461806307163123,0.05488604583377228,0.00012099343609858175,23.026
SVN,Slovenia,2039,2050,baseline,7.586403542804579,0.004461806307163123,0.0848210000203738,0.0001185735673766101,23.026
SVN,Slovenia,2039,2050,ndc,5.051636358847119,0.004461806307163123,0.06454604110527615,0.0001185735673766101,23.026
SVN,Slovenia,2039,2050,ambitious,5.761978458728993,0.004461806307163123,0.056186217985338155,0.0001185735673766101,23.026
SVN,Slovenia,2040,2050,baseline,7.296360256519776,0.004461806307163123,0.08765555396973045,0.00011620209602907789,23.026
SVN,Slovenia,2040,2050,ndc,4.592396689861016,0.004461806307163123,0.06467663148797405,0.00011620209602907789,23.026
SVN,Slovenia,2040,2050,ambitious,5.541686569661597,0.004461806307163123,0.057266098247836614,0.00011620209602907789,23.026
SVN,Slovenia,2041,2050,baseline,7.0055223310944665,0.004461806307163123,0.09019926999366179,0.00011387805410849633,23.026
SVN,Slovenia,2041,2050,ndc,4.133157020874915,0.004461806307163123,0.06434798220168583,0.00011387805410849633,23.026
SVN,Slovenia,2041,2050,ambitious,5.3207911411721,0.004461806307163123,0.05812508308184558,0.00011387805410849633,23.026
SVN,Slovenia,2042,2050,baseline,6.715479044809665,0.004461806307163123,0.09245294273130832,0.0001116004930263264,23.026
SVN,Slovenia,2042,2050,ndc,3.673917351888814,0.004461806307163123,0.06356009324641153,0.0001116004930263264,23.026
SVN,Slovenia,2042,2050,ambitious,5.100499252104704,0.004461806307163123,0.05876377602678716,0.0001116004930263264,23.026
SVN,Slovenia,2043,2050,baseline,6.425435758524862,0.004461806307163123,0.09441657218267005,0.00010936848316579988,23.026
SVN,Slovenia,2043,2050,ndc,3.2146776829027126,0.004461806307163123,0.06231296462215111,0.00010936848316579988,23.026
SVN,Slovenia,2043,2050,ambitious,4.88020736303731,0.004461806307163123,0.05918217708266135,0.00010936848316579988,23.026
SVN,Slovenia,2044,2050,baseline,6.135392472240059,0.004461806307163123,0.09609015834774699,0.00010718111350248386,23.026
SVN,Slovenia,2044,2050,ndc,2.7554380139166095,0.004461806307163123,0.0606065963289046,0.00010718111350248386,23.026
SVN,Slovenia,2044,2050,ambitious,4.659915473969915,0.004461806307163123,0.05938028624946813,0.00010718111350248386,23.026
SVN,Slovenia,2045,2050,baseline,5.8445545468147495,0.004461806307163123,0.09747290658739863,0.0001050374912324342,23.026
SVN,Slovenia,2045,2050,ndc,2.296198344930508,0.004461806307163123,0.05844098836667197,0.0001050374912324342,23.026
SVN,Slovenia,2045,2050,ambitious,4.439020045480417,0.004461806307163123,0.05935749998778542,0.0001050374912324342,23.026
SVN,Slovenia,2046,2050,baseline,5.554511260529947,0.004461806307163123,0.09856561154076544,0.00010293674140778551,23.026
SVN,Slovenia,2046,2050,ndc,1.836958675944407,0.004461806307163123,0.055816140735453254,0.00010293674140778551,23.026
SVN,Slovenia,2046,2050,ambitious,4.218728156413022,0.004461806307163123,0.059114421837035316,0.00010293674140778551,23.026
SVN,Slovenia,2047,2050,baseline,5.264467974245144,0.0044618063071631235,0.09936827320784747,0.0001008780065796298,23.026
SVN,Slovenia,2047,2050,ndc,1.3777190069583054,0.0044618063071631235,0.05273205343524842,0.0001008780065796298,23.026
SVN,Slovenia,2047,2050,ambitious,3.9984362673456264,0.0044618063071631235,0.05865105179721783,0.0001008780065796298,23.026
SVN,Slovenia,2048,2050,baseline,4.974424687960342,0.004461806307163123,0.09988089158864467,9.88604464480372e-05,23.026
SVN,Slovenia,2048,2050,ndc,0.9184793379722028,0.004461806307163123,0.0491887264660575,9.88604464480372e-05,23.026
SVN,Slovenia,2048,2050,ambitious,3.7781443782782316,0.004461806307163123,0.05796738986833293,9.88604464480372e-05,23.026
SVN,Slovenia,2049,2050,baseline,4.683586762535032,0.004461806307163122,0.10010267204401657,9.688323751907646e-05,23.026
SVN,Slovenia,2049,2050,ndc,0.4592396689861014,0.004461806307163122,0.04518615982788046,9.688323751907646e-05,23.026
SVN,Slovenia,2049,2050,ambitious,3.557248949788733,0.004461806307163122,0.05706283251095853,9.688323751907646e-05,23.026
SVN,Slovenia,2050,2050,baseline,4.39354347625023,0.004461806307163123,0.10003440921310368,9.494557276869492e-05,23.026
SVN,Slovenia,2050,2050,ndc,0.0,0.004461806307163123,0.040724353520717335,9.494557276869492e-05,23.026
SVN,Slovenia,2050,2050,ambitious,3.3369570607213386,0.004461806307163123,0.05593798326451675,9.494557276869492e-05,23.026
SWE,Sweden,2024,2050,baseline,35.4428728928861,0.02217084450685808,0.01327202838602802,6.118786306588191e-05,52.459
SWE,Sweden,2024,2050,ndc,35.4428728928861,0.02217084450685808,0.01327202838602802,6.118786306588191e-05,52.459
SWE,Sweden,2024,2050,ambitious,35.4428728928861,0.02217084450685808,0.01327202838602802,6.118786306588191e-05,52.459
SWE,Sweden,2025,2050,baseline,34.51479536777459,0.022170844506858082,0.02561597924694453,5.9964105804564265e-05,52.459
SWE,Sweden,2025,2050,ndc,34.07968547392895,0.022170844506858082,0.025180869353098892,5.9964105804564265e-05,52.459
SWE,Sweden,2025,2050,ambitious,32.603780111666104,0.022170844506858082,0.023704963990836048,5.9964105804564265e-05,52.459
SWE,Sweden,2026,2050,baseline,33.589253573605994,0.022170844506858082,0.03703438831369245,5.876482368847298e-05,52.459
SWE,Sweden,2026,2050,ndc,32.71649805497179,0.022170844506858082,0.0357265229012126,5.876482368847298e-05,52.459
SWE,Sweden,2026,2050,ambitious,30.064852885135345,0.022170844506858082,0.03159897236911331,5.876482368847298e-05,52.459
SWE,Sweden,2027,2050,baseline,32.6637117794374,0.022170844506858082,0.04752725558627177,5.758952721470352e-05,52.459
SWE,Sweden,2027,2050,ndc,31.353310636014626,0.022170844506858082,0.04490898903036916,5.758952721470352e-05,52.459
SWE,Sweden,2027,2050,ambitious,27.77904670097976,0.022170844506858082,0.037207174563234996,5.758952721470352e-05,52.459
SWE,Sweden,2028,2050,baseline,31.738169985268808,0.02217084450685808,0.057094581064682515,5.643773667040945e-05,52.459
SWE,Sweden,2028,2050,ndc,29.99012321705747,0.02217084450685808,0.052728267740568546,5.643773667040945e-05,52.459
SWE,Sweden,2028,2050,ambitious,25.710306096846576,0.02217084450685808,0.04074663615322349,5.643773667040945e-05,52.459
SWE,Sweden,2029,2050,baseline,30.810092460157293,0.02217084450685808,0.06573382901798172,5.530898193700126e-05,52.459
SWE,Sweden,2029,2050,ndc,28.626935798100313,0.02217084450685808,0.059184359031810796,5.530898193700126e-05,52.459
SWE,Sweden,2029,2050,ambitious,24.615167229501807,0.02217084450685808,0.043190958875867214,5.530898193700126e-05,52.459
SWE,Sweden,2030,2050,baseline,29.884550665988698,0.022170844506858082,0.07344753517711233,5.4202802298261234e-05,52.459
SWE,Sweden,2030,2050,ndc,27.263748379143152,0.022170844506858082,0.06427726290409586,5.4202802298261234e-05,52.459
SWE,Sweden,2030,2050,ambitious,23.87572231966213,0.022170844506858082,0.04489583668867125,5.4202802298261234e-05,52.459
SWE,Sweden,2031,2050,baseline,28.959008871820107,0.022170844506858082,0.08023569954207438,5.311874625229601e-05,52.459
SWE,Sweden,2031,2050,ndc,25.900560960186,0.022170844506858082,0.06800697935742378,5.311874625229601e-05,52.459
SWE,Sweden,2031,2050,ambitious,23.13627740982246,0.022170844506858082,0.04586126959163564,5.311874625229601e-05,52.459
SWE,Sweden,2032,2050,baseline,28.033467077651512,0.022170844506858082,0.08609832211286783,5.205637132725009e-05,52.459
SWE,Sweden,2032,2050,ndc,24.53737354122884,0.022170844506858082,0.07037350839179451,5.205637132725009e-05,52.459
SWE,Sweden,2032,2050,ambitious,22.396832499982782,0.022170844506858082,0.046087257584760344,5.205637132725009e-05,52.459
SWE,Sweden,2033,2050,baseline,27.105389552539997,0.022170844506858082,0.09103286715854975,5.101524390070508e-05,52.459
SWE,Sweden,2033,2050,ndc,23.17418612227168,0.022170844506858082,0.07137685000720811,5.101524390070508e-05,52.459
SWE,Sweden,2033,2050,ambitious,21.6553617136778,0.022170844506858082,0.04557177479158009,5.101524390070508e-05,52.459
SWE,Sweden,2034,2050,baseline,26.17984775837141,0.022170844506858082,0.09504187041006307,4.999493902269099e-05,52.459
SWE,Sweden,2034,2050,ndc,21.810998703314525,0.022170844506858082,0.07101700420366458,4.999493902269099e-05,52.459
SWE,Sweden,2034,2050,ambitious,20.915916803838126,0.022170844506858082,0.04431684708856015,4.999493902269099e-05,52.459
SWE,Sweden,2035,2050,baseline,25.25430596420281,0.022170844506858082,0.0981253318674078,4.899504024223716e-05,52.459
SWE,Sweden,2035,2050,ndc,20.447811284357364,0.022170844506858082,0.06929397098116385,4.899504024223716e-05,52.459
SWE,Sweden,2035,2050,ambitious,20.176471893998446,0.022170844506858082,0.04232247447570053,4.899504024223716e-05,52.459
SWE,Sweden,2036,2050,baseline,24.328764170034223,0.022170844506858082,0.10028325153058393,4.801513943739241e-05,52.459
SWE,Sweden,2036,2050,ndc,19.084623865400207,0.022170844506858082,0.066207750339706,4.801513943739241e-05,52.459
SWE,Sweden,2036,2050,ambitious,19.437026984158777,0.022170844506858082,0.03958865695300123,4.801513943739241e-05,52.459
SWE,Sweden,2037,2050,baseline,23.4006866449227,0.022170844506858082,0.10151309366864858,4.7054836648644564e-05,52.459
SWE,Sweden,2037,2050,ndc,17.72143644644305,0.022170844506858082,0.061758342279290945,4.7054836648644564e-05,52.459
SWE,Sweden,2037,2050,ambitious,18.695556197853787,0.022170844506858082,0.036113368643996946,4.7054836648644564e-05,52.459
SWE,Sweden,2038,2050,baseline,22.47514485075411,0.022170844506858082,0.10181739401254458,4.611373991567168e-05,52.459
SWE,Sweden,2038,2050,ndc,16.358249027485893,0.022170844506858082,0.05594574679991876,4.611373991567168e-05,52.459
SWE,Sweden,2038,2050,ambitious,17.956111288014114,0.022170844506858082,0.03189863542515298,4.611373991567168e-05,52.459
SWE,Sweden,2039,2050,baseline,21.54960305658552,0.022170844506858082,0.10119615256227205,4.519146511735824e-05,52.459
SWE,Sweden,2039,2050,ndc,14.995061608528736,0.022170844506858082,0.04876996390158944,4.519146511735824e-05,52.459
SWE,Sweden,2039,2050,ambitious,17.21666637817444,0.022170844506858082,0.026944457296469326,4.519146511735824e-05,52.459
SWE,Sweden,2040,2050,baseline,20.624061262416927,0.022170844506858082,0.09964936931783092,4.428763581501108e-05,52.459
SWE,Sweden,2040,2050,ndc,13.631874189571576,0.022170844506858082,0.04023099358430293,4.428763581501108e-05,52.459
SWE,Sweden,2040,2050,ambitious,16.477221468334765,0.022170844506858082,0.021250834257945994,4.428763581501108e-05,52.459
SWE,Sweden,2041,2050,baseline,19.695983737305404,0.02217084450685808,0.09717450854827825,4.340188309871085e-05,52.459
SWE,Sweden,2041,2050,ndc,12.26868677061442,0.02217084450685808,0.030328835848059288,4.340188309871085e-05,52.459
SWE,Sweden,2041,2050,ambitious,15.735750682029774,0.02217084450685808,0.014815740433117675,4.340188309871085e-05,52.459
SWE,Sweden,2042,2050,baseline,18.770441943136813,0.02217084450685808,0.09377410598455699,4.253384543673663e-05,52.459
SWE,Sweden,2042,2050,ndc,10.905499351657262,0.02217084450685808,0.019063490692858454,4.253384543673663e-05,52.459
SWE,Sweden,2042,2050,ambitious,14.996305772190102,0.02217084450685808,0.007641201698449673,4.253384543673663e-05,52.459
SWE,Sweden,2043,2050,baseline,17.844900148968218,0.022170844506858082,0.08944816162666713,4.1683168528001904e-05,52.459
SWE,Sweden,2043,2050,ndc,9.542311932700105,0.022170844506858082,0.0064349581187004845,4.1683168528001904e-05,52.459
SWE,Sweden,2043,2050,ambitious,14.256860862350425,0.022170844506858082,-0.0002727819460579539,4.1683168528001904e-05,52.459
SWE,Sweden,2044,2050,baseline,16.919358354799638,0.02217084450685808,0.08419667547460868,4.084950515744186e-05,52.459
SWE,Sweden,2044,2050,ndc,8.179124513742945,0.02217084450685808,-0.007556761874414675,4.084950515744186e-05,52.459
SWE,Sweden,2044,2050,ambitious,13.51741595251076,0.02217084450685808,-0.008926210500405263,4.084950515744186e-05,52.459
SWE,Sweden,2045,2050,baseline,15.991280829688113,0.022170844506858082,0.07801711179743875,4.0032515054293024e-05,52.459
SWE,Sweden,2045,2050,ndc,6.815937094785788,0.022170844506858082,-0.02291166928648697,4.0032515054293024e-05,52.459
SWE,Sweden,2045,2050,ambitious,12.775945166205767,0.022170844506858082,-0.01832110984105756,4.0032515054293024e-05,52.459
SWE,Sweden,2046,2050,baseline,15.065739035519519,0.022170844506858082,0.07091200632610017,3.923186475320716e-05,52.459
SWE,Sweden,2046,2050,ndc,5.452749675828631,0.022170844506858082,-0.03962976411751645,3.923186475320716e-05,52.459
SWE,Sweden,2046,2050,ambitious,12.036500256366091,0.022170844506858082,-0.028455454091549592,3.923186475320716e-05,52.459
SWE,Sweden,2047,2050,baseline,14.14019724135093,0.022170844506858082,0.062881359060593,3.8447227458143025e-05,52.459
SWE,Sweden,2047,2050,ndc,4.089562256871474,0.022170844506858082,-0.05771104636750313,3.8447227458143025e-05,52.459
SWE,Sweden,2047,2050,ambitious,11.297055346526419,0.022170844506858082,-0.03932924325188131,3.8447227458143025e-05,52.459
SWE,Sweden,2048,2050,baseline,13.214655447182334,0.022170844506858082,0.05392517000091723,3.767828290898016e-05,52.459
SWE,Sweden,2048,2050,ndc,2.726374837914314,0.022170844506858082,-0.07715551603644694,3.767828290898016e-05,52.459
SWE,Sweden,2048,2050,ambitious,10.557610436686742,0.022170844506858082,-0.050942477322052704,3.767828290898016e-05,52.459
SWE,Sweden,2049,2050,baseline,12.286577922070817,0.02217084450685808,0.044040903416129984,3.6924717250800556e-05,52.459
SWE,Sweden,2049,2050,ndc,1.363187418957157,0.02217084450685808,-0.09796317312434782,3.6924717250800556e-05,52.459
SWE,Sweden,2049,2050,ambitious,9.816139650381757,0.02217084450685808,-0.06329718217852898,3.6924717250800556e-05,52.459
SWE,Sweden,2050,2050,baseline,11.36103612790223,0.022170844506858082,0.03323109503717403,3.6186222905784544e-05,52.459
SWE,Sweden,2050,2050,ndc,0.0,0.022170844506858082,-0.12013401763120596,3.6186222905784544e-05,52.459
SWE,Sweden,2050,2050,ambitious,9.076694740542086,0.022170844506858082,-0.07639133194484504,3.6186222905784544e-05,52.459
THA,Thailand,2024,2020,baseline,263.20254163100225,0.15087397350008033,0.11232856813092193,0.000502225361592346,7.608
THA,Thailand,2024,2020,ndc,263.20254163100225,0.15087397350008033,0.11232856813092193,0.000502225361592346,7.608
THA,Thailand,2024,2020,ambitious,263.20254163100225,0.15087397350008033,0.11232856813092193,0.000502225361592346,7.608
THA,Thailand,2025,2020,baseline,260.2531067446395,0.15087397350008033,0.22170770137548118,0.0004921808543604991,7.608
THA,Thailand,2025,2020,ndc,0.0,0.15087397350008033,-0.0385454053691584,0.0004921808543604991,7.608
THA,Thailand,2025,2020,ambitious,251.85784523781578,0.15087397350008033,0.2133124398686574,0.0004921808543604991,7.608
THA,Thailand,2026,2020,baseline,257.3117304235401,0.15087397350008036,0.328145458298941,0.00048233723727328907,7.608
THA,Thailand,2026,2020,ndc,0.0,0.15087397350008036,-0.18941937886923876,0.00048233723727328907,7.608
THA,Thailand,2026,2020,ambitious,241.22974727405057,0.15087397350008036,0.3036682136426276,0.00048233723727328907,7.608
THA,Thailand,2027,2020,baseline,254.3703541024407,0.15087397350008036,0.43164183890130126,0.00047269049252782327,7.608
THA,Thailand,2027,2020,ndc,0.0,0.15087397350008036,-0.3402933523693192,0.00047269049252782327,7.608
THA,Thailand,2027,2020,ambitious,231.24577645952746,0.15087397350008036,0.38404001660207465,0.00047269049252782327,7.608
THA,Thailand,2028,2020,baseline,251.42897778134127,0.15087397350008033,0.5321968431825621,0.00046323668267726683,7.608
THA,Thailand,2028,2020,ndc,0.0,0.15087397350008033,-0.49116732586939954,0.00046323668267726683,7.608
THA,Thailand,2028,2020,ambitious,221.84909804579053,0.15087397350008033,0.45501514114778474,0.00046323668267726683,7.608
THA,Thailand,2029,2020,baseline,248.47954289497858,0.15087397350008036,0.6298024125774604,0.0004539719490237215,7.608
THA,Thailand,2029,2020,ndc,0.0,0.15087397350008036,-0.64204129936948,0.0004539719490237215,7.608
THA,Thailand,2029,2020,ambitious,212.98246534255225,0.15087397350008036,0.5171236329902567,0.0004539719490237215,7.608
THA,Thailand,2030,2020,baseline,245.53816657387915,0.15087397350008033,0.7244666056512592,0.00044489251004324707,7.608
THA,Thailand,2030,2020,ndc,0.0,0.15087397350008033,-0.7929152728695603,0.00044489251004324707,7.608
THA,Thailand,2030,2020,ambitious,204.61513881604841,0.15087397350008033,0.5708647983062247,0.00044489251004324707,7.608
THA,Thailand,2031,2020,baseline,242.59679025277973,0.15087397350008033,0.8161894224039585,0.0004359946598423821,7.608
THA,Thailand,2031,2020,ndc,0.0,0.15087397350008033,-0.9437892463696407,0.0004359946598423821,7.608
THA,Thailand,2031,2020,ambitious,202.1639918817452,0.15087397350008033,0.6221548166878896,0.0004359946598423821,7.608
THA,Thailand,2032,2020,baseline,239.65541393168033,0.15087397350008033,0.9049708628355586,0.0004272747666455345,7.608
THA,Thailand,2032,2020,ndc,0.0,0.15087397350008033,-1.094663219869721,0.0004272747666455345,7.608
THA,Thailand,2032,2020,ambitious,199.712844947442,0.15087397350008033,0.6709936881352512,0.0004272747666455345,7.608
THA,Thailand,2033,2020,baseline,236.70597904531763,0.15087397350008033,0.9908028683807961,0.00041872927131262374,7.608
THA,Thailand,2033,2020,ndc,0.0,0.15087397350008033,-1.2455371933698014,0.00041872927131262374,7.608
THA,Thailand,2033,2020,ambitious,197.2549825420859,0.15087397350008033,0.7173746971772568,0.00041872927131262374,7.608
THA,Thailand,2034,2020,baseline,233.76460272421824,0.15087397350008033,1.0736934976049342,0.0004103546858863713,7.608
THA,Thailand,2034,2020,ndc,0.0,0.15087397350008033,-1.3964111668698818,0.0004103546858863713,7.608
THA,Thailand,2034,2020,ambitious,194.80383560778273,0.15087397350008033,0.7613045592849592,0.0004103546858863713,7.608
THA,Thailand,2035,2020,baseline,230.82322640311878,0.15087397350008036,1.1536427505079727,0.0004021475921686438,7.608
THA,Thailand,2035,2020,ndc,0.0,0.15087397350008036,-1.5472851403699621,0.0004021475921686438,7.608
THA,Thailand,2035,2020,ambitious,192.3526886734795,0.15087397350008036,0.8027832744583585,0.0004021475921686438,7.608
THA,Thailand,2036,2020,baseline,227.8818500820194,0.15087397350008033,1.2306506270899118,0.00039410464032527094,7.608
THA,Thailand,2036,2020,ndc,0.0,0.15087397350008033,-1.6981591138700425,0.00039410464032527094,7.608
THA,Thailand,2036,2020,ambitious,189.9015417391763,0.15087397350008033,0.8418108426974547,0.00039410464032527094,7.608
THA,Thailand,2037,2020,baseline,224.93241519565672,0.15087397350008036,1.3047090687854883,0.0003862225475187655,7.608
THA,Thailand,2037,2020,ndc,0.0,0.15087397350008036,-1.8490330873701228,0.0003862225475187655,7.608
THA,Thailand,2037,2020,ambitious,187.44367933382023,0.15087397350008036,0.8783805485311946,0.0003862225475187655,7.608
THA,Thailand,2038,2020,baseline,221.9910388745573,0.15087397350008036,1.3758261341599654,0.00037849809656839023,7.608
THA,Thailand,2038,2020,ndc,0.0,0.15087397350008036,-1.9999070608702032,0.00037849809656839023,7.608
THA,Thailand,2038,2020,ambitious,184.992532399517,0.15087397350008036,0.9124991074306315,0.00037849809656839023,7.608
THA,Thailand,2039,2020,baseline,219.04966255345786,0.15087397350008033,1.444001823213343,0.00037092813463702237,7.608
THA,Thailand,2039,2020,ndc,0.0,0.15087397350008033,-2.1507810343702833,0.00037092813463702237,7.608
THA,Thailand,2039,2020,ambitious,182.54138546521378,0.15087397350008033,0.9441665193957647,0.00037092813463702237,7.608
THA,Thailand,2040,2020,baseline,216.10828623235847,0.15087397350008033,1.5092361359456214,0.00036350957194428195,7.608
THA,Thailand,2040,2020,ndc,0.0,0.15087397350008033,-2.3016550078703637,0.00036350957194428195,7.608
THA,Thailand,2040,2020,ambitious,180.0902385309106,0.15087397350008033,0.9733827844265948,0.00036350957194428195,7.608
THA,Thailand,2041,2020,baseline,213.15885134599574,0.15087397350008033,1.5715210137915365,0.0003562393805053963,7.608
THA,Thailand,2041,2020,ndc,0.0,0.15087397350008033,-2.452528981370444,0.0003562393805053963,7.608
THA,Thailand,2041,2020,ambitious,177.6323761255545,0.15087397350008033,1.0001411870520691,0.0003562393805053963,7.608
THA,Thailand,2042,2020,baseline,210.21747502489634,0.15087397350008033,1.6308645153163521,0.00034911459289528834,7.608
THA,Thailand,2042,2020,ndc,0.0,0.15087397350008033,-2.6034029548705244,0.00034911459289528834,7.608
THA,Thailand,2042,2020,ambitious,175.18122919125128,0.15087397350008033,1.0244484427432399,0.00034911459289528834,7.608
THA,Thailand,2043,2020,baseline,207.27609870379692,0.15087397350008036,1.6872666405200683,0.0003421323010373826,7.608
THA,Thailand,2043,2020,ndc,0.0,0.15087397350008036,-2.754276928370605,0.0003421323010373826,7.608
THA,Thailand,2043,2020,ambitious,172.73008225694807,0.15087397350008036,1.046304551500108,0.0003421323010373826,7.608
THA,Thailand,2044,2020,baseline,204.33472238269752,0.15087397350008036,1.7407273894026858,0.0003352896550166349,7.608
THA,Thailand,2044,2020,ndc,0.0,0.15087397350008036,-2.905150901870685,0.0003352896550166349,7.608
THA,Thailand,2044,2020,ambitious,170.27893532264486,0.15087397350008036,1.0657095133226724,0.0003352896550166349,7.608
THA,Thailand,2045,2020,baseline,201.38528749633483,0.15087397350008033,1.7912387033989399,0.0003285838619163022,7.608
THA,Thailand,2045,2020,ndc,0.0,0.15087397350008033,-3.0560248753707655,0.0003285838619163022,7.608
THA,Thailand,2045,2020,ambitious,167.82107291728877,0.15087397350008033,1.0826566127398811,0.0003285838619163022,7.608
THA,Thailand,2046,2020,baseline,198.4439111752354,0.15087397350008033,1.8388086410740945,0.0003220121846779762,7.608
THA,Thailand,2046,2020,ndc,0.0,0.15087397350008033,-3.206898848870846,0.0003220121846779762,7.608
THA,Thailand,2046,2020,ambitious,165.36992598298556,0.15087397350008033,1.0971525652227863,0.0003220121846779762,7.608
THA,Thailand,2047,2020,baseline,195.502534854136,0.15087397350008033,1.8834372024281505,0.0003155719409844167,7.608
THA,Thailand,2047,2020,ndc,0.0,0.15087397350008033,-3.3577728223709262,0.0003155719409844167,7.608
THA,Thailand,2047,2020,ambitious,162.91877904868235,0.15087397350008033,1.1091973707713887,0.0003155719409844167,7.608
THA,Thailand,2048,2020,baseline,192.56115853303655,0.15087397350008033,1.925124387461107,0.0003092605021647283,7.608
THA,Thailand,2048,2020,ndc,0.0,0.15087397350008033,-3.5086467958710066,0.0003092605021647283,7.608
THA,Thailand,2048,2020,ambitious,160.46763211437911,0.15087397350008033,1.1187910293856875,0.0003092605021647283,7.608
THA,Thailand,2049,2020,baseline,189.61172364667385,0.15087397350008033,1.9638621376077001,0.00030307529212143374,7.608
THA,Thailand,2049,2020,ndc,0.0,0.15087397350008033,-3.659520769371087,0.00030307529212143374,7.608
THA,Thailand,2049,2020,ambitious,158.00976970902303,0.15087397350008033,1.1259268255946306,0.00030307529212143374,7.608
THA,Thailand,2050,2020,baseline,186.67034732557445,0.15087397350008033,1.9996585114331946,0.00029701378627900506,7.608
THA,Thailand,2050,2020,ndc,0.0,0.15087397350008033,-3.8103947428711673,0.00029701378627900506,7.608
THA,Thailand,2050,2020,ambitious,155.55862277471982,0.15087397350008033,1.1306114748692702,0.00029701378627900506,7.608
TKM,Turkmenistan,2024,2050,baseline,63.34106526273465,0.015496015214197183,0.04784505004853747,0.001024194466567076,0.006
TKM,Turkmenistan,2024,2050,ndc,63.34106526273465,0.015496015214197183,0.04784505004853747,0.001024194466567076,0.006
TKM,Turkmenistan,2024,2050,ambitious,63.34106526273465,0.015496015214197183,0.04784505004853747,0.001024194466567076,0.006
TKM,Turkmenistan,2025,2050,baseline,63.25896436496011,0.015496015214197186,0.0956079991993004,0.0010037105772357344,0.006
TKM,Turkmenistan,2025,2050,ndc,60.90487044493717,0.015496015214197186,0.09325390527927746,0.0010037105772357344,0.006
TKM,Turkmenistan,2025,2050,ambitious,61.218352940382594,0.015496015214197186,0.09356738777472288,0.0010037105772357344,0.006
TKM,Turkmenistan,2026,2050,baseline,63.17708778657838,0.015496015214197183,0.1432890717716816,0.0009836363656910198,0.006
TKM,Turkmenistan,2026,2050,ndc,58.46867562713968,0.015496015214197183,0.13622656569221997,0.0009836363656910198,0.006
TKM,Turkmenistan,2026,2050,ambitious,59.22852041688089,0.015496015214197183,0.13729989297740658,0.0009836363656910198,0.006
TKM,Turkmenistan,2027,2050,baseline,63.095211208196666,0.015496015214197183,0.19088826776568105,0.0009639636383771993,0.006
TKM,Turkmenistan,2027,2050,ndc,56.03248080934219,0.015496015214197183,0.17676303128736498,0.0009639636383771993,0.006
TKM,Turkmenistan,2027,2050,ambitious,57.35928378562234,0.015496015214197183,0.17916316154883175,0.0009639636383771993,0.006
TKM,Turkmenistan,2028,2050,baseline,63.01333462981494,0.015496015214197183,0.2384055871812988,0.0009446843656096554,0.006
TKM,Turkmenistan,2028,2050,ndc,53.596285991544704,0.015496015214197183,0.21486330206471252,0.0009446843656096554,0.006
TKM,Turkmenistan,2028,2050,ambitious,55.6000022341503,0.015496015214197183,0.21926714856878485,0.0009446843656096554,0.006
TKM,Turkmenistan,2029,2050,baseline,62.9312337320404,0.015496015214197183,0.28584080569914205,0.0009257906782974623,0.006
TKM,Turkmenistan,2029,2050,ndc,51.16009117374722,0.015496015214197183,0.2505273780242625,0.0009257906782974623,0.006
TKM,Turkmenistan,2029,2050,ambitious,53.94105876891676,0.015496015214197183,0.2577121921235044,0.0009257906782974623,0.006
TKM,Turkmenistan,2030,2050,baseline,62.84935715365867,0.015496015214197183,0.33319414763860355,0.000907274864731513,0.006
TKM,Turkmenistan,2030,2050,ndc,48.72389635594973,0.015496015214197183,0.2837552591660151,0.000907274864731513,0.006
TKM,Turkmenistan,2030,2050,ambitious,52.374465749561594,0.015496015214197183,0.2945906426588688,0.000907274864731513,0.006
TKM,Turkmenistan,2031,2050,baseline,62.767480575276956,0.015496015214197183,0.3804656129996833,0.0008891293674368827,0.006
TKM,Turkmenistan,2031,2050,ndc,46.28770153815225,0.015496015214197183,0.3145469454899702,0.0008891293674368827,0.006
TKM,Turkmenistan,2031,2050,ambitious,52.306235265681536,0.015496015214197183,0.3314008627103532,0.0008891293674368827,0.006
TKM,Turkmenistan,2032,2050,baseline,62.685603996895225,0.015496015214197186,0.42765520178238137,0.0008713467800881451,0.006
TKM,Turkmenistan,2032,2050,ndc,43.851506720354756,0.015496015214197186,0.34290243699612777,0.0008713467800881451,0.006
TKM,Turkmenistan,2032,2050,ambitious,52.23800478180147,0.015496015214197186,0.3681428522779575,0.0008713467800881451,0.006
TKM,Turkmenistan,2033,2050,baseline,62.60350309912069,0.015496015214197183,0.47476268966730484,0.000853919844486382,0.006
TKM,Turkmenistan,2033,2050,ndc,41.41531190255727,0.015496015214197183,0.3688217336844878,0.000853919844486382,0.006
TKM,Turkmenistan,2033,2050,ambitious,52.16958736508887,0.015496015214197183,0.40481642442884924,0.000853919844486382,0.006
TKM,Turkmenistan,2034,2050,baseline,62.52162652073896,0.015496015214197183,0.5217883009738467,0.0008368414475966545,0.006
TKM,Turkmenistan,2034,2050,ndc,38.979117084759785,0.015496015214197183,0.39230483555505036,0.0008368414475966545,0.006
TKM,Turkmenistan,2034,2050,ambitious,52.10135688120881,0.015496015214197183,0.4414217660958608,0.0008368414475966545,0.006
TKM,Turkmenistan,2035,2050,baseline,62.439749942357246,0.015496015214197183,0.5687320357020067,0.0008201046186447213,0.006
TKM,Turkmenistan,2035,2050,ndc,36.54292226696229,0.015496015214197183,0.4133517426078155,0.0008201046186447213,0.006
TKM,Turkmenistan,2035,2050,ambitious,52.03312639732876,0.015496015214197183,0.47795887727899233,0.0008201046186447213,0.006
TKM,Turkmenistan,2036,2050,baseline,62.357873363975514,0.015496015214197186,0.615593893851785,0.0008037025262718269,0.006
TKM,Turkmenistan,2036,2050,ndc,34.10672744916481,0.015496015214197186,0.43196245484278306,0.0008037025262718269,0.006
TKM,Turkmenistan,2036,2050,ambitious,51.964895913448686,0.015496015214197186,0.5144277579782438,0.0008037025262718269,0.006
TKM,Turkmenistan,2037,2050,baseline,62.275772466200976,0.015496015214197186,0.6623736511037888,0.0007876284757463903,0.006
TKM,Turkmenistan,2037,2050,ndc,31.670532631367326,0.015496015214197186,0.4481369722599532,0.0007876284757463903,0.006
TKM,Turkmenistan,2037,2050,ambitious,51.896478496736094,0.015496015214197186,0.5508282212607827,0.0007876284757463903,0.006
TKM,Turkmenistan,2038,2050,baseline,62.193895887819245,0.015496015214197183,0.7090715317774108,0.0007718759062314626,0.006
TKM,Turkmenistan,2038,2050,ndc,29.23433781356984,0.015496015214197183,0.4618752948593259,0.0007718759062314626,0.006
TKM,Turkmenistan,2038,2050,ambitious,51.82824801285602,0.015496015214197183,0.5871604540594415,0.0007718759062314626,0.006
TKM,Turkmenistan,2039,2050,baseline,62.11201930943753,0.015496015214197183,0.7556875358726511,0.0007564383881068332,0.006
TKM,Turkmenistan,2039,2050,ndc,26.798142995772356,0.015496015214197183,0.473177422640901,0.0007564383881068332,0.006
TKM,Turkmenistan,2039,2050,ambitious,51.76001752897597,0.015496015214197183,0.6234244563742203,0.0007564383881068332,0.006
TKM,Turkmenistan,2040,2050,baseline,62.030142731055804,0.015496015214197183,0.8022216633895098,0.0007413096203446966,0.006
TKM,Turkmenistan,2040,2050,ndc,24.361948177974863,0.015496015214197183,0.48204335560467876,0.0007413096203446966,0.006
TKM,Turkmenistan,2040,2050,ambitious,51.69178704509591,0.015496015214197183,0.6596202282051191,0.0007413096203446966,0.006
TKM,Turkmenistan,2041,2050,baseline,61.94804183328126,0.015496015214197183,0.8486736900085938,0.0007264834279378026,0.006
TKM,Turkmenistan,2041,2050,ndc,21.925753360177378,0.015496015214197183,0.4884730937506589,0.0007264834279378026,0.006
TKM,Turkmenistan,2041,2050,ambitious,51.6233696283833,0.015496015214197183,0.6957475826193051,0.0007264834279378026,0.006
TKM,Turkmenistan,2042,2050,baseline,61.866165254899535,0.015496015214197183,0.8950438400492962,0.0007119537593790465,0.006
TKM,Turkmenistan,2042,2050,ndc,19.489558542379893,0.015496015214197183,0.4924666370788416,0.0007119537593790465,0.006
TKM,Turkmenistan,2042,2050,ambitious,51.555139144503244,0.015496015214197183,0.7318067065496112,0.0007119537593790465,0.006
TKM,Turkmenistan,2043,2050,baseline,61.78428867651782,0.015496015214197183,0.9413321135116168,0.0006977146841914656,0.006
TKM,Turkmenistan,2043,2050,ndc,17.053363724582407,0.015496015214197183,0.49402398558922683,0.0006977146841914656,0.006
TKM,Turkmenistan,2043,2050,ambitious,51.486908660623186,0.015496015214197183,0.7677975999960371,0.0006977146841914656,0.006
TKM,Turkmenistan,2044,2050,baseline,61.702412098136094,0.015496015214197183,0.9875385103955558,0.0006837603905076363,0.006
TKM,Turkmenistan,2044,2050,ndc,14.617168906784917,0.015496015214197183,0.4931451392818145,0.0006837603905076363,0.006
TKM,Turkmenistan,2044,2050,ambitious,51.41867817674313,0.015496015214197183,0.8037202629585831,0.0006837603905076363,0.006
TKM,Turkmenistan,2045,2050,baseline,61.62031120036155,0.015496015214197186,1.0336628063817201,0.0006700851826974835,0.006
TKM,Turkmenistan,2045,2050,ndc,12.180974088987432,0.015496015214197186,0.4898300981566048,0.0006700851826974835,0.006
TKM,Turkmenistan,2045,2050,ambitious,51.35026076003052,0.015496015214197186,0.8395745085044164,0.0006700851826974835,0.006
TKM,Turkmenistan,2046,2050,baseline,61.538434621979825,0.015496015214197183,1.0797052257895028,0.0006566834790435339,0.006
TKM,Turkmenistan,2046,2050,ndc,9.744779271189946,0.015496015214197183,0.4840788622135976,0.0006566834790435339,0.006
TKM,Turkmenistan,2046,2050,ambitious,51.28203027615046,0.015496015214197183,0.8753605235663697,0.0006566834790435339,0.006
TKM,Turkmenistan,2047,2050,baseline,61.45655804359811,0.015496015214197186,1.1256657686189038,0.0006435498094626632,0.006
TKM,Turkmenistan,2047,2050,ndc,7.308584453392462,0.015496015214197186,0.47589143145279283,0.0006435498094626632,0.006
TKM,Turkmenistan,2047,2050,ambitious,51.21379979227041,0.015496015214197186,0.9110783081444429,0.0006435498094626632,0.006
TKM,Turkmenistan,2048,2050,baseline,61.37468146521638,0.015496015214197183,1.1715444348699229,0.00063067881327341,0.006
TKM,Turkmenistan,2048,2050,ndc,4.87238963559497,0.015496015214197183,0.46526780587419064,0.00063067881327341,0.006
TKM,Turkmenistan,2048,2050,ambitious,51.14556930839034,0.015496015214197183,0.9467278622386361,0.00063067881327341,0.006
TKM,Turkmenistan,2049,2050,baseline,61.29258056744184,0.015496015214197183,1.2173410002231675,0.0006180652370079417,0.006
TKM,Turkmenistan,2049,2050,ndc,2.436194817797485,0.015496015214197183,0.4522079854777909,0.0006180652370079417,0.006
TKM,Turkmenistan,2049,2050,ambitious,51.077151891677744,0.015496015214197183,0.9823089989161167,0.0006180652370079417,0.006
TKM,Turkmenistan,2050,2050,baseline,61.210703989060114,0.015496015214197183,1.2630556889980304,0.0006057039322677828,0.006
TKM,Turkmenistan,2050,2050,ndc,0.0,0.015496015214197183,0.4367119702635937,0.0006057039322677828,0.006
TKM,Turkmenistan,2050,2050,ambitious,51.00892140779768,0.015496015214197183,1.0178219051097173,0.0006057039322677828,0.006
TTO,Trinidad and Tobago,2024,2050,baseline,33.017984526053525,0.0028774708627551473,0.03014051366329838,0.001319437691368258,0.009
TTO,Trinidad and Tobago,2024,2050,ndc,33.017984526053525,0.0028774708627551473,0.03014051366329838,0.001319437691368258,0.009
TTO,Trinidad and Tobago,2024,2050,ambitious,33.017984526053525,0.0028774708627551473,0.03014051366329838,0.001319437691368258,0.009
TTO,Trinidad and Tobago,2025,2050,baseline,31.854756032770585,0.0028774708627551477,0.05911779883331381,0.0012930489375408928,0.009
TTO,Trinidad and Tobago,2025,2050,ndc,31.748062044282236,0.0028774708627551477,0.059011104844825475,0.0012930489375408928,0.009
TTO,Trinidad and Tobago,2025,2050,ambitious,30.70034517585538,0.0028774708627551477,0.05796338797639861,0.0012930489375408928,0.009
TTO,Trinidad and Tobago,2026,2050,baseline,30.694705759414635,0.0028774708627551473,0.0869350337299733,0.0012671879587900748,0.009
TTO,Trinidad and Tobago,2026,2050,ndc,30.478139562510947,0.0028774708627551473,0.08661177354458127,0.0012671879587900748,0.009
TTO,Trinidad and Tobago,2026,2050,ambitious,28.547768716325685,0.0028774708627551473,0.08363368582996915,0.0012671879587900748,0.009
TTO,Trinidad and Tobago,2027,2050,baseline,29.534655486058686,0.0028774708627551477,0.11359221835327683,0.0012418441996142734,0.009
TTO,Trinidad and Tobago,2027,2050,ndc,29.208217080739654,0.0028774708627551477,0.11294251976256578,0.0012418441996142734,0.009
TTO,Trinidad and Tobago,2027,2050,ambitious,26.54066634347699,0.0028774708627551477,0.10729688131069098,0.0012418441996142734,0.009
TTO,Trinidad and Tobago,2028,2050,baseline,28.374605212702747,0.0028774708627551473,0.13908935270322442,0.001217007315621988,0.009
TTO,Trinidad and Tobago,2028,2050,ndc,27.938294598968366,0.0028774708627551473,0.138003343498779,0.001217007315621988,0.009
TTO,Trinidad and Tobago,2028,2050,ambitious,24.664773071812856,0.0028774708627551473,0.12908418351974868,0.001217007315621988,0.009
TTO,Trinidad and Tobago,2029,2050,baseline,27.2113767194198,0.0028774708627551473,0.1634232585598891,0.0011926671693095483,0.009
TTO,Trinidad and Tobago,2029,2050,ndc,26.668372117197077,0.0028774708627551473,0.16179424475322093,0.0011926671693095483,0.009
TTO,Trinidad and Tobago,2029,2050,ambitious,22.904954715215265,0.0028774708627551473,0.1491116673722088,0.0011926671693095483,0.009
TTO,Trinidad and Tobago,2030,2050,baseline,26.05132644606385,0.0028774708627551473,0.1865971141431978,0.0011688138259233572,0.009
TTO,Trinidad and Tobago,2030,2050,ndc,25.398449635425784,0.0028774708627551473,0.18431522352589158,0.0011688138259233572,0.009
TTO,Trinidad and Tobago,2030,2050,ambitious,21.255713876292496,0.0028774708627551473,0.16748991038574615,0.0011688138259233572,0.009
TTO,Trinidad and Tobago,2031,2050,baseline,24.89127617270791,0.0028774708627551473,0.20861091945315055,0.00114543754940489,0.009
TTO,Trinidad and Tobago,2031,2050,ndc,24.128527153654503,0.0028774708627551473,0.2055662798167909,0.00114543754940489,0.009
TTO,Trinidad and Tobago,2031,2050,ambitious,20.309209415430608,0.0028774708627551473,0.18492164893842158,0.00114543754940489,0.009
TTO,Trinidad and Tobago,2032,2050,baseline,23.73122589935196,0.0028774708627551477,0.22946467448974736,0.0011225287984167921,0.009
TTO,Trinidad and Tobago,2032,2050,ndc,22.85860467188321,0.0028774708627551477,0.22554741362591899,0.0011225287984167921,0.009
TTO,Trinidad and Tobago,2032,2050,ambitious,19.362704954568706,0.0028774708627551477,0.20140688303023516,0.0011225287984167921,0.009
TTO,Trinidad and Tobago,2033,2050,baseline,22.56799740606901,0.0028774708627551473,0.2491552010330612,0.0011000782224484563,0.009
TTO,Trinidad and Tobago,2033,2050,ndc,21.58868219011192,0.0028774708627551473,0.24425862495327572,0.0011000782224484563,0.009
TTO,Trinidad and Tobago,2033,2050,ambitious,18.413607330800343,0.0028774708627551473,0.21694301949828032,0.0011000782224484563,0.009
TTO,Trinidad and Tobago,2034,2050,baseline,21.40794713271308,0.0028774708627551473,0.2676856773030192,0.0010780766579994872,0.009
TTO,Trinidad and Tobago,2034,2050,ndc,20.318759708340632,0.0028774708627551473,0.2616999137988612,0.0010780766579994872,0.009
TTO,Trinidad and Tobago,2034,2050,ambitious,17.467102869938458,0.0028774708627551473,0.23153265150546365,0.0010780766579994872,0.009
TTO,Trinidad and Tobago,2035,2050,baseline,20.247896859357123,0.0028774708627551473,0.28505610329962117,0.0010565151248394973,0.009
TTO,Trinidad and Tobago,2035,2050,ndc,19.04883722656934,0.0028774708627551473,0.2778712801626754,0.0010565151248394973,0.009
TTO,Trinidad and Tobago,2035,2050,ambitious,16.520598409076555,0.0028774708627551473,0.24517577905178506,0.0010565151248394973,0.009
TTO,Trinidad and Tobago,2036,2050,baseline,19.08784658600119,0.0028774708627551477,0.30126647902286724,0.0010353848223427075,0.009
TTO,Trinidad and Tobago,2036,2050,ndc,17.77891474479805,0.0028774708627551477,0.2927727240447183,0.0010353848223427075,0.009
TTO,Trinidad and Tobago,2036,2050,ambitious,15.574093948214673,0.0028774708627551477,0.2578724021372446,0.0010353848223427075,0.009
TTO,Trinidad and Tobago,2037,2050,baseline,17.924618092718244,0.0028774708627551477,0.3163136262528303,0.0010146771258958533,0.009
TTO,Trinidad and Tobago,2037,2050,ndc,16.508992263026762,0.0028774708627551477,0.30640424544498995,0.0010146771258958533,0.009
TTO,Trinidad and Tobago,2037,2050,ambitious,14.624996324446307,0.0028774708627551477,0.26961992759893577,0.0010146771258958533,0.009
TTO,Trinidad and Tobago,2038,2050,baseline,16.764567819362288,0.0028774708627551473,0.3302007232094375,0.0009943835833779362,0.009
TTO,Trinidad and Tobago,2038,2050,ndc,15.239069781255473,0.0028774708627551473,0.3187658443634903,0.0009943835833779362,0.009
TTO,Trinidad and Tobago,2038,2050,ambitious,13.678491863584405,0.0028774708627551473,0.280420948599765,0.0009943835833779362,0.009
TTO,Trinidad and Tobago,2039,2050,baseline,15.604517546006356,0.002877470862755147,0.3429277698926887,0.0009744959117103774,0.009
TTO,Trinidad and Tobago,2039,2050,ndc,13.969147299484185,0.002877470862755147,0.32985752080021935,0.0009744959117103774,0.009
TTO,Trinidad and Tobago,2039,2050,ambitious,12.731987402722522,0.002877470862755147,0.29027546513973235,0.0009744959117103774,0.009
TTO,Trinidad and Tobago,2040,2050,baseline,14.444467272650401,0.0028774708627551477,0.3544947663025839,0.0009550059934761699,0.009
TTO,Trinidad and Tobago,2040,2050,ndc,12.699224817712892,0.0028774708627551477,0.33967927475517706,0.0009550059934761699,0.009
TTO,Trinidad and Tobago,2040,2050,ambitious,11.78548294186062,0.0028774708627551477,0.2991834772188378,0.0009550059934761699,0.009
TTO,Trinidad and Tobago,2041,2050,baseline,13.281238779367454,0.002877470862755147,0.3648985342191962,0.0009359058736066464,0.009
TTO,Trinidad and Tobago,2041,2050,ndc,11.429302335941605,0.002877470862755147,0.3482311062283635,0.0009359058736066464,0.009
TTO,Trinidad and Tobago,2041,2050,ambitious,10.836385318092255,0.002877470862755147,0.30714239167417495,0.0009359058736066464,0.009
TTO,Trinidad and Tobago,2042,2050,baseline,12.12118850601152,0.0028774708627551473,0.3741422518624526,0.0009171877561345135,0.009
TTO,Trinidad and Tobago,2042,2050,ndc,10.159379854170316,0.0028774708627551473,0.3555130152197787,0.0009171877561345135,0.009
TTO,Trinidad and Tobago,2042,2050,ambitious,9.88988085723037,0.0028774708627551473,0.3141548016686502,0.0009171877561345135,0.009
TTO,Trinidad and Tobago,2043,2050,baseline,10.961138232655566,0.0028774708627551477,0.382225919232353,0.0008988440010118232,0.009
TTO,Trinidad and Tobago,2043,2050,ndc,8.889457372399027,0.0028774708627551477,0.3615250017294226,0.0008988440010118232,0.009
TTO,Trinidad and Tobago,2043,2050,ambitious,8.94337639636847,0.0028774708627551477,0.32022070720226353,0.0008988440010118232,0.009
TTO,Trinidad and Tobago,2044,2050,baseline,9.801087959299633,0.0028774708627551473,0.3891495363288975,0.0008808671209915867,0.009
TTO,Trinidad and Tobago,2044,2050,ndc,7.619534890627735,0.0028774708627551473,0.3662670657572952,0.0008808671209915867,0.009
TTO,Trinidad and Tobago,2044,2050,ambitious,7.996871935506585,0.0028774708627551473,0.32534010827501497,0.0008808671209915867,0.009
TTO,Trinidad and Tobago,2045,2050,baseline,8.637859466016685,0.0028774708627551473,0.39490992493215904,0.000863249778571755,0.009
TTO,Trinidad and Tobago,2045,2050,ndc,6.349612408856446,0.0028774708627551473,0.3697392073033965,0.000863249778571755,0.009
TTO,Trinidad and Tobago,2045,2050,ambitious,7.0477743117382206,0.0028774708627551473,0.32951041172399803,0.000863249778571755,0.009
TTO,Trinidad and Tobago,2046,2050,baseline,7.477809192660731,0.0028774708627551473,0.3995102632620646,0.0008459847830003199,0.009
TTO,Trinidad and Tobago,2046,2050,ndc,5.079689927085158,0.0028774708627551473,0.37194142636772654,0.0008459847830003199,0.009
TTO,Trinidad and Tobago,2046,2050,ambitious,6.101269850876318,0.0028774708627551473,0.33273421071211917,0.0008459847830003199,0.009
TTO,Trinidad and Tobago,2047,2050,baseline,6.317758919304797,0.0028774708627551477,0.40295055131861424,0.0008290650873403135,0.009
TTO,Trinidad and Tobago,2047,2050,ndc,3.8097674453138692,0.0028774708627551477,0.3728737229502852,0.0008290650873403135,0.009
TTO,Trinidad and Tobago,2047,2050,ambitious,5.1547653900144335,0.0028774708627551477,0.33501150523937845,0.0008290650873403135,0.009
TTO,Trinidad and Tobago,2048,2050,baseline,5.157708645948843,0.0028774708627551477,0.40523078910180793,0.0008124837855935073,0.009
TTO,Trinidad and Tobago,2048,2050,ndc,2.5398449635425773,0.0028774708627551477,0.37253609705107266,0.0008124837855935073,0.009
TTO,Trinidad and Tobago,2048,2050,ambitious,4.208260929152533,0.0028774708627551477,0.33634229530577586,0.0008124837855935073,0.009
TTO,Trinidad and Tobago,2049,2050,baseline,3.9944801526658957,0.002877470862755147,0.4063477983917187,0.000796234109881637,0.009
TTO,Trinidad and Tobago,2049,2050,ndc,1.2699224817712886,0.002877470862755147,0.3709285486700888,0.000796234109881637,0.009
TTO,Trinidad and Tobago,2049,2050,ambitious,3.2591633053841678,0.002877470862755147,0.3367239877484049,0.000796234109881637,0.009
TTO,Trinidad and Tobago,2050,2050,baseline,2.834429879309952,0.0028774708627551473,0.40630475740827343,0.0007803094276840042,0.009
TTO,Trinidad and Tobago,2050,2050,ndc,0.0,0.0028774708627551473,0.3680510778073336,0.0007803094276840042,0.009
TTO,Trinidad and Tobago,2050,2050,ambitious,2.312658844522275,0.0028774708627551473,0.33615917573017196,0.0007803094276840042,0.009
TUR,Turkiye,2024,2050,baseline,446.0843100097499,0.17954017018081436,0.26654413982893554,0.000378658027932044,18.326
TUR,Turkiye,2024,2050,ndc,446.0843100097499,0.17954017018081436,0.26654413982893554,0.000378658027932044,18.326
TUR,Turkiye,2024,2050,ambitious,446.0843100097499,0.17954017018081436,0.26654413982893554,0.000378658027932044,18.326
TUR,Turkiye,2025,2050,baseline,451.2391252665938,0.1795401701808144,0.538243094914715,0.0003710848673734031,18.326
TUR,Turkiye,2025,2050,ndc,428.9272211632211,0.1795401701808144,0.5159311908113422,0.0003710848673734031,18.326
TUR,Turkiye,2025,2050,ambitious,436.6830244523111,0.1795401701808144,0.5236869941004323,0.0003710848673734031,18.326
TUR,Turkiye,2026,2050,baseline,456.3798563287469,0.1795401701808144,0.8150827810626475,0.000363663170025935,18.326
TUR,Turkiye,2026,2050,ndc,411.77013231669224,0.1795401701808144,0.7481611529472201,0.000363663170025935,18.326
TUR,Turkiye,2026,2050,ambitious,427.85611530965934,0.1795401701808144,0.7720029392292773,0.000363663170025935,18.326
TUR,Turkiye,2027,2050,baseline,461.52058739089995,0.1795401701808144,1.0970631982727332,0.0003563899066254163,18.326
TUR,Turkiye,2027,2050,ndc,394.61304347016335,0.1795401701808144,0.9632340262365691,0.0003563899066254163,18.326
TUR,Turkiye,2027,2050,ambitious,419.5641703574449,0.1795401701808144,1.0120269394059078,0.0003563899066254163,18.326
TUR,Turkiye,2028,2050,baseline,466.661318453053,0.1795401701808144,1.384184346544972,0.000349262108492908,18.326
TUR,Turkiye,2028,2050,ndc,377.4559546236345,0.1795401701808144,1.1611498106793892,0.000349262108492908,18.326
TUR,Turkiye,2028,2050,ambitious,411.7599868729842,0.1795401701808144,1.2442467560980777,0.000349262108492908,18.326
TUR,Turkiye,2029,2050,baseline,471.81613370989686,0.1795401701808144,1.6764603100740545,0.00034227686632304984,18.326
TUR,Turkiye,2029,2050,ndc,360.29886577710573,0.1795401701808144,1.3419085062756806,0.00034227686632304984,18.326
TUR,Turkiye,2029,2050,ambitious,404.4138288973499,0.1795401701808144,1.469120414814613,0.00034227686632304984,18.326
TUR,Turkiye,2030,2050,baseline,476.9568647720499,0.1795401701808144,1.97387700466529,0.00033543132899658884,18.326
TUR,Turkiye,2030,2050,ndc,343.14177693057684,0.1795401701808144,1.5055101130254431,0.00033543132899658884,18.326
TUR,Turkiye,2030,2050,ambitious,397.46405398032306,0.1795401701808144,1.6870442986141219,0.00033543132899658884,18.326
TUR,Turkiye,2031,2050,baseline,482.09759583420293,0.1795401701808144,2.2764344303186785,0.00032872270241665705,18.326
TUR,Turkiye,2031,2050,ndc,325.98468808404806,0.1795401701808144,1.6519546309286768,0.00032872270241665705,18.326
TUR,Turkiye,2031,2050,ambitious,401.7479965321562,0.1795401701808144,1.9092521249654637,0.00032872270241665705,18.326
TUR,Turkiye,2032,2050,baseline,487.238326896356,0.1795401701808144,2.5841325870342198,0.0003221482483683239,18.326
TUR,Turkiye,2032,2050,ndc,308.82759923751917,0.1795401701808144,1.7812420599853815,0.0003221482483683239,18.326
TUR,Turkiye,2032,2050,ambitious,406.03193908398936,0.1795401701808144,2.1357438938686384,0.0003221482483683239,18.326
TUR,Turkiye,2033,2050,baseline,492.39314215319996,0.1795401701808144,2.896985559006606,0.0003157052834009574,18.326
TUR,Turkiye,2033,2050,ndc,291.67051039099033,0.1795401701808144,1.8933724001955574,0.0003157052834009574,18.326
TUR,Turkiye,2033,2050,ambitious,410.32761846473176,0.1795401701808144,2.366531342152556,0.0003157052834009574,18.326
TUR,Turkiye,2034,2050,baseline,497.5338732153529,0.1795401701808144,3.214979262041145,0.0003093911777329383,18.326
TUR,Turkiye,2034,2050,ndc,274.5134215444615,0.1795401701808144,1.9883456515592044,0.0003093911777329383,18.326
TUR,Turkiye,2034,2050,ambitious,414.61156101656485,0.1795401701808144,2.6016027329883062,0.0003093911777329383,18.326
TUR,Turkiye,2035,2050,baseline,502.674604277506,0.1795401701808144,3.5381136961378363,0.00030320335417827947,18.326
TUR,Turkiye,2035,2050,ndc,257.3563326979326,0.1795401701808144,2.066161814076323,0.00030320335417827947,18.326
TUR,Turkiye,2035,2050,ambitious,418.895503568398,0.1795401701808144,2.8409580663758893,0.00030320335417827947,18.326
TUR,Turkiye,2036,2050,baseline,507.81533533965904,0.1795401701808144,3.866388861296681,0.00029713928709471386,18.326
TUR,Turkiye,2036,2050,ndc,240.1992438514038,0.1795401701808144,2.126820887746912,0.00029713928709471386,18.326
TUR,Turkiye,2036,2050,ambitious,423.1794461202312,0.1795401701808144,3.0845973423153064,0.00029713928709471386,18.326
TUR,Turkiye,2037,2050,baseline,512.9701505965029,0.1795401701808144,4.199818841712369,0.0002911965013528196,18.326
TUR,Turkiye,2037,2050,ndc,223.04215500487496,0.1795401701808144,2.1703228725709725,0.0002911965013528196,18.326
TUR,Turkiye,2037,2050,ambitious,427.4751255009735,0.1795401701808144,3.332532297635465,0.0002911965013528196,18.326
TUR,Turkiye,2038,2050,baseline,518.110881658656,0.1795401701808144,4.5383895531902105,0.0002853725713257632,18.326
TUR,Turkiye,2038,2050,ndc,205.88506615834612,0.1795401701808144,2.1966677685485037,0.0002853725713257632,18.326
TUR,Turkiye,2038,2050,ambitious,431.7590680528067,0.1795401701808144,3.584751195507457,0.0002853725713257632,18.326
TUR,Turkiye,2039,2050,baseline,523.251612720809,0.1795401701808144,4.882100995730205,0.00027966511989924793,18.326
TUR,Turkiye,2039,2050,ndc,188.72797731181728,0.1795401701808144,2.2058555756795064,0.00027966511989924793,18.326
TUR,Turkiye,2039,2050,ambitious,436.04301060463985,0.1795401701808144,3.841254035931282,0.00027966511989924793,18.326
TUR,Turkiye,2040,2050,baseline,528.3923437829621,0.1795401701808144,5.230953169332353,0.000274071817501263,18.326
TUR,Turkiye,2040,2050,ndc,171.57088846528842,0.1795401701808144,2.19788629396398,0.000274071817501263,18.326
TUR,Turkiye,2040,2050,ambitious,440.32695315647305,0.1795401701808144,4.10204081890694,0.000274071817501263,18.326
TUR,Turkiye,2041,2050,baseline,533.547159039806,0.17954017018081436,5.584960158191344,0.0002685903811512377,18.326
TUR,Turkiye,2041,2050,ndc,154.41379961875958,0.17954017018081436,2.172759923401925,0.0002685903811512377,18.326
TUR,Turkiye,2041,2050,ambitious,444.6226325372154,0.17954017018081436,4.367123281263341,0.0002685903811512377,18.326
TUR,Turkiye,2042,2050,baseline,538.687890101959,0.1795401701808144,5.944107878112489,0.00026321857352821294,18.326
TUR,Turkiye,2042,2050,ndc,137.25671077223075,0.1795401701808144,2.1304764639933413,0.00026321857352821294,18.326
TUR,Turkiye,2042,2050,ambitious,448.90657508904854,0.1795401701808144,4.636489686171575,0.00026321857352821294,18.326
TUR,Turkiye,2043,2050,baseline,543.8286211641122,0.17954017018081442,6.308396329095786,0.0002579542020576487,18.326
TUR,Turkiye,2043,2050,ndc,120.09962192570192,0.17954017018081442,2.0710359157382285,0.0002579542020576487,18.326
TUR,Turkiye,2043,2050,ambitious,453.19051764088175,0.17954017018081442,4.9101400336316425,0.0002579542020576487,18.326
TUR,Turkiye,2044,2050,baseline,548.9693522262652,0.1795401701808144,6.677825511141237,0.0002527951180164957,18.326
TUR,Turkiye,2044,2050,ndc,102.94253307917303,0.1795401701808144,1.9944382786365873,0.0002527951180164957,18.326
TUR,Turkiye,2044,2050,ambitious,457.4744601927149,0.1795401701808144,5.188074323643543,0.0002527951180164957,18.326
TUR,Turkiye,2045,2050,baseline,554.1241674831091,0.1795401701808144,7.0524095084435325,0.0002477392156561658,18.326
TUR,Turkiye,2045,2050,ndc,85.78544423264421,0.1795401701808144,1.9006835526884167,0.0002477392156561658,18.326
TUR,Turkiye,2045,2050,ambitious,461.7701395734572,0.1795401701808144,5.470304293036185,0.0002477392156561658,18.326
TUR,Turkiye,2046,2050,baseline,559.2648985452622,0.1795401701808144,7.43213423680798,0.00024278443134304249,18.326
TUR,Turkiye,2046,2050,ndc,68.62835538611537,0.1795401701808144,1.7897717378937177,0.00024278443134304249,18.326
TUR,Turkiye,2046,2050,ambitious,466.05408212529045,0.1795401701808144,5.756818204980662,0.00024278443134304249,18.326
TUR,Turkiye,2047,2050,baseline,564.4056296074151,0.17954017018081442,7.816999696234581,0.00023792874271618165,18.326
TUR,Turkiye,2047,2050,ndc,51.471266539586544,0.17954017018081442,1.6617028342524893,0.00023792874271618165,18.326
TUR,Turkiye,2047,2050,ambitious,470.3380246771235,0.17954017018081442,6.0476160594769715,0.00023792874271618165,18.326
TUR,Turkiye,2048,2050,baseline,569.5463606695682,0.1795401701808144,8.207005886723334,0.000233170167861858,18.326
TUR,Turkiye,2048,2050,ndc,34.314177693057665,0.1795401701808144,1.5164768417647325,0.000233170167861858,18.326
TUR,Turkiye,2048,2050,ambitious,474.6219672289567,0.1795401701808144,6.342697856525114,0.000233170167861858,18.326
TUR,Turkiye,2049,2050,baseline,574.7011759264121,0.17954017018081436,8.602166892468933,0.00022850676450462083,18.326
TUR,Turkiye,2049,2050,ndc,17.157088846528833,0.17954017018081436,1.3540937604304464,0.00022850676450462083,18.326
TUR,Turkiye,2049,2050,ambitious,478.91764660969903,0.17954017018081436,6.642075332953998,0.00022850676450462083,18.326
TUR,Turkiye,2050,2050,baseline,579.8419069885651,0.1795401701808144,9.002468629276684,0.0002239366292145284,18.326
TUR,Turkiye,2050,2050,ndc,0.0,0.1795401701808144,1.1745535902496318,0.0002239366292145284,18.326
TUR,Turkiye,2050,2050,ambitious,483.2015891615322,0.1795401701808144,6.945736751934716,0.0002239366292145284,18.326
UKR,Ukraine,2024,2020,baseline,142.34981382806924,0.07939622829750312,0.06295358553056613,0.000737946473314736,8.777
UKR,Ukraine,2024,2020,ndc,142.34981382806924,0.07939622829750312,0.06295358553056613,0.000737946473314736,8.777
UKR,Ukraine,2024,2020,ambitious,142.34981382806924,0.07939622829750312,0.06295358553056613,0.000737946473314736,8.777
UKR,Ukraine,2025,2020,baseline,129.8692984485136,0.07939622829750312,0.11342665568157662,0.0007231875438484412,8.777
UKR,Ukraine,2025,2020,ndc,0.0,0.07939622829750312,-0.016442642766936993,0.0007231875438484412,8.777
UKR,Ukraine,2025,2020,ambitious,125.67996624095893,0.07939622829750312,0.10923732347402193,0.0007231875438484412,8.777
UKR,Ukraine,2026,2020,baseline,117.42288283775446,0.07939622829750312,0.15145331022182792,0.0007087237929714724,8.777
UKR,Ukraine,2026,2020,ndc,0.0,0.07939622829750312,-0.09583887106444011,0.0007087237929714724,8.777
UKR,Ukraine,2026,2020,ambitious,110.0839526611787,0.07939622829750312,0.13992504783769752,0.0007087237929714724,8.777
UKR,Ukraine,2027,2020,baseline,104.97646722699531,0.07939622829750312,0.17703354915132014,0.0006945493171120429,8.777
UKR,Ukraine,2027,2020,ndc,0.0,0.07939622829750312,-0.17523509936194323,0.0006945493171120429,8.777
UKR,Ukraine,2027,2020,ambitious,95.43315202552967,0.07939622829750312,0.15596197156572406,0.0006945493171120429,8.777
UKR,Ukraine,2028,2020,baseline,92.53005161623624,0.0793962282975031,0.19016737247005328,0.0006806583307698022,8.777
UKR,Ukraine,2028,2020,ndc,0.0,0.0793962282975031,-0.2546313276594463,0.0006806583307698022,8.777
UKR,Ukraine,2028,2020,ambitious,81.64416319189104,0.0793962282975031,0.15820990646011196,0.0006806583307698022,8.777
UKR,Ukraine,2029,2020,baseline,80.04953623668052,0.0793962282975031,0.19082068040923073,0.0006670451641544061,8.777
UKR,Ukraine,2029,2020,ndc,0.0,0.0793962282975031,-0.33402755595694944,0.0006670451641544061,8.777
UKR,Ukraine,2029,2020,ambitious,68.6138882039858,0.0793962282975031,0.1474275663665947,0.0006670451641544061,8.777
UKR,Ukraine,2030,2020,baseline,67.60312062592129,0.07939622829750312,0.1790275727376489,0.000653704260871318,8.777
UKR,Ukraine,2030,2020,ndc,0.0,0.07939622829750312,-0.4134237842544526,0.000653704260871318,8.777
UKR,Ukraine,2030,2020,ambitious,56.33593385600418,0.07939622829750312,0.12436727192509578,0.000653704260871318,8.777
UKR,Ukraine,2031,2020,baseline,55.1567050151623,0.0793962282975031,0.1547880494553081,0.0006406301756538916,8.777
UKR,Ukraine,2031,2020,ndc,0.0,0.0793962282975031,-0.49282001255195573,0.0006406301756538916,8.777
UKR,Ukraine,2031,2020,ambitious,45.9639208468414,0.0793962282975031,0.09093496447443405,0.0006406301756538916,8.777
UKR,Ukraine,2032,2020,baseline,42.71028940440308,0.07939622829750312,0.11810211056220798,0.0006278175721408137,8.777
UKR,Ukraine,2032,2020,ndc,0.0,0.07939622829750312,-0.5722162408494589,0.0006278175721408137,8.777
UKR,Ukraine,2032,2020,ambitious,35.59190783767843,0.07939622829750312,0.04713064401460931,0.0006278175721408137,8.777
UKR,Ukraine,2033,2020,baseline,30.229774024847355,0.07939622829750312,0.06893565628955223,0.0006152612206979974,8.777
UKR,Ukraine,2033,2020,ndc,0.0,0.07939622829750312,-0.651612469146962,0.0006152612206979974,8.777
UKR,Ukraine,2033,2020,ambitious,25.191478354517827,0.07939622829750312,-0.007074105928375984,0.0006152612206979974,8.777
UKR,Ukraine,2034,2020,baseline,17.783358414088287,0.07939622829750312,0.0073227864061373715,0.0006029559962840375,8.777
UKR,Ukraine,2034,2020,ndc,0.0,0.07939622829750312,-0.7310086974444652,0.0006029559962840375,8.777
UKR,Ukraine,2034,2020,ambitious,14.819465345354981,0.07939622829750312,-0.07165086888052419,0.0006029559962840375,8.777
UKR,Ukraine,2035,2020,baseline,5.33694280332914,0.07939622829750312,-0.06673649908803658,0.0005908968763583567,8.777
UKR,Ukraine,2035,2020,ndc,0.0,0.07939622829750312,-0.8104049257419683,0.0005908968763583567,8.777
UKR,Ukraine,2035,2020,ambitious,4.44745233619207,0.07939622829750312,-0.1465996448418353,0.0005908968763583567,8.777
UKR,Ukraine,2036,2020,baseline,0.0,0.07939622829750312,-0.14613272738553973,0.0005790789388311896,8.777
UKR,Ukraine,2036,2020,ndc,0.0,0.07939622829750312,-0.8898011540394715,0.0005790789388311896,8.777
UKR,Ukraine,2036,2020,ambitious,0.0,0.07939622829750312,-0.22599587313933844,0.0005790789388311896,8.777
UKR,Ukraine,2037,2020,baseline,0.0,0.07939622829750312,-0.22552895568304288,0.0005674973600545657,8.777
UKR,Ukraine,2037,2020,ndc,0.0,0.07939622829750312,-0.9691973823369746,0.0005674973600545657,8.777
UKR,Ukraine,2037,2020,ambitious,0.0,0.07939622829750312,-0.3053921014368416,0.0005674973600545657,8.777
UKR,Ukraine,2038,2020,baseline,0.0,0.07939622829750312,-0.304925183980546,0.0005561474128534745,8.777
UKR,Ukraine,2038,2020,ndc,0.0,0.07939622829750312,-1.0485936106344778,0.0005561474128534745,8.777
UKR,Ukraine,2038,2020,ambitious,0.0,0.07939622829750312,-0.38478832973434474,0.0005561474128534745,8.777
UKR,Ukraine,2039,2020,baseline,0.0,0.0793962282975031,-0.38432141227804917,0.0005450244645964049,8.777
UKR,Ukraine,2039,2020,ndc,0.0,0.0793962282975031,-1.127989838931981,0.0005450244645964049,8.777
UKR,Ukraine,2039,2020,ambitious,0.0,0.0793962282975031,-0.4641845580318479,0.0005450244645964049,8.777
UKR,Ukraine,2040,2020,baseline,0.0,0.07939622829750312,-0.4637176405755523,0.0005341239753044768,8.777
UKR,Ukraine,2040,2020,ndc,0.0,0.07939622829750312,-1.207386067229484,0.0005341239753044768,8.777
UKR,Ukraine,2040,2020,ambitious,0.0,0.07939622829750312,-0.543580786329351,0.0005341239753044768,8.777
UKR,Ukraine,2041,2020,baseline,0.0,0.0793962282975031,-0.5431138688730555,0.0005234414957983873,8.777
UKR,Ukraine,2041,2020,ndc,0.0,0.0793962282975031,-1.2867822955269872,0.0005234414957983873,8.777
UKR,Ukraine,2041,2020,ambitious,0.0,0.0793962282975031,-0.6229770146268542,0.0005234414957983873,8.777
UKR,Ukraine,2042,2020,baseline,0.0,0.07939622829750312,-0.6225100971705586,0.0005129726658824195,8.777
UKR,Ukraine,2042,2020,ndc,0.0,0.07939622829750312,-1.3661785238244903,0.0005129726658824195,8.777
UKR,Ukraine,2042,2020,ambitious,0.0,0.07939622829750312,-0.7023732429243573,0.0005129726658824195,8.777
UKR,Ukraine,2043,2020,baseline,0.0,0.07939622829750312,-0.7019063254680618,0.0005027132125647711,8.777
UKR,Ukraine,2043,2020,ndc,0.0,0.07939622829750312,-1.4455747521219935,0.0005027132125647711,8.777
UKR,Ukraine,2043,2020,ambitious,0.0,0.07939622829750312,-0.7817694712218605,0.0005027132125647711,8.777
UKR,Ukraine,2044,2020,baseline,0.0,0.07939622829750312,-0.7813025537655649,0.0004926589483134757,8.777
UKR,Ukraine,2044,2020,ndc,0.0,0.07939622829750312,-1.5249709804194966,0.0004926589483134757,8.777
UKR,Ukraine,2044,2020,ambitious,0.0,0.07939622829750312,-0.8611656995193636,0.0004926589483134757,8.777
UKR,Ukraine,2045,2020,baseline,0.0,0.07939622829750312,-0.860698782063068,0.00048280576934720616,8.777
UKR,Ukraine,2045,2020,ndc,0.0,0.07939622829750312,-1.6043672087169998,0.00048280576934720616,8.777
UKR,Ukraine,2045,2020,ambitious,0.0,0.07939622829750312,-0.9405619278168668,0.00048280576934720616,8.777
UKR,Ukraine,2046,2020,baseline,0.0,0.07939622829750312,-0.9400950103605712,0.00047314965396026205,8.777
UKR,Ukraine,2046,2020,ndc,0.0,0.07939622829750312,-1.683763437014503,0.00047314965396026205,8.777
UKR,Ukraine,2046,2020,ambitious,0.0,0.07939622829750312,-1.0199581561143698,0.00047314965396026205,8.777
UKR,Ukraine,2047,2020,baseline,0.0,0.07939622829750312,-1.0194912386580743,0.00046368666088105685,8.777
UKR,Ukraine,2047,2020,ndc,0.0,0.07939622829750312,-1.763159665312006,0.00046368666088105685,8.777
UKR,Ukraine,2047,2020,ambitious,0.0,0.07939622829750312,-1.099354384411873,0.00046368666088105685,8.777
UKR,Ukraine,2048,2020,baseline,0.0,0.07939622829750312,-1.0988874669555775,0.00045441292766343566,8.777
UKR,Ukraine,2048,2020,ndc,0.0,0.07939622829750312,-1.8425558936095092,0.00045441292766343566,8.777
UKR,Ukraine,2048,2020,ambitious,0.0,0.07939622829750312,-1.178750612709376,0.00045441292766343566,8.777
UKR,Ukraine,2049,2020,baseline,0.0,0.07939622829750312,-1.1782836952530804,0.00044532466911016694,8.777
UKR,Ukraine,2049,2020,ndc,0.0,0.07939622829750312,-1.9219521219070121,0.00044532466911016694,8.777
UKR,Ukraine,2049,2020,ambitious,0.0,0.07939622829750312,-1.2581468410068792,0.00044532466911016694,8.777
UKR,Ukraine,2050,2020,baseline,0.0,0.07939622829750312,-1.2576799235505836,0.00043641817572796353,8.777
UKR,Ukraine,2050,2020,ndc,0.0,0.07939622829750312,-2.0013483502045153,0.00043641817572796353,8.777
UKR,Ukraine,2050,2020,ambitious,0.0,0.07939622829750312,-1.3375430693043824,0.00043641817572796353,8.777
USA,United States,2024,2020,baseline,4853.663604585759,0.708696913438936,4.144966691146823,0.000173630594368966,11.212
USA,United States,2024,2020,ndc,4853.663604585759,0.708696913438936,4.144966691146823,0.000173630594368966,11.212
USA,United States,2024,2020,ambitious,4853.663604585759,0.708696913438936,4.144966691146823,0.000173630594368966,11.212
USA,United States,2025,2020,baseline,4796.734064408713,0.7086969134389361,8.2330038421166,0.00017015798248158666,11.212
USA,United States,2025,2020,ndc,0.0,0.7086969134389361,3.4362697777078863,0.00017015798248158666,11.212
USA,United States,2025,2020,ambitious,4589.025077338663,0.7086969134389361,8.025294855046551,0.00017015798248158666,11.212
USA,United States,2026,2020,baseline,4739.960069423405,0.708696913438936,12.264266998101068,0.00016675482283195494,11.212
USA,United States,2026,2020,ndc,0.0,0.708696913438936,2.72757286426895,0.00016675482283195494,11.212
USA,United States,2026,2020,ambitious,4346.496783041719,0.708696913438936,11.663094724649334,0.00016675482283195494,11.212
USA,United States,2027,2020,baseline,4683.186074438098,0.708696913438936,16.23875615910023,0.00016341972637531581,11.212
USA,United States,2027,2020,ndc,0.0,0.708696913438936,2.0188759508300143,0.00016341972637531581,11.212
USA,United States,2027,2020,ambitious,4123.298433831438,0.708696913438936,15.077696245041839,0.00016341972637531581,11.212
USA,United States,2028,2020,baseline,4626.412079452792,0.708696913438936,20.156471325114083,0.00016015133184780952,11.212
USA,United States,2028,2020,ndc,0.0,0.708696913438936,1.3101790373910784,0.00016015133184780952,11.212
USA,United States,2028,2020,ambitious,3917.207646166016,0.708696913438936,18.28620697776892,0.00016015133184780952,11.212
USA,United States,2029,2020,baseline,4569.482539275745,0.708696913438936,24.017256950950895,0.00015694830521085332,11.212
USA,United States,2029,2020,ndc,0.0,0.708696913438936,0.6014821239521426,0.00015694830521085332,11.212
USA,United States,2029,2020,ambitious,3726.20330194313,0.708696913438936,21.30371336627311,0.00015694830521085332,11.212
USA,United States,2030,2020,baseline,4512.708544290437,0.708696913438936,27.8212685818024,0.00015380933910663625,11.212
USA,United States,2030,2020,ndc,0.0,0.708696913438936,-0.1072147894867932,0.00015380933910663625,11.212
USA,United States,2030,2020,ambitious,3548.9190280918388,0.708696913438936,24.143935480926014,0.00015380933910663625,11.212
USA,United States,2031,2020,baseline,4455.934549305131,0.708696913438936,31.5685062176686,0.00015073315232450352,11.212
USA,United States,2031,2020,ndc,0.0,0.708696913438936,-0.815911702925729,0.00015073315232450352,11.212
USA,United States,2031,2020,ambitious,3504.2703854581223,0.708696913438936,26.939508952945204,0.00015073315232450352,11.212
USA,United States,2032,2020,baseline,4399.160554319825,0.7086969134389361,35.25896985854949,0.00014771848927801345,11.212
USA,United States,2032,2020,ndc,0.0,0.7086969134389361,-1.5246086163646648,0.00014771848927801345,11.212
USA,United States,2032,2020,ambitious,3459.6217428244054,0.7086969134389361,29.690433782330672,0.00014771848927801345,11.212
USA,United States,2033,2020,baseline,4342.231014142777,0.7086969134389361,38.89250395925333,0.00014476411949245318,11.212
USA,United States,2033,2020,ndc,0.0,0.7086969134389361,-2.2333055298036006,0.00014476411949245318,11.212
USA,United States,2033,2020,ambitious,3414.8507751423763,0.7086969134389361,32.39658764403411,0.00014476411949245318,11.212
USA,United States,2034,2020,baseline,4285.457019157471,0.708696913438936,42.46926406497187,0.00014186883710260413,11.212
USA,United States,2034,2020,ndc,0.0,0.708696913438936,-2.9420024432425365,0.00014186883710260413,11.212
USA,United States,2034,2020,ambitious,3370.20213250866,0.708696913438936,35.05809286310384,0.00014186883710260413,11.212
USA,United States,2035,2020,baseline,4228.683024172165,0.7086969134389361,45.98925017570509,0.00013903146036055202,11.212
USA,United States,2035,2020,ndc,0.0,0.7086969134389361,-3.650699356681473,0.00013903146036055202,11.212
USA,United States,2035,2020,ambitious,3325.553489874943,0.7086969134389361,37.67494943953984,0.00013903146036055202,11.212
USA,United States,2036,2020,baseline,4171.909029186858,0.708696913438936,49.45246229145301,0.00013625083115334098,11.212
USA,United States,2036,2020,ndc,0.0,0.708696913438936,-4.35939627012041,0.00013625083115334098,11.212
USA,United States,2036,2020,ambitious,3280.9048472412255,0.708696913438936,40.24715737334213,0.00013625083115334098,11.212
USA,United States,2037,2020,baseline,4114.97948900981,0.7086969134389361,52.85874486702389,0.00013352581453027415,11.212
USA,United States,2037,2020,ndc,0.0,0.7086969134389361,-5.068093183559347,0.00013352581453027415,11.212
USA,United States,2037,2020,ambitious,3236.1338795591964,0.7086969134389361,42.77459433946239,0.00013352581453027415,11.212
USA,United States,2038,2020,baseline,4058.2054940245034,0.7086969134389361,56.20825344760945,0.00013085529823966867,11.212
USA,United States,2038,2020,ndc,0.0,0.7086969134389361,-5.776790096998283,0.00013085529823966867,11.212
USA,United States,2038,2020,ambitious,3191.4852369254795,0.7086969134389361,45.25738266294893,0.00013085529823966867,11.212
USA,United States,2039,2020,baseline,4001.4314990391977,0.7086969134389359,59.500988033209715,0.0001282381922748753,11.212
USA,United States,2039,2020,ndc,0.0,0.7086969134389359,-6.48548701043722,0.0001282381922748753,11.212
USA,United States,2039,2020,ambitious,3146.836594291763,0.7086969134389359,47.695522343801755,0.0001282381922748753,11.212
USA,United States,2040,2020,baseline,3944.657504053891,0.7086969134389361,62.736948623824674,0.00012567342842937778,11.212
USA,United States,2040,2020,ndc,0.0,0.7086969134389361,-7.194183923876157,0.00012567342842937778,11.212
USA,United States,2040,2020,ambitious,3102.1879516580457,0.7086969134389361,50.089013382020866,0.00012567342842937778,11.212
USA,United States,2041,2020,baseline,3887.727963876843,0.7086969134389359,65.91597967426257,0.00012315995986079023,11.212
USA,United States,2041,2020,ndc,0.0,0.7086969134389359,-7.902880837315093,0.00012315995986079023,11.212
USA,United States,2041,2020,ambitious,3057.416983976017,0.7086969134389359,52.43773345255794,0.00012315995986079023,11.212
USA,United States,2042,2020,baseline,3830.953968891537,0.708696913438936,69.03823672971518,0.00012069676066357442,11.212
USA,United States,2042,2020,ndc,0.0,0.708696913438936,-8.61157775075403,0.00012069676066357442,11.212
USA,United States,2042,2020,ambitious,3012.7683413423,0.708696913438936,54.7418048804613,0.00012069676066357442,11.212
USA,United States,2043,2020,baseline,3774.17997390623,0.708696913438936,72.10371979018247,0.00011828282545030294,11.212
USA,United States,2043,2020,ndc,0.0,0.708696913438936,-9.320274664192967,0.00011828282545030294,11.212
USA,United States,2043,2020,ambitious,2968.1196987085827,0.708696913438936,57.00122766573094,0.00011828282545030294,11.212
USA,United States,2044,2020,baseline,3717.4059789209236,0.708696913438936,75.11242885566446,0.00011591716894129686,11.212
USA,United States,2044,2020,ndc,0.0,0.708696913438936,-10.028971577631904,0.00011591716894129686,11.212
USA,United States,2044,2020,ambitious,2923.471056074866,0.708696913438936,59.21600180836686,0.00011591716894129686,11.212
USA,United States,2045,2020,baseline,3660.4764387438768,0.708696913438936,78.06420838096939,0.00011359882556247093,11.212
USA,United States,2045,2020,ndc,0.0,0.708696913438936,-10.73766849107084,0.00011359882556247093,11.212
USA,United States,2045,2020,ambitious,2878.7000883928376,0.708696913438936,61.38600498332076,0.00011359882556247093,11.212
USA,United States,2046,2020,baseline,3603.7024437585696,0.708696913438936,80.95921391128901,0.00011132684905122151,11.212
USA,United States,2046,2020,ndc,0.0,0.708696913438936,-11.446365404509777,0.00011132684905122151,11.212
USA,United States,2046,2020,ambitious,2834.05144575912,0.708696913438936,63.51135951564093,0.00011132684905122151,11.212
USA,United States,2047,2020,baseline,3546.9284487732634,0.708696913438936,83.79744544662334,0.00010910031207019709,11.212
USA,United States,2047,2020,ndc,0.0,0.708696913438936,-12.155062317948712,0.00010910031207019709,11.212
USA,United States,2047,2020,ambitious,2789.4028031254034,0.708696913438936,65.5920654053274,0.00010910031207019709,11.212
USA,United States,2048,2020,baseline,3490.1544537879568,0.708696913438936,86.57890298697235,0.00010691830582879314,11.212
USA,United States,2048,2020,ndc,0.0,0.708696913438936,-12.863759231387647,0.00010691830582879314,11.212
USA,United States,2048,2020,ambitious,2744.754160491686,0.708696913438936,67.62812265238014,0.00010691830582879314,11.212
USA,United States,2049,2020,baseline,3433.224913610909,0.708696913438936,89.30343098714434,0.00010477993971221728,11.212
USA,United States,2049,2020,ndc,0.0,0.708696913438936,-13.572456144826582,0.00010477993971221728,11.212
USA,United States,2049,2020,ambitious,2699.983192809657,0.708696913438936,69.61940893175087,0.00010477993971221728,11.212
USA,United States,2050,2020,baseline,3376.4509186256028,0.708696913438936,91.971184992331,0.00010268434091797292,11.212
USA,United States,2050,2020,ndc,0.0,0.708696913438936,-14.281153058265517,0.00010268434091797292,11.212
USA,United States,2050,2020,ambitious,2655.3345501759404,0.708696913438936,71.56604656848786,0.00010268434091797292,11.212
UZB,Uzbekistan,2024,2050,baseline,125.22534085769253,0.07501844562928343,0.050206895228409085,0.00119125488440889,3.104
UZB,Uzbekistan,2024,2050,ndc,125.22534085769253,0.07501844562928343,0.050206895228409085,0.00119125488440889,3.104
UZB,Uzbekistan,2024,2050,ambitious,125.22534085769253,0.07501844562928343,0.050206895228409085,0.00119125488440889,3.104
UZB,Uzbekistan,2025,2050,baseline,127.77834959251095,0.07501844562928343,0.10296679919163657,0.0011674297867207122,3.104
UZB,Uzbekistan,2025,2050,ndc,120.40898159393512,0.07501844562928343,0.09559743119306077,0.0011674297867207122,3.104
UZB,Uzbekistan,2025,2050,ambitious,123.65646734887633,0.07501844562928343,0.09884491694800199,0.0011674297867207122,3.104
UZB,Uzbekistan,2026,2050,baseline,130.3243828936277,0.07501844562928343,0.15827273645598083,0.0011440811909862979,3.104
UZB,Uzbekistan,2026,2050,ndc,115.59262233017773,0.07501844562928343,0.1361716078939551,0.0011440811909862979,3.104
UZB,Uzbekistan,2026,2050,ambitious,122.17910896523608,0.07501844562928343,0.14600558028395466,0.0011440811909862979,3.104
UZB,Uzbekistan,2027,2050,baseline,132.87041619474442,0.07501844562928343,0.21612470702144188,0.001121199567166572,3.104
UZB,Uzbekistan,2027,2050,ndc,110.77626306642031,0.07501844562928343,0.17192942533109196,0.001121199567166572,3.104
UZB,Uzbekistan,2027,2050,ambitious,120.79128745330534,0.07501844562928343,0.19177842210797658,0.001121199567166572,3.104
UZB,Uzbekistan,2028,2050,baseline,135.4164494958612,0.07501844562928342,0.2765227108880196,0.0010987755758232404,3.104
UZB,Uzbekistan,2028,2050,ndc,105.95990380266291,0.07501844562928342,0.20287088350447147,0.0010987755758232404,3.104
UZB,Uzbekistan,2028,2050,ambitious,119.48510250087682,0.07501844562928342,0.23624507897956992,0.0010987755758232404,3.104
UZB,Uzbekistan,2029,2050,baseline,137.9694582306796,0.07501844562928343,0.3394737234894158,0.0010768000643067758,3.104
UZB,Uzbekistan,2029,2050,ndc,101.1435445389055,0.07501844562928343,0.22899598241409352,0.0010768000643067758,3.104
UZB,Uzbekistan,2029,2050,ambitious,118.25953563173952,0.07501844562928343,0.279486168982026,0.0010768000643067758,3.104
UZB,Uzbekistan,2030,2050,baseline,140.51549153179639,0.07501844562928342,0.40497076939192866,0.0010552640630206401,3.104
UZB,Uzbekistan,2030,2050,ndc,96.3271852751481,0.07501844562928342,0.25030472205995813,0.0010552640630206401,3.104
UZB,Uzbekistan,2030,2050,ambitious,117.09624294945104,0.07501844562928342,0.32156396630219364,0.0010552640630206401,3.104
UZB,Uzbekistan,2031,2050,baseline,143.06152483291308,0.07501844562928342,0.4730138485955583,0.0010341587817602274,3.104
UZB,Uzbekistan,2031,2050,ndc,91.5108260113907,0.07501844562928342,0.26679710244206545,0.0010341587817602274,3.104
UZB,Uzbekistan,2031,2050,ambitious,119.21793736716221,0.07501844562928342,0.3657634580400725,0.0010341587817602274,3.104
UZB,Uzbekistan,2032,2050,baseline,145.60755813402986,0.07501844562928343,0.5436029611003048,0.0010134756061250228,3.104
UZB,Uzbekistan,2032,2050,ndc,86.69446674763329,0.07501844562928343,0.2784731235604153,0.0010134756061250228,3.104
UZB,Uzbekistan,2032,2050,ambitious,121.33963178487345,0.07501844562928343,0.4120846441956625,0.0010134756061250228,3.104
UZB,Uzbekistan,2033,2050,baseline,148.16056686884832,0.07501844562928342,0.6167450823398698,0.0009932060940025223,3.104
UZB,Uzbekistan,2033,2050,ndc,81.87810748387588,0.07501844562928342,0.28533278541500773,0.0009932060940025223,3.104
UZB,Uzbekistan,2033,2050,ambitious,123.46713906400306,0.07501844562928342,0.46053333763038207,0.0009932060940025223,3.104
UZB,Uzbekistan,2034,2050,baseline,150.70660016996504,0.07501844562928343,0.6924332368805515,0.0009733419721224719,3.104
UZB,Uzbekistan,2034,2050,ndc,77.06174822011849,0.07501844562928343,0.2873760880058429,0.0009733419721224719,3.104
UZB,Uzbekistan,2034,2050,ambitious,125.58883348171426,0.07501844562928343,0.511103725482813,0.0009733419721224719,3.104
UZB,Uzbekistan,2035,2050,baseline,153.2526334710818,0.07501844562928343,0.7706674247223498,0.0009538751326800223,3.104
UZB,Uzbekistan,2035,2050,ndc,72.24538895636107,0.07501844562928343,0.28460303133292053,0.0009538751326800223,3.104
UZB,Uzbekistan,2035,2050,ambitious,127.71052789942547,0.07501844562928343,0.5637958077529551,0.0009538751326800223,3.104
UZB,Uzbekistan,2036,2050,baseline,155.79866677219852,0.07501844562928343,0.8514476458652649,0.0009347976300264219,3.104
UZB,Uzbekistan,2036,2050,ndc,67.42902969260366,0.07501844562928343,0.2770136153962408,0.0009347976300264219,3.104
UZB,Uzbekistan,2036,2050,ambitious,129.83222231713665,0.07501844562928343,0.6186095844408084,0.0009347976300264219,3.104
UZB,Uzbekistan,2037,2050,baseline,158.35167550701698,0.07501844562928343,0.9347808757429983,0.0009161016774258934,3.104
UZB,Uzbekistan,2037,2050,ndc,62.612670428846265,0.07501844562928343,0.26460784019580363,0.0009161016774258934,3.104
UZB,Uzbekistan,2037,2050,ambitious,131.95972959626627,0.07501844562928343,0.6755508684077911,0.0009161016774258934,3.104
UZB,Uzbekistan,2038,2050,baseline,160.8977088081337,0.07501844562928343,1.0206601389218486,0.0008977796438773756,3.104
UZB,Uzbekistan,2038,2050,ndc,57.796311165088866,0.07501844562928343,0.2473857057316089,0.0008977796438773756,3.104
UZB,Uzbekistan,2038,2050,ambitious,134.08142401397748,0.07501844562928343,0.734613846792485,0.0008977796438773756,3.104
UZB,Uzbekistan,2039,2050,baseline,163.44374210925045,0.07501844562928342,1.1090854354018156,0.000879824050999828,3.104
UZB,Uzbekistan,2039,2050,ndc,52.97995190133146,0.07501844562928342,0.22534721200365682,0.000879824050999828,3.104
UZB,Uzbekistan,2039,2050,ambitious,136.2031184316887,0.07501844562928342,0.7957985195948902,0.000879824050999828,3.104
UZB,Uzbekistan,2040,2050,baseline,165.9897754103672,0.07501844562928342,1.2000567651828993,0.0008622275699798315,3.104
UZB,Uzbekistan,2040,2050,ndc,48.16359263757405,0.07501844562928342,0.1984923590119474,0.0008622275699798315,3.104
UZB,Uzbekistan,2040,2050,ambitious,138.3248128493999,0.07501844562928342,0.8591048868150066,0.0008622275699798315,3.104
UZB,Uzbekistan,2041,2050,baseline,168.54278414518566,0.07501844562928343,1.2935811036988014,0.0008449830185802348,3.104
UZB,Uzbekistan,2041,2050,ndc,43.34723337381664,0.07501844562928343,0.16682114675648063,0.0008449830185802348,3.104
UZB,Uzbekistan,2041,2050,ambitious,140.45232012852952,0.07501844562928343,0.9245387613142528,0.0008449830185802348,3.104
UZB,Uzbekistan,2042,2050,baseline,171.08881744630236,0.07501844562928342,1.3896514755158202,0.00082808335820863,3.104
UZB,Uzbekistan,2042,2050,ndc,38.530874110059244,0.07501844562928342,0.1303335752372563,0.00082808335820863,3.104
UZB,Uzbekistan,2042,2050,ambitious,142.57401454624068,0.07501844562928342,0.9920943302312102,0.00082808335820863,3.104
UZB,Uzbekistan,2043,2050,baseline,173.63485074741914,0.07501844562928342,1.4882678806339558,0.0008115216910444575,3.104
UZB,Uzbekistan,2043,2050,ndc,33.71451484630184,0.07501844562928342,0.08902964445427464,0.0008115216910444575,3.104
UZB,Uzbekistan,2043,2050,ambitious,144.69570896395192,0.07501844562928342,1.0617715935658787,0.0008115216910444575,3.104
UZB,Uzbekistan,2044,2050,baseline,176.18088404853586,0.07501844562928342,1.589430319053208,0.0007952912572235682,3.104
UZB,Uzbekistan,2044,2050,ndc,28.898155582544426,0.07501844562928342,0.04290935440753563,0.0007952912572235682,3.104
UZB,Uzbekistan,2044,2050,ambitious,146.81740338166313,0.07501844562928342,1.1335705513182583,0.0007952912572235682,3.104
UZB,Uzbekistan,2045,2050,baseline,178.7338927833543,0.07501844562928342,1.6931457662072786,0.0007793854320790968,3.104
UZB,Uzbekistan,2045,2050,ndc,24.081796318787024,0.07501844562928342,-0.008027294902960946,0.0007793854320790968,3.104
UZB,Uzbekistan,2045,2050,ambitious,148.94491066079271,0.07501844562928342,1.2074970163497676,0.0007793854320790968,3.104
UZB,Uzbekistan,2046,2050,baseline,181.27992608447104,0.07501844562928343,1.799407246662466,0.0007637977234375151,3.104
UZB,Uzbekistan,2046,2050,ndc,19.265437055029622,0.07501844562928343,-0.06378030347721486,0.0007637977234375151,3.104
UZB,Uzbekistan,2046,2050,ambitious,151.06660507850393,0.07501844562928343,1.283545175798988,0.0007637977234375151,3.104
UZB,Uzbekistan,2047,2050,baseline,183.8259593855878,0.07501844562928343,1.9082147604187705,0.0007485217689687648,3.104
UZB,Uzbekistan,2047,2050,ndc,14.449077791272218,0.07501844562928343,-0.12434967131522612,0.0007485217689687648,3.104
UZB,Uzbekistan,2047,2050,ambitious,153.18829949621514,0.07501844562928343,1.3617150296659195,0.0007485217689687648,3.104
UZB,Uzbekistan,2048,2050,baseline,186.37199268670452,0.07501844562928343,2.0195683074761916,0.0007335513335893893,3.104
UZB,Uzbekistan,2048,2050,ndc,9.632718527514804,0.07501844562928343,-0.18973539841699472,0.0007335513335893893,3.104
UZB,Uzbekistan,2048,2050,ambitious,155.30999391392635,0.07501844562928343,1.4420065779505622,0.0007335513335893893,3.104
UZB,Uzbekistan,2049,2050,baseline,188.92500142152298,0.07501844562928343,2.1334748632684315,0.0007188803069176016,3.104
UZB,Uzbekistan,2049,2050,ndc,4.816359263757402,0.07501844562928343,-0.2599374847825209,0.0007188803069176016,3.104
UZB,Uzbekistan,2049,2050,ambitious,157.43750119305597,0.07501844562928343,1.5244256335143345,0.0007188803069176016,3.104
UZB,Uzbekistan,2050,2050,baseline,191.4710347226397,0.07501844562928342,2.2499274523617876,0.0007045027007792495,3.104
UZB,Uzbekistan,2050,2050,ndc,0.0,0.07501844562928342,-0.3349559304118044,0.0007045027007792495,3.104
UZB,Uzbekistan,2050,2050,ambitious,159.55919561076715,0.07501844562928342,1.6089663834958179,0.0007045027007792495,3.104
VEN,"Venezuela, RB",2024,2050,baseline,61.20432609114189,0.05954975303733607,0.0016545730538058204,0.00020229239117693199,25.759
VEN,"Venezuela, RB",2024,2050,ndc,61.20432609114189,0.05954975303733607,0.0016545730538058204,0.00020229239117693199,25.759
VEN,"Venezuela, RB",2024,2050,ambitious,61.20432609114189,0.05954975303733607,0.0016545730538058204,0.00020229239117693199,25.759
VEN,"Venezuela, RB",2025,2050,baseline,50.43902661572118,0.05954975303733608,-0.007456153367809082,0.00019824654335339332,25.759
VEN,"Venezuela, RB",2025,2050,ndc,58.85031354917489,0.05954975303733608,0.0009551335656446391,0.00019824654335339332,25.759
VEN,"Venezuela, RB",2025,2050,ambitious,48.2586802531664,0.05954975303733608,-0.00963649973036386,0.00019824654335339332,25.759
VEN,"Venezuela, RB",2026,2050,baseline,39.70314052684522,0.05954975303733608,-0.02730276587829994,0.00019428161248632547,25.759
VEN,"Venezuela, RB",2026,2050,ndc,56.4963010072079,0.05954975303733608,-0.0020983184644835506,0.00019428161248632547,25.759
VEN,"Venezuela, RB",2026,2050,ambitious,36.412846738454874,0.05954975303733608,-0.032773406029245084,0.00019428161248632547,25.759
VEN,"Venezuela, RB",2027,2050,baseline,28.967254437969295,0.05954975303733607,-0.057885264477666704,0.00019039598023659894,25.759
VEN,"Venezuela, RB",2027,2050,ndc,54.142288465240895,0.05954975303733607,-0.007505783036578728,0.00019039598023659894,25.759
VEN,"Venezuela, RB",2027,2050,ambitious,25.509646519165628,0.05954975303733607,-0.06681351254741552,0.00019039598023659894,25.759
VEN,"Venezuela, RB",2028,2050,baseline,18.23136834909346,0.05954975303733607,-0.09920364916590929,0.00018658806063186697,25.759
VEN,"Venezuela, RB",2028,2050,ndc,51.7882759232739,0.05954975303733607,-0.015267260150640893,0.00018658806063186697,25.759
VEN,"Venezuela, RB",2028,2050,ambitious,15.440869800266388,0.05954975303733607,-0.1109223957844852,0.00018658806063186697,25.759
VEN,"Venezuela, RB",2029,2050,baseline,7.466068873672622,0.05954975303733608,-0.15128733332957273,0.00018285629941922963,25.759
VEN,"Venezuela, RB",2029,2050,ndc,49.43426338130691,0.05954975303733608,-0.025382749806670046,0.00018285629941922963,25.759
VEN,"Venezuela, RB",2029,2050,ambitious,6.090265735828404,0.05954975303733608,-0.16438188308599286,0.00018285629941922963,25.759
VEN,"Venezuela, RB",2030,2050,baseline,0.0,0.05954975303733607,-0.2108370863669088,0.00017919917343084505,25.759
VEN,"Venezuela, RB",2030,2050,ndc,47.08025083933991,0.05954975303733607,-0.03785225200466619,0.00017919917343084505,25.759
VEN,"Venezuela, RB",2030,2050,ambitious,0.0,0.05954975303733607,-0.22393163612332892,0.00017919917343084505,25.759
VEN,"Venezuela, RB",2031,2050,baseline,0.0,0.05954975303733607,-0.27038683940424485,0.00017561518996222814,25.759
VEN,"Venezuela, RB",2031,2050,ndc,44.72623829737292,0.05954975303733607,-0.052675766744629315,0.00017561518996222814,25.759
VEN,"Venezuela, RB",2031,2050,ambitious,0.0,0.05954975303733607,-0.283481389160665,0.00017561518996222814,25.759
VEN,"Venezuela, RB",2032,2050,baseline,0.0,0.05954975303733608,-0.3299365924415809,0.00017210288616298358,25.759
VEN,"Venezuela, RB",2032,2050,ndc,42.37222575540592,0.05954975303733608,-0.06985329402655943,0.00017210288616298358,25.759
VEN,"Venezuela, RB",2032,2050,ambitious,0.0,0.05954975303733608,-0.343031142198001,0.00017210288616298358,25.759
VEN,"Venezuela, RB",2033,2050,baseline,0.0,0.05954975303733608,-0.38948634547891703,0.00016866082843972389,25.759
VEN,"Venezuela, RB",2033,2050,ndc,40.018213213438926,0.05954975303733608,-0.08938483385045659,0.00016866082843972389,25.759
VEN,"Venezuela, RB",2033,2050,ambitious,0.0,0.05954975303733608,-0.40258089523533713,0.00016866082843972389,25.759
VEN,"Venezuela, RB",2034,2050,baseline,0.0,0.05954975303733607,-0.44903609851625315,0.00016528761187092943,25.759
VEN,"Venezuela, RB",2034,2050,ndc,37.66420067147193,0.05954975303733607,-0.1112703862163208,0.00016528761187092943,25.759
VEN,"Venezuela, RB",2034,2050,ambitious,0.0,0.05954975303733607,-0.46213064827267325,0.00016528761187092943,25.759
VEN,"Venezuela, RB",2035,2050,baseline,0.0,0.05954975303733608,-0.5085858515535893,0.0001619818596335108,25.759
VEN,"Venezuela, RB",2035,2050,ndc,35.31018812950493,0.05954975303733608,-0.13550995112415198,0.0001619818596335108,25.759
VEN,"Venezuela, RB",2035,2050,ambitious,0.0,0.05954975303733608,-0.5216804013100094,0.0001619818596335108,25.759
VEN,"Venezuela, RB",2036,2050,baseline,0.0,0.05954975303733608,-0.5681356045909254,0.0001587422224408406,25.759
VEN,"Venezuela, RB",2036,2050,ndc,32.956175587537935,0.05954975303733608,-0.16210352857395016,0.0001587422224408406,25.759
VEN,"Venezuela, RB",2036,2050,ambitious,0.0,0.05954975303733608,-0.5812301543473455,0.0001587422224408406,25.759
VEN,"Venezuela, RB",2037,2050,baseline,0.0,0.05954975303733608,-0.6276853576282615,0.00015556737799202379,25.759
VEN,"Venezuela, RB",2037,2050,ndc,30.602163045570943,0.05954975303733608,-0.19105111856571533,0.00015556737799202379,25.759
VEN,"Venezuela, RB",2037,2050,ambitious,0.0,0.05954975303733608,-0.6407799073846816,0.00015556737799202379,25.759
VEN,"Venezuela, RB",2038,2050,baseline,0.0,0.05954975303733608,-0.6872351106655976,0.0001524560304321833,25.759
VEN,"Venezuela, RB",2038,2050,ndc,28.24815050360395,0.05954975303733608,-0.22235272109944748,0.0001524560304321833,25.759
VEN,"Venezuela, RB",2038,2050,ambitious,0.0,0.05954975303733608,-0.7003296604220177,0.0001524560304321833,25.759
VEN,"Venezuela, RB",2039,2050,baseline,0.0,0.05954975303733608,-0.7467848637029337,0.00014940690982353963,25.759
VEN,"Venezuela, RB",2039,2050,ndc,25.894137961636954,0.05954975303733608,-0.2560083361751466,0.00014940690982353963,25.759
VEN,"Venezuela, RB",2039,2050,ambitious,0.0,0.05954975303733608,-0.7598794134593538,0.00014940690982353963,25.759
VEN,"Venezuela, RB",2040,2050,baseline,0.0,0.05954975303733608,-0.8063346167402698,0.00014641877162706885,25.759
VEN,"Venezuela, RB",2040,2050,ndc,23.540125419669955,0.05954975303733608,-0.29201796379281275,0.00014641877162706885,25.759
VEN,"Venezuela, RB",2040,2050,ambitious,0.0,0.05954975303733608,-0.81942916649669,0.00014641877162706885,25.759
VEN,"Venezuela, RB",2041,2050,baseline,0.0,0.05954975303733607,-0.865884369777606,0.00014349039619452746,25.759
VEN,"Venezuela, RB",2041,2050,ndc,21.18611287770296,0.05954975303733607,-0.33038160395244587,0.00014349039619452746,25.759
VEN,"Venezuela, RB",2041,2050,ambitious,0.0,0.05954975303733607,-0.8789789195340261,0.00014349039619452746,25.759
VEN,"Venezuela, RB",2042,2050,baseline,0.0,0.05954975303733608,-0.9254341228149421,0.0001406205882706369,25.759
VEN,"Venezuela, RB",2042,2050,ndc,18.832100335735966,0.05954975303733608,-0.371099256654046,0.0001406205882706369,25.759
VEN,"Venezuela, RB",2042,2050,ambitious,0.0,0.05954975303733608,-0.9385286725713622,0.0001406205882706369,25.759
VEN,"Venezuela, RB",2043,2050,baseline,0.0,0.05954975303733608,-0.9849838758522782,0.00013780817650522418,25.759
VEN,"Venezuela, RB",2043,2050,ndc,16.47808779376897,0.05954975303733608,-0.41417092189761306,0.00013780817650522418,25.759
VEN,"Venezuela, RB",2043,2050,ambitious,0.0,0.05954975303733608,-0.9980784256086983,0.00013780817650522418,25.759
VEN,"Venezuela, RB",2044,2050,baseline,0.0,0.05954975303733607,-1.0445336288896143,0.00013505201297511968,25.759
VEN,"Venezuela, RB",2044,2050,ndc,14.12407525180197,0.05954975303733607,-0.45959659968314726,0.00013505201297511968,25.759
VEN,"Venezuela, RB",2044,2050,ambitious,0.0,0.05954975303733607,-1.0576281786460344,0.00013505201297511968,25.759
VEN,"Venezuela, RB",2045,2050,baseline,0.0,0.05954975303733607,-1.1040833819269504,0.00013235097271561727,25.759
VEN,"Venezuela, RB",2045,2050,ndc,11.770062709834978,0.05954975303733607,-0.5073762900106484,0.00013235097271561727,25.759
VEN,"Venezuela, RB",2045,2050,ambitious,0.0,0.05954975303733607,-1.1171779316833705,0.00013235097271561727,25.759
VEN,"Venezuela, RB",2046,2050,baseline,0.0,0.05954975303733608,-1.1636331349642866,0.00012970395326130494,25.759
VEN,"Venezuela, RB",2046,2050,ndc,9.416050167867983,0.05954975303733608,-0.5575099928801166,0.00012970395326130494,25.759
VEN,"Venezuela, RB",2046,2050,ambitious,0.0,0.05954975303733608,-1.1767276847207067,0.00012970395326130494,25.759
VEN,"Venezuela, RB",2047,2050,baseline,0.0,0.05954975303733608,-1.2231828880016227,0.00012710987419607884,25.759
VEN,"Venezuela, RB",2047,2050,ndc,7.062037625900989,0.05954975303733608,-0.6099977082915518,0.00012710987419607884,25.759
VEN,"Venezuela, RB",2047,2050,ambitious,0.0,0.05954975303733608,-1.2362774377580428,0.00012710987419607884,25.759
VEN,"Venezuela, RB",2048,2050,baseline,0.0,0.05954975303733608,-1.2827326410389588,0.00012456767671215727,25.759
VEN,"Venezuela, RB",2048,2050,ndc,4.708025083933988,0.05954975303733608,-0.6648394362449539,0.00012456767671215727,25.759
VEN,"Venezuela, RB",2048,2050,ambitious,0.0,0.05954975303733608,-1.295827190795379,0.00012456767671215727,25.759
VEN,"Venezuela, RB",2049,2050,baseline,0.0,0.05954975303733607,-1.342282394076295,0.00012207632317791413,25.759
VEN,"Venezuela, RB",2049,2050,ndc,2.354012541966994,0.05954975303733607,-0.722035176740323,0.00012207632317791413,25.759
VEN,"Venezuela, RB",2049,2050,ambitious,0.0,0.05954975303733607,-1.355376943832715,0.00012207632317791413,25.759
VEN,"Venezuela, RB",2050,2050,baseline,0.0,0.05954975303733607,-1.401832147113631,0.00011963479671435582,25.759
VEN,"Venezuela, RB",2050,2050,ndc,0.0,0.05954975303733607,-0.7815849297776591,0.00011963479671435582,25.759
VEN,"Venezuela, RB",2050,2050,ambitious,0.0,0.05954975303733607,-1.4149266968700511,0.00011963479671435582,25.759
VNM,Viet Nam,2024,2050,baseline,373.8027002784862,0.2111578770858057,0.16264482319268053,0.000756080839592134,21.388
VNM,Viet Nam,2024,2050,ndc,373.8027002784862,0.2111578770858057,0.16264482319268053,0.000756080839592134,21.388
VNM,Viet Nam,2024,2050,ambitious,373.8027002784862,0.2111578770858057,0.16264482319268053,0.000756080839592134,21.388
VNM,Viet Nam,2025,2050,baseline,392.25092487483795,0.21115787708580575,0.34373787098171277,0.0007409592228002913,21.388
VNM,Viet Nam,2025,2050,ndc,359.4256733446983,0.21115787708580575,0.31091261945157306,0.0007409592228002913,21.388
VNM,Viet Nam,2025,2050,ambitious,367.1787741337317,0.21115787708580575,0.3186657202406064,0.0007409592228002913,21.388
VNM,Viet Nam,2026,2050,baseline,410.6487444859539,0.21115787708580575,0.5432287383818608,0.0007261400383442854,21.388
VNM,Viet Nam,2026,2050,ndc,345.04864641091035,0.21115787708580575,0.4448033887766776,0.0007261400383442854,21.388
VNM,Viet Nam,2026,2050,ambitious,361.3064108122082,0.21115787708580575,0.4688142539670088,0.0007261400383442854,21.388
VNM,Viet Nam,2027,2050,baseline,429.0465640970698,0.21115787708580575,0.7611174253931248,0.0007116172375773997,21.388
VNM,Viet Nam,2027,2050,ndc,330.6716194771224,0.21115787708580575,0.5643171311679942,0.0007116172375773997,21.388
VNM,Viet Nam,2027,2050,ambitious,356.09966397853054,0.21115787708580575,0.6137560408597336,0.0007116172375773997,21.388
VNM,Viet Nam,2028,2050,baseline,447.4443837081857,0.21115787708580575,0.9974039320155048,0.0006973848928258518,21.388
VNM,Viet Nam,2028,2050,ndc,316.2945925433345,0.21115787708580575,0.6694538466255229,0.0006973848928258518,21.388
VNM,Viet Nam,2028,2050,ambitious,351.45143458534295,0.21115787708580575,0.7540495983592708,0.0006973848928258518,21.388
VNM,Viet Nam,2029,2050,baseline,465.8926083045375,0.21115787708580575,1.2521386632342366,0.0006834371949693347,21.388
VNM,Viet Nam,2029,2050,ndc,301.91756560954656,0.21115787708580575,0.7602135351492636,0.0006834371949693347,21.388
VNM,Viet Nam,2029,2050,ambitious,347.31400654416734,0.21115787708580575,0.8902057278176321,0.0006834371949693347,21.388
VNM,Viet Nam,2030,2050,baseline,484.2904279156534,0.21115787708580575,1.525271214064084,0.000669768451069948,21.388
VNM,Viet Nam,2030,2050,ndc,287.5405386757586,0.21115787708580575,0.8365961967392164,0.000669768451069948,21.388
VNM,Viet Nam,2030,2050,ambitious,343.5416413603191,0.21115787708580575,1.0225894920921454,0.000669768451069948,21.388
VNM,Viet Nam,2031,2050,baseline,502.68824752676915,0.21115787708580575,1.8168015845050471,0.0006563730820485491,21.388
VNM,Viet Nam,2031,2050,ndc,273.1635117419707,0.21115787708580575,0.8986018313953814,0.0006563730820485491,21.388
VNM,Viet Nam,2031,2050,ambitious,356.59252319140614,0.21115787708580575,1.1680241381977459,0.0006563730820485491,21.388
VNM,Viet Nam,2032,2050,baseline,521.086067137885,0.21115787708580575,2.126729774557126,0.000643245620407578,21.388
VNM,Viet Nam,2032,2050,ndc,258.78648480818276,0.21115787708580575,0.9462304391177583,0.000643245620407578,21.388
VNM,Viet Nam,2032,2050,ambitious,369.64340502249325,0.21115787708580575,1.3265096661344333,0.000643245620407578,21.388
VNM,Viet Nam,2033,2050,baseline,539.5342917342371,0.21115787708580575,2.455106189205558,0.0006303807079994264,21.388
VNM,Viet Nam,2033,2050,ndc,244.40945787439483,0.21115787708580575,0.9794820199063476,0.0006303807079994264,21.388
VNM,Viet Nam,2033,2050,ambitious,382.73004269421364,0.21115787708580575,1.4980818317428413,0.0006303807079994264,21.388
VNM,Viet Nam,2034,2050,baseline,557.9321113453527,0.21115787708580575,2.801880423465105,0.0006177730938394379,21.388
VNM,Viet Nam,2034,2050,ndc,230.0324309406069,0.21115787708580575,0.9983565737611486,0.0006177730938394379,21.388
VNM,Viet Nam,2034,2050,ambitious,395.78092452530063,0.21115787708580575,1.6827048791823365,0.0006177730938394379,21.388
VNM,Viet Nam,2035,2050,baseline,576.3299309564687,0.21115787708580575,3.167052477335768,0.0006054176319626491,21.388
VNM,Viet Nam,2035,2050,ndc,215.65540400681894,0.21115787708580575,1.0028541006821619,0.0006054176319626491,21.388
VNM,Viet Nam,2035,2050,ambitious,408.83180635638786,0.21115787708580575,1.8803788084529187,0.0006054176319626491,21.388
VNM,Viet Nam,2036,2050,baseline,594.7277505675846,0.21115787708580575,3.5506223508175467,0.0005933092793233961,21.388
VNM,Viet Nam,2036,2050,ndc,201.27837707303104,0.21115787708580575,0.9929746006693869,0.0005933092793233961,21.388
VNM,Viet Nam,2036,2050,ambitious,421.882688187475,0.21115787708580575,2.091103619554588,0.0005933092793233961,21.388
VNM,Viet Nam,2037,2050,baseline,613.1759751639364,0.21115787708580575,3.9526404488956772,0.0005814430937369282,21.388
VNM,Viet Nam,2037,2050,ndc,186.9013501392431,0.21115787708580575,0.9687180737228243,0.0005814430937369282,21.388
VNM,Viet Nam,2037,2050,ambitious,434.96932585919524,0.21115787708580575,2.3149150683279776,0.0005814430937369282,21.388
VNM,Viet Nam,2038,2050,baseline,631.5737947750523,0.21115787708580575,4.373056366584924,0.0005698142318621897,21.388
VNM,Viet Nam,2038,2050,ndc,172.52432320545518,0.21115787708580575,0.9300845198424734,0.0005698142318621897,21.388
VNM,Viet Nam,2038,2050,ambitious,448.0202076902824,0.21115787708580575,2.551777398932454,0.0005698142318621897,21.388
VNM,Viet Nam,2039,2050,baseline,649.9716143861681,0.21115787708580575,4.811870103885285,0.0005584179472249458,21.388
VNM,Viet Nam,2039,2050,ndc,158.14729627166727,0.21115787708580575,0.8770739390283349,0.0005584179472249458,21.388
VNM,Viet Nam,2039,2050,ambitious,461.07108952136946,0.21115787708580575,2.801690611368018,0.0005584179472249458,21.388
VNM,Viet Nam,2040,2050,baseline,668.3694339972841,0.2111578770858057,5.269081660796765,0.0005472495882804469,21.388
VNM,Viet Nam,2040,2050,ndc,143.7702693378793,0.2111578770858057,0.8096863312804081,0.0005472495882804469,21.388
VNM,Viet Nam,2040,2050,ambitious,474.1219713524567,0.2111578770858057,3.0646547056346685,0.0005472495882804469,21.388
VNM,Viet Nam,2041,2050,baseline,686.8176585936359,0.2111578770858057,5.744741442304594,0.0005363045965148379,21.388
VNM,Viet Nam,2041,2050,ndc,129.39324240409138,0.2111578770858057,0.7279216965986941,0.0005363045965148379,21.388
VNM,Viet Nam,2041,2050,ambitious,487.20860902417695,0.2111578770858057,3.3407054375730394,0.0005363045965148379,21.388
VNM,Viet Nam,2042,2050,baseline,705.2154782047517,0.21115787708580575,6.2387990434235405,0.0005255785045845412,21.388
VNM,Viet Nam,2042,2050,ndc,115.01621547030345,0.21115787708580575,0.6317800349831924,0.0005255785045845412,21.388
VNM,Viet Nam,2042,2050,ambitious,500.259490855264,0.21115787708580575,3.629807051342498,0.0005255785045845412,21.388
VNM,Viet Nam,2043,2050,baseline,723.6132978158676,0.21115787708580575,6.751254464153603,0.0005150669344928504,21.388
VNM,Viet Nam,2043,2050,ndc,100.63918853651553,0.21115787708580575,0.521261346433902,0.0005150669344928504,21.388
VNM,Viet Nam,2043,2050,ambitious,513.3103726863511,0.21115787708580575,3.9319595469430437,0.0005150669344928504,21.388
VNM,Viet Nam,2044,2050,baseline,742.0111174269834,0.2111578770858057,7.282107704494781,0.0005047655958029933,21.388
VNM,Viet Nam,2044,2050,ndc,86.26216160272757,0.2111578770858057,0.39636563095082344,0.0005047655958029933,21.388
VNM,Viet Nam,2044,2050,ambitious,526.3612545174383,0.2111578770858057,4.247162924374676,0.0005047655958029933,21.388
VNM,Viet Nam,2045,2050,baseline,760.4593420233352,0.21115787708580575,7.83140916943231,0.0004946702838869334,21.388
VNM,Viet Nam,2045,2050,ndc,71.88513466893966,0.21115787708580575,0.2570928885339576,0.0004946702838869334,21.388
VNM,Viet Nam,2045,2050,ambitious,539.4478921891586,0.21115787708580575,4.575452939478029,0.0004946702838869334,21.388
VNM,Viet Nam,2046,2050,baseline,778.8571616344511,0.21115787708580575,8.399108453980956,0.0004847768782091948,21.388
VNM,Viet Nam,2046,2050,ndc,57.508107735151725,0.21115787708580575,0.10344311918330362,0.0004847768782091948,21.388
VNM,Viet Nam,2046,2050,ambitious,552.4987740202457,0.21115787708580575,4.916793836412468,0.0004847768782091948,21.388
VNM,Viet Nam,2047,2050,baseline,797.2549812455671,0.21115787708580575,8.985205558140716,0.0004750813406450109,21.388
VNM,Viet Nam,2047,2050,ndc,43.13108080136381,0.21115787708580575,-0.06458367710113855,0.0004750813406450109,21.388
VNM,Viet Nam,2047,2050,ambitious,565.5496558513329,0.21115787708580575,5.271185615177996,0.0004750813406450109,21.388
VNM,Viet Nam,2048,2050,baseline,815.652800856683,0.21115787708580575,9.589700481911594,0.0004655797138321107,21.388
VNM,Viet Nam,2048,2050,ndc,28.754053867575845,0.21115787708580575,-0.2469875003193689,0.0004655797138321107,21.388
VNM,Viet Nam,2048,2050,ambitious,578.60053768242,0.21115787708580575,5.638628275774609,0.0004655797138321107,21.388
VNM,Viet Nam,2049,2050,baseline,834.1010254530348,0.2111578770858057,10.212643630278823,0.00045626811955546846,21.388
VNM,Viet Nam,2049,2050,ndc,14.377026933787922,0.2111578770858057,-0.4437683504713865,0.00045626811955546846,21.388
VNM,Viet Nam,2049,2050,ambitious,591.6871753541403,0.2111578770858057,6.019157574042944,0.00045626811955546846,21.388
VNM,Viet Nam,2050,2050,baseline,852.4988450641505,0.2111578770858057,10.853984598257167,0.000447142757164359,21.388
VNM,Viet Nam,2050,2050,ndc,0.0,0.2111578770858057,-0.6549262275571923,0.000447142757164359,21.388
VNM,Viet Nam,2050,2050,ambitious,604.7380571852273,0.2111578770858057,6.4127377541423645,0.000447142757164359,21.388
ZAF,South Africa,2024,2020,baseline,403.92589746072446,0.13300947936416527,0.2709164180965592,0.001034557114125346,3.757
ZAF,South Africa,2024,2020,ndc,403.92589746072446,0.13300947936416527,0.2709164180965592,0.001034557114125346,3.757
ZAF,South Africa,2024,2020,ambitious,403.92589746072446,0.13300947936416527,0.2709164180965592,0.001034557114125346,3.757
ZAF,South Africa,2025,2020,baseline,397.7252251692123,0.1330094793641653,0.5356321639016062,0.0010138659718428391,3.757
ZAF,South Africa,2025,2020,ndc,0.0,0.1330094793641653,0.1379069387323939,0.0010138659718428391,3.757
ZAF,South Africa,2025,2020,ambitious,384.89537919931666,0.1330094793641653,0.5228023179317105,0.0010138659718428391,3.757
ZAF,South Africa,2026,2020,baseline,391.54149460527253,0.1330094793641653,0.7941641791427135,0.0009935886524059822,3.757
ZAF,South Africa,2026,2020,ndc,0.0,0.1330094793641653,0.004897459368228607,0.0009935886524059822,3.757
ZAF,South Africa,2026,2020,ambitious,367.07015119854947,0.1330094793641653,0.7568629897660947,0.0009935886524059822,3.757
ZAF,South Africa,2027,2020,baseline,385.35776404133287,0.13300947936416527,1.046512463819881,0.0009737168793578626,3.757
ZAF,South Africa,2027,2020,ndc,0.0,0.13300947936416527,-0.1281120199959367,0.0009737168793578626,3.757
ZAF,South Africa,2027,2020,ambitious,350.3252400460523,0.13300947936416527,0.9741787504479817,0.0009737168793578626,3.757
ZAF,South Africa,2028,2020,baseline,379.17403347739315,0.1330094793641653,1.292677017933109,0.0009542425417707053,3.757
ZAF,South Africa,2028,2020,ndc,0.0,0.1330094793641653,-0.261121499360102,0.0009542425417707053,3.757
ZAF,South Africa,2028,2020,ambitious,334.56532366700003,0.1330094793641653,1.1757345947508164,0.0009542425417707053,3.757
ZAF,South Africa,2029,2020,baseline,372.97336118588095,0.13300947936416527,1.5326408997548244,0.0009351576909352912,3.757
ZAF,South Africa,2029,2020,ndc,0.0,0.13300947936416527,-0.3941309787242673,0.0009351576909352912,3.757
ZAF,South Africa,2029,2020,ambitious,319.6914524571968,0.13300947936416527,1.3624165678438482,0.0009351576909352912,3.757
ZAF,South Africa,2030,2020,baseline,366.7896306219412,0.13300947936416527,1.7664210510126002,0.0009164545371165854,3.757
ZAF,South Africa,2030,2020,ndc,0.0,0.13300947936416527,-0.5271404580884326,0.0009164545371165854,3.757
ZAF,South Africa,2030,2020,ambitious,305.65802553184386,0.13300947936416527,1.5350651140115268,0.0009164545371165854,3.757
ZAF,South Africa,2031,2020,baseline,360.6059000580015,0.13300947936416527,1.9940174717064365,0.0008981254463742537,3.757
ZAF,South Africa,2031,2020,ndc,0.0,0.13300947936416527,-0.6601499374525979,0.0008981254463742537,3.757
ZAF,South Africa,2031,2020,ambitious,300.50491672833215,0.13300947936416527,1.7025605513756936,0.0008981254463742537,3.757
ZAF,South Africa,2032,2020,baseline,354.4221694940618,0.13300947936416527,2.2154301618363332,0.0008801629374467686,3.757
ZAF,South Africa,2032,2020,ndc,0.0,0.13300947936416527,-0.793159416816763,0.0008801629374467686,3.757
ZAF,South Africa,2032,2020,ambitious,295.35180792482043,0.13300947936416527,1.864902879936349,0.0008801629374467686,3.757
ZAF,South Africa,2033,2020,baseline,348.2214972025496,0.13300947936416527,2.4306421796747175,0.0008625596786978331,3.757
ZAF,South Africa,2033,2020,ndc,0.0,0.13300947936416527,-0.9261688961809282,0.0008625596786978331,3.757
ZAF,South Africa,2033,2020,ambitious,290.1845810149977,0.13300947936416527,2.0220779815871817,0.0008625596786978331,3.757
ZAF,South Africa,2034,2020,baseline,342.03776663860987,0.13300947936416527,2.639670466949162,0.0008453084851238765,3.757
ZAF,South Africa,2034,2020,ndc,0.0,0.13300947936416527,-1.0591783755450934,0.0008453084851238765,3.757
ZAF,South Africa,2034,2020,ambitious,285.031472211486,0.13300947936416527,2.1740999744345024,0.0008453084851238765,3.757
ZAF,South Africa,2035,2020,baseline,335.85403607467015,0.13300947936416527,2.842515023659667,0.000828402315421399,3.757
ZAF,South Africa,2035,2020,ndc,0.0,0.13300947936416527,-1.1921878549092586,0.000828402315421399,3.757
ZAF,South Africa,2035,2020,ambitious,279.8783634079743,0.13300947936416527,2.3209688584783117,0.000828402315421399,3.757
ZAF,South Africa,2036,2020,baseline,329.67030551073043,0.1330094793641653,3.0391758498062322,0.0008118342691129709,3.757
ZAF,South Africa,2036,2020,ndc,0.0,0.1330094793641653,-1.3251973342734238,0.0008118342691129709,3.757
ZAF,South Africa,2036,2020,ambitious,274.72525460446263,0.1330094793641653,2.462684633718609,0.0008118342691129709,3.757
ZAF,South Africa,2037,2020,baseline,323.4696332192182,0.13300947936416527,3.2296360036612857,0.0007955975837307115,3.757
ZAF,South Africa,2037,2020,ndc,0.0,0.13300947936416527,-1.458206813637589,0.0007955975837307115,3.757
ZAF,South Africa,2037,2020,ambitious,269.55802769463986,0.13300947936416527,2.5992331820490833,0.0007955975837307115,3.757
ZAF,South Africa,2038,2020,baseline,317.2859026552785,0.13300947936416527,3.413912426952399,0.0007796856320560974,3.757
ZAF,South Africa,2038,2020,ndc,0.0,0.13300947936416527,-1.5912162930017542,0.0007796856320560974,3.757
ZAF,South Africa,2038,2020,ambitious,264.4049188911282,0.13300947936416527,2.7306286215760465,0.0007796856320560974,3.757
ZAF,South Africa,2039,2020,baseline,311.1021720913388,0.13300947936416527,3.5920051196795724,0.0007640919194149753,3.757
ZAF,South Africa,2039,2020,ndc,0.0,0.13300947936416527,-1.7242257723659193,0.0007640919194149753,3.757
ZAF,South Africa,2039,2020,ambitious,259.2518100876165,0.13300947936416527,2.8568709522994977,0.0007640919194149753,3.757
ZAF,South Africa,2040,2020,baseline,304.91844152739907,0.13300947936416527,3.7639140818428065,0.0007488100810266759,3.757
ZAF,South Africa,2040,2020,ndc,0.0,0.13300947936416527,-1.8572352517300845,0.0007488100810266759,3.757
ZAF,South Africa,2040,2020,ambitious,254.09870128410478,0.13300947936416527,2.977960174219437,0.0007488100810266759,3.757
ZAF,South Africa,2041,2020,baseline,298.71776923588686,0.13300947936416527,3.9296223717145278,0.0007338338794061422,3.757
ZAF,South Africa,2041,2020,ndc,0.0,0.13300947936416527,-1.9902447310942497,0.0007338338794061422,3.757
ZAF,South Africa,2041,2020,ambitious,248.93147437428206,0.13300947936416527,3.0938821692295537,0.0007338338794061422,3.757
ZAF,South Africa,2042,2020,baseline,292.5340386719472,0.13300947936416527,4.089146931022309,0.0007191572018180194,3.757
ZAF,South Africa,2042,2020,ndc,0.0,0.13300947936416527,-2.123254210458415,0.0007191572018180194,3.757
ZAF,South Africa,2042,2020,ambitious,243.7783655707704,0.13300947936416527,3.2046510554361594,0.0007191572018180194,3.757
ZAF,South Africa,2043,2020,baseline,286.3503081080074,0.13300947936416527,4.242487759766152,0.000704774057781659,3.757
ZAF,South Africa,2043,2020,ndc,0.0,0.13300947936416527,-2.25626368982258,0.000704774057781659,3.757
ZAF,South Africa,2043,2020,ambitious,238.62525676725866,0.13300947936416527,3.310266832839253,0.000704774057781659,3.757
ZAF,South Africa,2044,2020,baseline,280.16657754406776,0.13300947936416527,4.389644857946054,0.0006906785766260258,3.757
ZAF,South Africa,2044,2020,ndc,0.0,0.13300947936416527,-2.3892731691867453,0.0006906785766260258,3.757
ZAF,South Africa,2044,2020,ambitious,233.472147963747,0.13300947936416527,3.410729501438835,0.0006906785766260258,3.757
ZAF,South Africa,2045,2020,baseline,273.96590525255556,0.13300947936416527,4.530601283834445,0.0006768650050935053,3.757
ZAF,South Africa,2045,2020,ndc,0.0,0.13300947936416527,-2.5222826485509104,0.0006768650050935053,3.757
ZAF,South Africa,2045,2020,ambitious,228.3049210539243,0.13300947936416527,3.506024943128594,0.0006768650050935053,3.757
ZAF,South Africa,2046,2020,baseline,267.7821746886158,0.13300947936416527,4.665373979158895,0.0006633277049916352,3.757
ZAF,South Africa,2046,2020,ndc,0.0,0.13300947936416527,-2.6552921279150756,0.0006633277049916352,3.757
ZAF,South Africa,2046,2020,ambitious,223.15181225041252,0.13300947936416527,3.596167276014841,0.0006633277049916352,3.757
ZAF,South Africa,2047,2020,baseline,261.5984441246761,0.13300947936416527,4.793962943919406,0.0006500611508918026,3.757
ZAF,South Africa,2047,2020,ndc,0.0,0.13300947936416527,-2.788301607279241,0.0006500611508918026,3.757
ZAF,South Africa,2047,2020,ambitious,217.9987034469009,0.13300947936416527,3.6811565000975772,0.0006500611508918026,3.757
ZAF,South Africa,2048,2020,baseline,255.4147135607364,0.13300947936416527,4.916368178115977,0.0006370599278739664,3.757
ZAF,South Africa,2048,2020,ndc,0.0,0.13300947936416527,-2.921311086643406,0.0006370599278739664,3.757
ZAF,South Africa,2048,2020,ambitious,212.84559464338918,0.13300947936416527,3.7609926153768014,0.0006370599278739664,3.757
ZAF,South Africa,2049,2020,baseline,249.21404126922423,0.13300947936416527,5.0325727400210365,0.0006243187293164871,3.757
ZAF,South Africa,2049,2020,ndc,0.0,0.13300947936416527,-3.054320566007571,0.0006243187293164871,3.757
ZAF,South Africa,2049,2020,ambitious,207.67836773356646,0.13300947936416527,3.835661503746203,0.0006243187293164871,3.757
ZAF,South Africa,2050,2020,baseline,243.03031070528448,0.13300947936416527,5.142593571362156,0.0006118323547301572,3.757
ZAF,South Africa,2050,2020,ndc,0.0,0.13300947936416527,-3.1873300453717364,0.0006118323547301572,3.757
ZAF,South Africa,2050,2020,ambitious,202.52525893005475,0.13300947936416527,3.9051772833120926,0.0006118323547301572,3.757
